park,year,month,statistic,value,stat1,stat2,stat_desc
CHIS,2011,1,TRV,14343,Rec Visits,rec_visits,Total Recreation Visits
CHIS,2011,1,TNRV,628,Non-Rec Visits,non_rec_visits,Total Non-Recreation Visits
CHIS,2011,1,TV,14971,Total Visits,total_visits,Total Visits (Recreation + Non-Recreation)
CHIS,2011,1,TRVH,50850,Rec Hrs,rec_hrs,Total Recreation Visitor Hours
CHIS,2011,1,TH,65922,Total Hrs,total_hrs,Total Hours (Recreation + Non-Recreation)
CHIS,2011,1,CL,0,Conc Lodging,conc_lodging,Concessioner Lodging Overnight Stays
CHIS,2011,1,CCG,0,Conc Camp,conc_camp,Concessioner Campground Overnight Stays
CHIS,2011,1,TT,0,Tent Camp,tent_camp,Tent Camping Overnight Stays (NPS)
CHIS,2011,1,TRVS,0,Rec Stays,rec_stays,Total Recreation Overnight Stays
CHIS,2011,1,TTRV,0,Tent & RV,tent_rv,Total Tent and RV Camping Stays
CHIS,2011,1,BC,204,Backcountry,backcountry,Backcountry Camping Overnight Stays
CHIS,2011,1,MISC,446,Misc Stays,misc_stays,Miscellaneous Overnight Stays
CHIS,2011,1,NROS,689,Non-Rec Stays,non_rec_stays,Non-Recreation Overnight Stays
CHIS,2011,1,TOS,1339,Total Stays,total_stays,Total Overnight Stays
CHIS,2011,1,TNRVH,15072,Non-Rec Hrs,non_rec_hrs,Total Non-Recreation Visitor Hours
CHIS,2011,2,TRV,5384,Rec Visits,rec_visits,Total Recreation Visits
CHIS,2011,2,TNRV,429,Non-Rec Visits,non_rec_visits,Total Non-Recreation Visits
CHIS,2011,2,TV,5813,Total Visits,total_visits,Total Visits (Recreation + Non-Recreation)
CHIS,2011,2,TRVH,34967,Rec Hrs,rec_hrs,Total Recreation Visitor Hours
CHIS,2011,2,TH,45263,Total Hrs,total_hrs,Total Hours (Recreation + Non-Recreation)
CHIS,2011,2,CL,0,Conc Lodging,conc_lodging,Concessioner Lodging Overnight Stays
CHIS,2011,2,CCG,0,Conc Camp,conc_camp,Concessioner Campground Overnight Stays
CHIS,2011,2,TT,0,Tent Camp,tent_camp,Tent Camping Overnight Stays (NPS)
CHIS,2011,2,TRVS,0,Rec Stays,rec_stays,Total Recreation Overnight Stays
CHIS,2011,2,TTRV,0,Tent & RV,tent_rv,Total Tent and RV Camping Stays
CHIS,2011,2,BC,249,Backcountry,backcountry,Backcountry Camping Overnight Stays
CHIS,2011,2,MISC,392,Misc Stays,misc_stays,Miscellaneous Overnight Stays
CHIS,2011,2,NROS,783,Non-Rec Stays,non_rec_stays,Non-Recreation Overnight Stays
CHIS,2011,2,TOS,1424,Total Stays,total_stays,Total Overnight Stays
CHIS,2011,2,TNRVH,10296,Non-Rec Hrs,non_rec_hrs,Total Non-Recreation Visitor Hours
CHIS,2011,3,TRV,16432,Rec Visits,rec_visits,Total Recreation Visits
CHIS,2011,3,TNRV,580,Non-Rec Visits,non_rec_visits,Total Non-Recreation Visits
CHIS,2011,3,TV,17012,Total Visits,total_visits,Total Visits (Recreation + Non-Recreation)
CHIS,2011,3,TRVH,37892,Rec Hrs,rec_hrs,Total Recreation Visitor Hours
CHIS,2011,3,TH,51812,Total Hrs,total_hrs,Total Hours (Recreation + Non-Recreation)
CHIS,2011,3,CL,0,Conc Lodging,conc_lodging,Concessioner Lodging Overnight Stays
CHIS,2011,3,CCG,0,Conc Camp,conc_camp,Concessioner Campground Overnight Stays
CHIS,2011,3,TT,0,Tent Camp,tent_camp,Tent Camping Overnight Stays (NPS)
CHIS,2011,3,TRVS,0,Rec Stays,rec_stays,Total Recreation Overnight Stays
CHIS,2011,3,TTRV,0,Tent & RV,tent_rv,Total Tent and RV Camping Stays
CHIS,2011,3,BC,2547,Backcountry,backcountry,Backcountry Camping Overnight Stays
CHIS,2011,3,MISC,842,Misc Stays,misc_stays,Miscellaneous Overnight Stays
CHIS,2011,3,NROS,1211,Non-Rec Stays,non_rec_stays,Non-Recreation Overnight Stays
CHIS,2011,3,TOS,4600,Total Stays,total_stays,Total Overnight Stays
CHIS,2011,3,TNRVH,13920,Non-Rec Hrs,non_rec_hrs,Total Non-Recreation Visitor Hours
CHIS,2011,4,TRV,24939,Rec Visits,rec_visits,Total Recreation Visits
CHIS,2011,4,TNRV,808,Non-Rec Visits,non_rec_visits,Total Non-Recreation Visits
CHIS,2011,4,TV,25747,Total Visits,total_visits,Total Visits (Recreation + Non-Recreation)
CHIS,2011,4,TRVH,170618,Rec Hrs,rec_hrs,Total Recreation Visitor Hours
CHIS,2011,4,TH,190010,Total Hrs,total_hrs,Total Hours (Recreation + Non-Recreation)
CHIS,2011,4,CL,0,Conc Lodging,conc_lodging,Concessioner Lodging Overnight Stays
CHIS,2011,4,CCG,0,Conc Camp,conc_camp,Concessioner Campground Overnight Stays
CHIS,2011,4,TT,0,Tent Camp,tent_camp,Tent Camping Overnight Stays (NPS)
CHIS,2011,4,TRVS,0,Rec Stays,rec_stays,Total Recreation Overnight Stays
CHIS,2011,4,TTRV,0,Tent & RV,tent_rv,Total Tent and RV Camping Stays
CHIS,2011,4,BC,1809,Backcountry,backcountry,Backcountry Camping Overnight Stays
CHIS,2011,4,MISC,608,Misc Stays,misc_stays,Miscellaneous Overnight Stays
CHIS,2011,4,NROS,792,Non-Rec Stays,non_rec_stays,Non-Recreation Overnight Stays
CHIS,2011,4,TOS,3209,Total Stays,total_stays,Total Overnight Stays
CHIS,2011,4,TNRVH,19392,Non-Rec Hrs,non_rec_hrs,Total Non-Recreation Visitor Hours
CHIS,2011,5,TRV,20563,Rec Visits,rec_visits,Total Recreation Visits
CHIS,2011,5,TNRV,828,Non-Rec Visits,non_rec_visits,Total Non-Recreation Visits
CHIS,2011,5,TV,21391,Total Visits,total_visits,Total Visits (Recreation + Non-Recreation)
CHIS,2011,5,TRVH,110409,Rec Hrs,rec_hrs,Total Recreation Visitor Hours
CHIS,2011,5,TH,130281,Total Hrs,total_hrs,Total Hours (Recreation + Non-Recreation)
CHIS,2011,5,CL,0,Conc Lodging,conc_lodging,Concessioner Lodging Overnight Stays
CHIS,2011,5,CCG,0,Conc Camp,conc_camp,Concessioner Campground Overnight Stays
CHIS,2011,5,TT,0,Tent Camp,tent_camp,Tent Camping Overnight Stays (NPS)
CHIS,2011,5,TRVS,0,Rec Stays,rec_stays,Total Recreation Overnight Stays
CHIS,2011,5,TTRV,0,Tent & RV,tent_rv,Total Tent and RV Camping Stays
CHIS,2011,5,BC,1244,Backcountry,backcountry,Backcountry Camping Overnight Stays
CHIS,2011,5,MISC,491,Misc Stays,misc_stays,Miscellaneous Overnight Stays
CHIS,2011,5,NROS,639,Non-Rec Stays,non_rec_stays,Non-Recreation Overnight Stays
CHIS,2011,5,TOS,2374,Total Stays,total_stays,Total Overnight Stays
CHIS,2011,5,TNRVH,19872,Non-Rec Hrs,non_rec_hrs,Total Non-Recreation Visitor Hours
CHIS,2011,6,TRV,27136,Rec Visits,rec_visits,Total Recreation Visits
CHIS,2011,6,TNRV,1407,Non-Rec Visits,non_rec_visits,Total Non-Recreation Visits
CHIS,2011,6,TV,28543,Total Visits,total_visits,Total Visits (Recreation + Non-Recreation)
CHIS,2011,6,TRVH,180023,Rec Hrs,rec_hrs,Total Recreation Visitor Hours
CHIS,2011,6,TH,213791,Total Hrs,total_hrs,Total Hours (Recreation + Non-Recreation)
CHIS,2011,6,CL,0,Conc Lodging,conc_lodging,Concessioner Lodging Overnight Stays
CHIS,2011,6,CCG,0,Conc Camp,conc_camp,Concessioner Campground Overnight Stays
CHIS,2011,6,TT,0,Tent Camp,tent_camp,Tent Camping Overnight Stays (NPS)
CHIS,2011,6,TRVS,0,Rec Stays,rec_stays,Total Recreation Overnight Stays
CHIS,2011,6,TTRV,0,Tent & RV,tent_rv,Total Tent and RV Camping Stays
CHIS,2011,6,BC,1780,Backcountry,backcountry,Backcountry Camping Overnight Stays
CHIS,2011,6,MISC,3362,Misc Stays,misc_stays,Miscellaneous Overnight Stays
CHIS,2011,6,NROS,941,Non-Rec Stays,non_rec_stays,Non-Recreation Overnight Stays
CHIS,2011,6,TOS,6083,Total Stays,total_stays,Total Overnight Stays
CHIS,2011,6,TNRVH,33768,Non-Rec Hrs,non_rec_hrs,Total Non-Recreation Visitor Hours
CHIS,2011,7,TRV,38637,Rec Visits,rec_visits,Total Recreation Visits
CHIS,2011,7,TNRV,1045,Non-Rec Visits,non_rec_visits,Total Non-Recreation Visits
CHIS,2011,7,TV,39682,Total Visits,total_visits,Total Visits (Recreation + Non-Recreation)
CHIS,2011,7,TRVH,344675,Rec Hrs,rec_hrs,Total Recreation Visitor Hours
CHIS,2011,7,TH,369755,Total Hrs,total_hrs,Total Hours (Recreation + Non-Recreation)
CHIS,2011,7,CL,0,Conc Lodging,conc_lodging,Concessioner Lodging Overnight Stays
CHIS,2011,7,CCG,0,Conc Camp,conc_camp,Concessioner Campground Overnight Stays
CHIS,2011,7,TT,0,Tent Camp,tent_camp,Tent Camping Overnight Stays (NPS)
CHIS,2011,7,TRVS,0,Rec Stays,rec_stays,Total Recreation Overnight Stays
CHIS,2011,7,TTRV,0,Tent & RV,tent_rv,Total Tent and RV Camping Stays
CHIS,2011,7,BC,3166,Backcountry,backcountry,Backcountry Camping Overnight Stays
CHIS,2011,7,MISC,6390,Misc Stays,misc_stays,Miscellaneous Overnight Stays
CHIS,2011,7,NROS,1521,Non-Rec Stays,non_rec_stays,Non-Recreation Overnight Stays
CHIS,2011,7,TOS,11077,Total Stays,total_stays,Total Overnight Stays
CHIS,2011,7,TNRVH,25080,Non-Rec Hrs,non_rec_hrs,Total Non-Recreation Visitor Hours
CHIS,2011,8,TRV,30872,Rec Visits,rec_visits,Total Recreation Visits
CHIS,2011,8,TNRV,705,Non-Rec Visits,non_rec_visits,Total Non-Recreation Visits
CHIS,2011,8,TV,31577,Total Visits,total_visits,Total Visits (Recreation + Non-Recreation)
CHIS,2011,8,TRVH,297918,Rec Hrs,rec_hrs,Total Recreation Visitor Hours
CHIS,2011,8,TH,314838,Total Hrs,total_hrs,Total Hours (Recreation + Non-Recreation)
CHIS,2011,8,CL,0,Conc Lodging,conc_lodging,Concessioner Lodging Overnight Stays
CHIS,2011,8,CCG,0,Conc Camp,conc_camp,Concessioner Campground Overnight Stays
CHIS,2011,8,TT,0,Tent Camp,tent_camp,Tent Camping Overnight Stays (NPS)
CHIS,2011,8,TRVS,0,Rec Stays,rec_stays,Total Recreation Overnight Stays
CHIS,2011,8,TTRV,0,Tent & RV,tent_rv,Total Tent and RV Camping Stays
CHIS,2011,8,BC,3519,Backcountry,backcountry,Backcountry Camping Overnight Stays
CHIS,2011,8,MISC,5594,Misc Stays,misc_stays,Miscellaneous Overnight Stays
CHIS,2011,8,NROS,797,Non-Rec Stays,non_rec_stays,Non-Recreation Overnight Stays
CHIS,2011,8,TOS,9910,Total Stays,total_stays,Total Overnight Stays
CHIS,2011,8,TNRVH,16920,Non-Rec Hrs,non_rec_hrs,Total Non-Recreation Visitor Hours
CHIS,2011,9,TRV,21264,Rec Visits,rec_visits,Total Recreation Visits
CHIS,2011,9,TNRV,1216,Non-Rec Visits,non_rec_visits,Total Non-Recreation Visits
CHIS,2011,9,TV,22480,Total Visits,total_visits,Total Visits (Recreation + Non-Recreation)
CHIS,2011,9,TRVH,172907,Rec Hrs,rec_hrs,Total Recreation Visitor Hours
CHIS,2011,9,TH,202091,Total Hrs,total_hrs,Total Hours (Recreation + Non-Recreation)
CHIS,2011,9,CL,0,Conc Lodging,conc_lodging,Concessioner Lodging Overnight Stays
CHIS,2011,9,CCG,0,Conc Camp,conc_camp,Concessioner Campground Overnight Stays
CHIS,2011,9,TT,0,Tent Camp,tent_camp,Tent Camping Overnight Stays (NPS)
CHIS,2011,9,TRVS,0,Rec Stays,rec_stays,Total Recreation Overnight Stays
CHIS,2011,9,TTRV,0,Tent & RV,tent_rv,Total Tent and RV Camping Stays
CHIS,2011,9,BC,3158,Backcountry,backcountry,Backcountry Camping Overnight Stays
CHIS,2011,9,MISC,3866,Misc Stays,misc_stays,Miscellaneous Overnight Stays
CHIS,2011,9,NROS,900,Non-Rec Stays,non_rec_stays,Non-Recreation Overnight Stays
CHIS,2011,9,TOS,7924,Total Stays,total_stays,Total Overnight Stays
CHIS,2011,9,TNRVH,29184,Non-Rec Hrs,non_rec_hrs,Total Non-Recreation Visitor Hours
CHIS,2011,10,TRV,19337,Rec Visits,rec_visits,Total Recreation Visits
CHIS,2011,10,TNRV,801,Non-Rec Visits,non_rec_visits,Total Non-Recreation Visits
CHIS,2011,10,TV,20138,Total Visits,total_visits,Total Visits (Recreation + Non-Recreation)
CHIS,2011,10,TRVH,163704,Rec Hrs,rec_hrs,Total Recreation Visitor Hours
CHIS,2011,10,TH,182928,Total Hrs,total_hrs,Total Hours (Recreation + Non-Recreation)
CHIS,2011,10,CL,0,Conc Lodging,conc_lodging,Concessioner Lodging Overnight Stays
CHIS,2011,10,CCG,0,Conc Camp,conc_camp,Concessioner Campground Overnight Stays
CHIS,2011,10,TT,0,Tent Camp,tent_camp,Tent Camping Overnight Stays (NPS)
CHIS,2011,10,TRVS,0,Rec Stays,rec_stays,Total Recreation Overnight Stays
CHIS,2011,10,TTRV,0,Tent & RV,tent_rv,Total Tent and RV Camping Stays
CHIS,2011,10,BC,3216,Backcountry,backcountry,Backcountry Camping Overnight Stays
CHIS,2011,10,MISC,3512,Misc Stays,misc_stays,Miscellaneous Overnight Stays
CHIS,2011,10,NROS,1431,Non-Rec Stays,non_rec_stays,Non-Recreation Overnight Stays
CHIS,2011,10,TOS,8159,Total Stays,total_stays,Total Overnight Stays
CHIS,2011,10,TNRVH,19224,Non-Rec Hrs,non_rec_hrs,Total Non-Recreation Visitor Hours
CHIS,2011,11,TRV,11667,Rec Visits,rec_visits,Total Recreation Visits
CHIS,2011,11,TNRV,224,Non-Rec Visits,non_rec_visits,Total Non-Recreation Visits
CHIS,2011,11,TV,11891,Total Visits,total_visits,Total Visits (Recreation + Non-Recreation)
CHIS,2011,11,TRVH,45410,Rec Hrs,rec_hrs,Total Recreation Visitor Hours
CHIS,2011,11,TH,50786,Total Hrs,total_hrs,Total Hours (Recreation + Non-Recreation)
CHIS,2011,11,CL,0,Conc Lodging,conc_lodging,Concessioner Lodging Overnight Stays
CHIS,2011,11,CCG,0,Conc Camp,conc_camp,Concessioner Campground Overnight Stays
CHIS,2011,11,TT,0,Tent Camp,tent_camp,Tent Camping Overnight Stays (NPS)
CHIS,2011,11,TRVS,0,Rec Stays,rec_stays,Total Recreation Overnight Stays
CHIS,2011,11,TTRV,0,Tent & RV,tent_rv,Total Tent and RV Camping Stays
CHIS,2011,11,BC,811,Backcountry,backcountry,Backcountry Camping Overnight Stays
CHIS,2011,11,MISC,1049,Misc Stays,misc_stays,Miscellaneous Overnight Stays
CHIS,2011,11,NROS,509,Non-Rec Stays,non_rec_stays,Non-Recreation Overnight Stays
CHIS,2011,11,TOS,2369,Total Stays,total_stays,Total Overnight Stays
CHIS,2011,11,TNRVH,5376,Non-Rec Hrs,non_rec_hrs,Total Non-Recreation Visitor Hours
CHIS,2011,12,TRV,12182,Rec Visits,rec_visits,Total Recreation Visits
CHIS,2011,12,TNRV,385,Non-Rec Visits,non_rec_visits,Total Non-Recreation Visits
CHIS,2011,12,TV,12567,Total Visits,total_visits,Total Visits (Recreation + Non-Recreation)
CHIS,2011,12,TRVH,51605,Rec Hrs,rec_hrs,Total Recreation Visitor Hours
CHIS,2011,12,TH,60845,Total Hrs,total_hrs,Total Hours (Recreation + Non-Recreation)
CHIS,2011,12,CL,0,Conc Lodging,conc_lodging,Concessioner Lodging Overnight Stays
CHIS,2011,12,CCG,0,Conc Camp,conc_camp,Concessioner Campground Overnight Stays
CHIS,2011,12,TT,0,Tent Camp,tent_camp,Tent Camping Overnight Stays (NPS)
CHIS,2011,12,TRVS,0,Rec Stays,rec_stays,Total Recreation Overnight Stays
CHIS,2011,12,TTRV,0,Tent & RV,tent_rv,Total Tent and RV Camping Stays
CHIS,2011,12,BC,1128,Backcountry,backcountry,Backcountry Camping Overnight Stays
CHIS,2011,12,MISC,601,Misc Stays,misc_stays,Miscellaneous Overnight Stays
CHIS,2011,12,NROS,725,Non-Rec Stays,non_rec_stays,Non-Recreation Overnight Stays
CHIS,2011,12,TOS,2454,Total Stays,total_stays,Total Overnight Stays
CHIS,2011,12,TNRVH,9240,Non-Rec Hrs,non_rec_hrs,Total Non-Recreation Visitor Hours
CHIS,2002,1,TRV,36653,Rec Visits,rec_visits,Total Recreation Visits
CHIS,2002,1,TNRV,1367,Non-Rec Visits,non_rec_visits,Total Non-Recreation Visits
CHIS,2002,1,TV,38020,Total Visits,total_visits,Total Visits (Recreation + Non-Recreation)
CHIS,2002,1,TRVH,277962,Rec Hrs,rec_hrs,Total Recreation Visitor Hours
CHIS,2002,1,TH,310770,Total Hrs,total_hrs,Total Hours (Recreation + Non-Recreation)
CHIS,2002,1,CL,0,Conc Lodging,conc_lodging,Concessioner Lodging Overnight Stays
CHIS,2002,1,CCG,0,Conc Camp,conc_camp,Concessioner Campground Overnight Stays
CHIS,2002,1,TT,0,Tent Camp,tent_camp,Tent Camping Overnight Stays (NPS)
CHIS,2002,1,TRVS,0,Rec Stays,rec_stays,Total Recreation Overnight Stays
CHIS,2002,1,TTRV,0,Tent & RV,tent_rv,Total Tent and RV Camping Stays
CHIS,2002,1,BC,144,Backcountry,backcountry,Backcountry Camping Overnight Stays
CHIS,2002,1,MISC,4122,Misc Stays,misc_stays,Miscellaneous Overnight Stays
CHIS,2002,1,NROS,2903,Non-Rec Stays,non_rec_stays,Non-Recreation Overnight Stays
CHIS,2002,1,TOS,7169,Total Stays,total_stays,Total Overnight Stays
CHIS,2002,1,TNRVH,32808,Non-Rec Hrs,non_rec_hrs,Total Non-Recreation Visitor Hours
CHIS,2002,2,TRV,39572,Rec Visits,rec_visits,Total Recreation Visits
CHIS,2002,2,TNRV,1631,Non-Rec Visits,non_rec_visits,Total Non-Recreation Visits
CHIS,2002,2,TV,41203,Total Visits,total_visits,Total Visits (Recreation + Non-Recreation)
CHIS,2002,2,TRVH,336347,Rec Hrs,rec_hrs,Total Recreation Visitor Hours
CHIS,2002,2,TH,375491,Total Hrs,total_hrs,Total Hours (Recreation + Non-Recreation)
CHIS,2002,2,CL,0,Conc Lodging,conc_lodging,Concessioner Lodging Overnight Stays
CHIS,2002,2,CCG,0,Conc Camp,conc_camp,Concessioner Campground Overnight Stays
CHIS,2002,2,TT,0,Tent Camp,tent_camp,Tent Camping Overnight Stays (NPS)
CHIS,2002,2,TRVS,0,Rec Stays,rec_stays,Total Recreation Overnight Stays
CHIS,2002,2,TTRV,0,Tent & RV,tent_rv,Total Tent and RV Camping Stays
CHIS,2002,2,BC,89,Backcountry,backcountry,Backcountry Camping Overnight Stays
CHIS,2002,2,MISC,2336,Misc Stays,misc_stays,Miscellaneous Overnight Stays
CHIS,2002,2,NROS,4023,Non-Rec Stays,non_rec_stays,Non-Recreation Overnight Stays
CHIS,2002,2,TOS,6448,Total Stays,total_stays,Total Overnight Stays
CHIS,2002,2,TNRVH,39144,Non-Rec Hrs,non_rec_hrs,Total Non-Recreation Visitor Hours
CHIS,2002,3,TRV,53729,Rec Visits,rec_visits,Total Recreation Visits
CHIS,2002,3,TNRV,1375,Non-Rec Visits,non_rec_visits,Total Non-Recreation Visits
CHIS,2002,3,TV,55104,Total Visits,total_visits,Total Visits (Recreation + Non-Recreation)
CHIS,2002,3,TRVH,651911,Rec Hrs,rec_hrs,Total Recreation Visitor Hours
CHIS,2002,3,TH,684911,Total Hrs,total_hrs,Total Hours (Recreation + Non-Recreation)
CHIS,2002,3,CL,0,Conc Lodging,conc_lodging,Concessioner Lodging Overnight Stays
CHIS,2002,3,CCG,0,Conc Camp,conc_camp,Concessioner Campground Overnight Stays
CHIS,2002,3,TT,0,Tent Camp,tent_camp,Tent Camping Overnight Stays (NPS)
CHIS,2002,3,TRVS,0,Rec Stays,rec_stays,Total Recreation Overnight Stays
CHIS,2002,3,TTRV,0,Tent & RV,tent_rv,Total Tent and RV Camping Stays
CHIS,2002,3,BC,424,Backcountry,backcountry,Backcountry Camping Overnight Stays
CHIS,2002,3,MISC,3578,Misc Stays,misc_stays,Miscellaneous Overnight Stays
CHIS,2002,3,NROS,3542,Non-Rec Stays,non_rec_stays,Non-Recreation Overnight Stays
CHIS,2002,3,TOS,7544,Total Stays,total_stays,Total Overnight Stays
CHIS,2002,3,TNRVH,33000,Non-Rec Hrs,non_rec_hrs,Total Non-Recreation Visitor Hours
CHIS,2002,4,TRV,68305,Rec Visits,rec_visits,Total Recreation Visits
CHIS,2002,4,TNRV,2070,Non-Rec Visits,non_rec_visits,Total Non-Recreation Visits
CHIS,2002,4,TV,70375,Total Visits,total_visits,Total Visits (Recreation + Non-Recreation)
CHIS,2002,4,TRVH,894506,Rec Hrs,rec_hrs,Total Recreation Visitor Hours
CHIS,2002,4,TH,944186,Total Hrs,total_hrs,Total Hours (Recreation + Non-Recreation)
CHIS,2002,4,CL,0,Conc Lodging,conc_lodging,Concessioner Lodging Overnight Stays
CHIS,2002,4,CCG,0,Conc Camp,conc_camp,Concessioner Campground Overnight Stays
CHIS,2002,4,TT,0,Tent Camp,tent_camp,Tent Camping Overnight Stays (NPS)
CHIS,2002,4,TRVS,0,Rec Stays,rec_stays,Total Recreation Overnight Stays
CHIS,2002,4,TTRV,0,Tent & RV,tent_rv,Total Tent and RV Camping Stays
CHIS,2002,4,BC,969,Backcountry,backcountry,Backcountry Camping Overnight Stays
CHIS,2002,4,MISC,5652,Misc Stays,misc_stays,Miscellaneous Overnight Stays
CHIS,2002,4,NROS,4923,Non-Rec Stays,non_rec_stays,Non-Recreation Overnight Stays
CHIS,2002,4,TOS,11544,Total Stays,total_stays,Total Overnight Stays
CHIS,2002,4,TNRVH,49680,Non-Rec Hrs,non_rec_hrs,Total Non-Recreation Visitor Hours
CHIS,2002,5,TRV,73469,Rec Visits,rec_visits,Total Recreation Visits
CHIS,2002,5,TNRV,2511,Non-Rec Visits,non_rec_visits,Total Non-Recreation Visits
CHIS,2002,5,TV,75980,Total Visits,total_visits,Total Visits (Recreation + Non-Recreation)
CHIS,2002,5,TRVH,1008515,Rec Hrs,rec_hrs,Total Recreation Visitor Hours
CHIS,2002,5,TH,1068779,Total Hrs,total_hrs,Total Hours (Recreation + Non-Recreation)
CHIS,2002,5,CL,0,Conc Lodging,conc_lodging,Concessioner Lodging Overnight Stays
CHIS,2002,5,CCG,0,Conc Camp,conc_camp,Concessioner Campground Overnight Stays
CHIS,2002,5,TT,0,Tent Camp,tent_camp,Tent Camping Overnight Stays (NPS)
CHIS,2002,5,TRVS,0,Rec Stays,rec_stays,Total Recreation Overnight Stays
CHIS,2002,5,TTRV,0,Tent & RV,tent_rv,Total Tent and RV Camping Stays
CHIS,2002,5,BC,2013,Backcountry,backcountry,Backcountry Camping Overnight Stays
CHIS,2002,5,MISC,9392,Misc Stays,misc_stays,Miscellaneous Overnight Stays
CHIS,2002,5,NROS,8798,Non-Rec Stays,non_rec_stays,Non-Recreation Overnight Stays
CHIS,2002,5,TOS,20203,Total Stays,total_stays,Total Overnight Stays
CHIS,2002,5,TNRVH,60264,Non-Rec Hrs,non_rec_hrs,Total Non-Recreation Visitor Hours
CHIS,2002,6,TRV,56850,Rec Visits,rec_visits,Total Recreation Visits
CHIS,2002,6,TNRV,1520,Non-Rec Visits,non_rec_visits,Total Non-Recreation Visits
CHIS,2002,6,TV,58370,Total Visits,total_visits,Total Visits (Recreation + Non-Recreation)
CHIS,2002,6,TRVH,567413,Rec Hrs,rec_hrs,Total Recreation Visitor Hours
CHIS,2002,6,TH,603893,Total Hrs,total_hrs,Total Hours (Recreation + Non-Recreation)
CHIS,2002,6,CL,0,Conc Lodging,conc_lodging,Concessioner Lodging Overnight Stays
CHIS,2002,6,CCG,0,Conc Camp,conc_camp,Concessioner Campground Overnight Stays
CHIS,2002,6,TT,0,Tent Camp,tent_camp,Tent Camping Overnight Stays (NPS)
CHIS,2002,6,TRVS,0,Rec Stays,rec_stays,Total Recreation Overnight Stays
CHIS,2002,6,TTRV,0,Tent & RV,tent_rv,Total Tent and RV Camping Stays
CHIS,2002,6,BC,1676,Backcountry,backcountry,Backcountry Camping Overnight Stays
CHIS,2002,6,MISC,7817,Misc Stays,misc_stays,Miscellaneous Overnight Stays
CHIS,2002,6,NROS,1557,Non-Rec Stays,non_rec_stays,Non-Recreation Overnight Stays
CHIS,2002,6,TOS,11050,Total Stays,total_stays,Total Overnight Stays
CHIS,2002,6,TNRVH,36480,Non-Rec Hrs,non_rec_hrs,Total Non-Recreation Visitor Hours
CHIS,2002,7,TRV,60572,Rec Visits,rec_visits,Total Recreation Visits
CHIS,2002,7,TNRV,1265,Non-Rec Visits,non_rec_visits,Total Non-Recreation Visits
CHIS,2002,7,TV,61837,Total Visits,total_visits,Total Visits (Recreation + Non-Recreation)
CHIS,2002,7,TRVH,665855,Rec Hrs,rec_hrs,Total Recreation Visitor Hours
CHIS,2002,7,TH,696215,Total Hrs,total_hrs,Total Hours (Recreation + Non-Recreation)
CHIS,2002,7,CL,0,Conc Lodging,conc_lodging,Concessioner Lodging Overnight Stays
CHIS,2002,7,CCG,0,Conc Camp,conc_camp,Concessioner Campground Overnight Stays
CHIS,2002,7,TT,0,Tent Camp,tent_camp,Tent Camping Overnight Stays (NPS)
CHIS,2002,7,TRVS,0,Rec Stays,rec_stays,Total Recreation Overnight Stays
CHIS,2002,7,TTRV,0,Tent & RV,tent_rv,Total Tent and RV Camping Stays
CHIS,2002,7,BC,1742,Backcountry,backcountry,Backcountry Camping Overnight Stays
CHIS,2002,7,MISC,15444,Misc Stays,misc_stays,Miscellaneous Overnight Stays
CHIS,2002,7,NROS,1553,Non-Rec Stays,non_rec_stays,Non-Recreation Overnight Stays
CHIS,2002,7,TOS,18739,Total Stays,total_stays,Total Overnight Stays
CHIS,2002,7,TNRVH,30360,Non-Rec Hrs,non_rec_hrs,Total Non-Recreation Visitor Hours
CHIS,2002,8,TRV,69022,Rec Visits,rec_visits,Total Recreation Visits
CHIS,2002,8,TNRV,1803,Non-Rec Visits,non_rec_visits,Total Non-Recreation Visits
CHIS,2002,8,TV,70825,Total Visits,total_visits,Total Visits (Recreation + Non-Recreation)
CHIS,2002,8,TRVH,932709,Rec Hrs,rec_hrs,Total Recreation Visitor Hours
CHIS,2002,8,TH,975981,Total Hrs,total_hrs,Total Hours (Recreation + Non-Recreation)
CHIS,2002,8,CL,0,Conc Lodging,conc_lodging,Concessioner Lodging Overnight Stays
CHIS,2002,8,CCG,0,Conc Camp,conc_camp,Concessioner Campground Overnight Stays
CHIS,2002,8,TT,0,Tent Camp,tent_camp,Tent Camping Overnight Stays (NPS)
CHIS,2002,8,TRVS,0,Rec Stays,rec_stays,Total Recreation Overnight Stays
CHIS,2002,8,TTRV,0,Tent & RV,tent_rv,Total Tent and RV Camping Stays
CHIS,2002,8,BC,2863,Backcountry,backcountry,Backcountry Camping Overnight Stays
CHIS,2002,8,MISC,21159,Misc Stays,misc_stays,Miscellaneous Overnight Stays
CHIS,2002,8,NROS,5661,Non-Rec Stays,non_rec_stays,Non-Recreation Overnight Stays
CHIS,2002,8,TOS,29683,Total Stays,total_stays,Total Overnight Stays
CHIS,2002,8,TNRVH,43272,Non-Rec Hrs,non_rec_hrs,Total Non-Recreation Visitor Hours
CHIS,2002,9,TRV,54380,Rec Visits,rec_visits,Total Recreation Visits
CHIS,2002,9,TNRV,1494,Non-Rec Visits,non_rec_visits,Total Non-Recreation Visits
CHIS,2002,9,TV,55874,Total Visits,total_visits,Total Visits (Recreation + Non-Recreation)
CHIS,2002,9,TRVH,640658,Rec Hrs,rec_hrs,Total Recreation Visitor Hours
CHIS,2002,9,TH,676514,Total Hrs,total_hrs,Total Hours (Recreation + Non-Recreation)
CHIS,2002,9,CL,0,Conc Lodging,conc_lodging,Concessioner Lodging Overnight Stays
CHIS,2002,9,CCG,0,Conc Camp,conc_camp,Concessioner Campground Overnight Stays
CHIS,2002,9,TT,0,Tent Camp,tent_camp,Tent Camping Overnight Stays (NPS)
CHIS,2002,9,TRVS,0,Rec Stays,rec_stays,Total Recreation Overnight Stays
CHIS,2002,9,TTRV,0,Tent & RV,tent_rv,Total Tent and RV Camping Stays
CHIS,2002,9,BC,2112,Backcountry,backcountry,Backcountry Camping Overnight Stays
CHIS,2002,9,MISC,15345,Misc Stays,misc_stays,Miscellaneous Overnight Stays
CHIS,2002,9,NROS,1656,Non-Rec Stays,non_rec_stays,Non-Recreation Overnight Stays
CHIS,2002,9,TOS,19113,Total Stays,total_stays,Total Overnight Stays
CHIS,2002,9,TNRVH,35856,Non-Rec Hrs,non_rec_hrs,Total Non-Recreation Visitor Hours
CHIS,2002,10,TRV,37715,Rec Visits,rec_visits,Total Recreation Visits
CHIS,2002,10,TNRV,1239,Non-Rec Visits,non_rec_visits,Total Non-Recreation Visits
CHIS,2002,10,TV,38954,Total Visits,total_visits,Total Visits (Recreation + Non-Recreation)
CHIS,2002,10,TRVH,456551,Rec Hrs,rec_hrs,Total Recreation Visitor Hours
CHIS,2002,10,TH,486287,Total Hrs,total_hrs,Total Hours (Recreation + Non-Recreation)
CHIS,2002,10,CL,0,Conc Lodging,conc_lodging,Concessioner Lodging Overnight Stays
CHIS,2002,10,CCG,0,Conc Camp,conc_camp,Concessioner Campground Overnight Stays
CHIS,2002,10,TT,0,Tent Camp,tent_camp,Tent Camping Overnight Stays (NPS)
CHIS,2002,10,TRVS,0,Rec Stays,rec_stays,Total Recreation Overnight Stays
CHIS,2002,10,TTRV,0,Tent & RV,tent_rv,Total Tent and RV Camping Stays
CHIS,2002,10,BC,963,Backcountry,backcountry,Backcountry Camping Overnight Stays
CHIS,2002,10,MISC,5157,Misc Stays,misc_stays,Miscellaneous Overnight Stays
CHIS,2002,10,NROS,1544,Non-Rec Stays,non_rec_stays,Non-Recreation Overnight Stays
CHIS,2002,10,TOS,7664,Total Stays,total_stays,Total Overnight Stays
CHIS,2002,10,TNRVH,29736,Non-Rec Hrs,non_rec_hrs,Total Non-Recreation Visitor Hours
CHIS,2002,11,TRV,32613,Rec Visits,rec_visits,Total Recreation Visits
CHIS,2002,11,TNRV,1415,Non-Rec Visits,non_rec_visits,Total Non-Recreation Visits
CHIS,2002,11,TV,34028,Total Visits,total_visits,Total Visits (Recreation + Non-Recreation)
CHIS,2002,11,TRVH,278280,Rec Hrs,rec_hrs,Total Recreation Visitor Hours
CHIS,2002,11,TH,312240,Total Hrs,total_hrs,Total Hours (Recreation + Non-Recreation)
CHIS,2002,11,CL,0,Conc Lodging,conc_lodging,Concessioner Lodging Overnight Stays
CHIS,2002,11,CCG,0,Conc Camp,conc_camp,Concessioner Campground Overnight Stays
CHIS,2002,11,TT,0,Tent Camp,tent_camp,Tent Camping Overnight Stays (NPS)
CHIS,2002,11,TRVS,0,Rec Stays,rec_stays,Total Recreation Overnight Stays
CHIS,2002,11,TTRV,0,Tent & RV,tent_rv,Total Tent and RV Camping Stays
CHIS,2002,11,BC,224,Backcountry,backcountry,Backcountry Camping Overnight Stays
CHIS,2002,11,MISC,1499,Misc Stays,misc_stays,Miscellaneous Overnight Stays
CHIS,2002,11,NROS,1103,Non-Rec Stays,non_rec_stays,Non-Recreation Overnight Stays
CHIS,2002,11,TOS,2826,Total Stays,total_stays,Total Overnight Stays
CHIS,2002,11,TNRVH,33960,Non-Rec Hrs,non_rec_hrs,Total Non-Recreation Visitor Hours
CHIS,2002,12,TRV,31055,Rec Visits,rec_visits,Total Recreation Visits
CHIS,2002,12,TNRV,83,Non-Rec Visits,non_rec_visits,Total Non-Recreation Visits
CHIS,2002,12,TV,31138,Total Visits,total_visits,Total Visits (Recreation + Non-Recreation)
CHIS,2002,12,TRVH,161489,Rec Hrs,rec_hrs,Total Recreation Visitor Hours
CHIS,2002,12,TH,163481,Total Hrs,total_hrs,Total Hours (Recreation + Non-Recreation)
CHIS,2002,12,CL,0,Conc Lodging,conc_lodging,Concessioner Lodging Overnight Stays
CHIS,2002,12,CCG,0,Conc Camp,conc_camp,Concessioner Campground Overnight Stays
CHIS,2002,12,TT,0,Tent Camp,tent_camp,Tent Camping Overnight Stays (NPS)
CHIS,2002,12,TRVS,0,Rec Stays,rec_stays,Total Recreation Overnight Stays
CHIS,2002,12,TTRV,0,Tent & RV,tent_rv,Total Tent and RV Camping Stays
CHIS,2002,12,BC,119,Backcountry,backcountry,Backcountry Camping Overnight Stays
CHIS,2002,12,MISC,617,Misc Stays,misc_stays,Miscellaneous Overnight Stays
CHIS,2002,12,NROS,99,Non-Rec Stays,non_rec_stays,Non-Recreation Overnight Stays
CHIS,2002,12,TOS,835,Total Stays,total_stays,Total Overnight Stays
CHIS,2002,12,TNRVH,1992,Non-Rec Hrs,non_rec_hrs,Total Non-Recreation Visitor Hours
CHIS,1979,1,TRV,2732,Rec Visits,rec_visits,Total Recreation Visits
CHIS,1979,1,TNRV,200,Non-Rec Visits,non_rec_visits,Total Non-Recreation Visits
CHIS,1979,1,TV,2932,Total Visits,total_visits,Total Visits (Recreation + Non-Recreation)
CHIS,1979,1,TRVH,16392,Rec Hrs,rec_hrs,Total Recreation Visitor Hours
CHIS,1979,1,TH,17592,Total Hrs,total_hrs,Total Hours (Recreation + Non-Recreation)
CHIS,1979,1,CL,0,Conc Lodging,conc_lodging,Concessioner Lodging Overnight Stays
CHIS,1979,1,CCG,0,Conc Camp,conc_camp,Concessioner Campground Overnight Stays
CHIS,1979,1,TT,0,Tent Camp,tent_camp,Tent Camping Overnight Stays (NPS)
CHIS,1979,1,TRVS,0,Rec Stays,rec_stays,Total Recreation Overnight Stays
CHIS,1979,1,TTRV,0,Tent & RV,tent_rv,Total Tent and RV Camping Stays
CHIS,1979,1,BC,0,Backcountry,backcountry,Backcountry Camping Overnight Stays
CHIS,1979,1,MISC,65,Misc Stays,misc_stays,Miscellaneous Overnight Stays
CHIS,1979,1,NROS,192,Non-Rec Stays,non_rec_stays,Non-Recreation Overnight Stays
CHIS,1979,1,TOS,257,Total Stays,total_stays,Total Overnight Stays
CHIS,1979,1,TNRVH,1200,Non-Rec Hrs,non_rec_hrs,Total Non-Recreation Visitor Hours
CHIS,1979,2,TRV,3121,Rec Visits,rec_visits,Total Recreation Visits
CHIS,1979,2,TNRV,66,Non-Rec Visits,non_rec_visits,Total Non-Recreation Visits
CHIS,1979,2,TV,3187,Total Visits,total_visits,Total Visits (Recreation + Non-Recreation)
CHIS,1979,2,TRVH,21246,Rec Hrs,rec_hrs,Total Recreation Visitor Hours
CHIS,1979,2,TH,25674,Total Hrs,total_hrs,Total Hours (Recreation + Non-Recreation)
CHIS,1979,2,CL,0,Conc Lodging,conc_lodging,Concessioner Lodging Overnight Stays
CHIS,1979,2,CCG,0,Conc Camp,conc_camp,Concessioner Campground Overnight Stays
CHIS,1979,2,TT,6,Tent Camp,tent_camp,Tent Camping Overnight Stays (NPS)
CHIS,1979,2,TRVS,0,Rec Stays,rec_stays,Total Recreation Overnight Stays
CHIS,1979,2,TTRV,6,Tent & RV,tent_rv,Total Tent and RV Camping Stays
CHIS,1979,2,BC,0,Backcountry,backcountry,Backcountry Camping Overnight Stays
CHIS,1979,2,MISC,101,Misc Stays,misc_stays,Miscellaneous Overnight Stays
CHIS,1979,2,NROS,168,Non-Rec Stays,non_rec_stays,Non-Recreation Overnight Stays
CHIS,1979,2,TOS,275,Total Stays,total_stays,Total Overnight Stays
CHIS,1979,2,TNRVH,4428,Non-Rec Hrs,non_rec_hrs,Total Non-Recreation Visitor Hours
CHIS,1979,3,TRV,4774,Rec Visits,rec_visits,Total Recreation Visits
CHIS,1979,3,TNRV,701,Non-Rec Visits,non_rec_visits,Total Non-Recreation Visits
CHIS,1979,3,TV,5475,Total Visits,total_visits,Total Visits (Recreation + Non-Recreation)
CHIS,1979,3,TRVH,10882,Rec Hrs,rec_hrs,Total Recreation Visitor Hours
CHIS,1979,3,TH,20180,Total Hrs,total_hrs,Total Hours (Recreation + Non-Recreation)
CHIS,1979,3,CL,0,Conc Lodging,conc_lodging,Concessioner Lodging Overnight Stays
CHIS,1979,3,CCG,0,Conc Camp,conc_camp,Concessioner Campground Overnight Stays
CHIS,1979,3,TT,109,Tent Camp,tent_camp,Tent Camping Overnight Stays (NPS)
CHIS,1979,3,TRVS,0,Rec Stays,rec_stays,Total Recreation Overnight Stays
CHIS,1979,3,TTRV,109,Tent & RV,tent_rv,Total Tent and RV Camping Stays
CHIS,1979,3,BC,0,Backcountry,backcountry,Backcountry Camping Overnight Stays
CHIS,1979,3,MISC,232,Misc Stays,misc_stays,Miscellaneous Overnight Stays
CHIS,1979,3,NROS,163,Non-Rec Stays,non_rec_stays,Non-Recreation Overnight Stays
CHIS,1979,3,TOS,504,Total Stays,total_stays,Total Overnight Stays
CHIS,1979,3,TNRVH,9298,Non-Rec Hrs,non_rec_hrs,Total Non-Recreation Visitor Hours
CHIS,1979,4,TRV,5157,Rec Visits,rec_visits,Total Recreation Visits
CHIS,1979,4,TNRV,1366,Non-Rec Visits,non_rec_visits,Total Non-Recreation Visits
CHIS,1979,4,TV,6523,Total Visits,total_visits,Total Visits (Recreation + Non-Recreation)
CHIS,1979,4,TRVH,10882,Rec Hrs,rec_hrs,Total Recreation Visitor Hours
CHIS,1979,4,TH,20180,Total Hrs,total_hrs,Total Hours (Recreation + Non-Recreation)
CHIS,1979,4,CL,0,Conc Lodging,conc_lodging,Concessioner Lodging Overnight Stays
CHIS,1979,4,CCG,0,Conc Camp,conc_camp,Concessioner Campground Overnight Stays
CHIS,1979,4,TT,238,Tent Camp,tent_camp,Tent Camping Overnight Stays (NPS)
CHIS,1979,4,TRVS,0,Rec Stays,rec_stays,Total Recreation Overnight Stays
CHIS,1979,4,TTRV,238,Tent & RV,tent_rv,Total Tent and RV Camping Stays
CHIS,1979,4,BC,0,Backcountry,backcountry,Backcountry Camping Overnight Stays
CHIS,1979,4,MISC,341,Misc Stays,misc_stays,Miscellaneous Overnight Stays
CHIS,1979,4,NROS,481,Non-Rec Stays,non_rec_stays,Non-Recreation Overnight Stays
CHIS,1979,4,TOS,1060,Total Stays,total_stays,Total Overnight Stays
CHIS,1979,4,TNRVH,9298,Non-Rec Hrs,non_rec_hrs,Total Non-Recreation Visitor Hours
CHIS,1979,5,TRV,5805,Rec Visits,rec_visits,Total Recreation Visits
CHIS,1979,5,TNRV,1236,Non-Rec Visits,non_rec_visits,Total Non-Recreation Visits
CHIS,1979,5,TV,7041,Total Visits,total_visits,Total Visits (Recreation + Non-Recreation)
CHIS,1979,5,TRVH,51264,Rec Hrs,rec_hrs,Total Recreation Visitor Hours
CHIS,1979,5,TH,67914,Total Hrs,total_hrs,Total Hours (Recreation + Non-Recreation)
CHIS,1979,5,CL,0,Conc Lodging,conc_lodging,Concessioner Lodging Overnight Stays
CHIS,1979,5,CCG,0,Conc Camp,conc_camp,Concessioner Campground Overnight Stays
CHIS,1979,5,TT,180,Tent Camp,tent_camp,Tent Camping Overnight Stays (NPS)
CHIS,1979,5,TRVS,0,Rec Stays,rec_stays,Total Recreation Overnight Stays
CHIS,1979,5,TTRV,180,Tent & RV,tent_rv,Total Tent and RV Camping Stays
CHIS,1979,5,BC,0,Backcountry,backcountry,Backcountry Camping Overnight Stays
CHIS,1979,5,MISC,733,Misc Stays,misc_stays,Miscellaneous Overnight Stays
CHIS,1979,5,NROS,513,Non-Rec Stays,non_rec_stays,Non-Recreation Overnight Stays
CHIS,1979,5,TOS,1426,Total Stays,total_stays,Total Overnight Stays
CHIS,1979,5,TNRVH,16650,Non-Rec Hrs,non_rec_hrs,Total Non-Recreation Visitor Hours
CHIS,1979,6,TRV,6060,Rec Visits,rec_visits,Total Recreation Visits
CHIS,1979,6,TNRV,1810,Non-Rec Visits,non_rec_visits,Total Non-Recreation Visits
CHIS,1979,6,TV,7870,Total Visits,total_visits,Total Visits (Recreation + Non-Recreation)
CHIS,1979,6,TRVH,52128,Rec Hrs,rec_hrs,Total Recreation Visitor Hours
CHIS,1979,6,TH,75192,Total Hrs,total_hrs,Total Hours (Recreation + Non-Recreation)
CHIS,1979,6,CL,0,Conc Lodging,conc_lodging,Concessioner Lodging Overnight Stays
CHIS,1979,6,CCG,0,Conc Camp,conc_camp,Concessioner Campground Overnight Stays
CHIS,1979,6,TT,219,Tent Camp,tent_camp,Tent Camping Overnight Stays (NPS)
CHIS,1979,6,TRVS,0,Rec Stays,rec_stays,Total Recreation Overnight Stays
CHIS,1979,6,TTRV,219,Tent & RV,tent_rv,Total Tent and RV Camping Stays
CHIS,1979,6,BC,0,Backcountry,backcountry,Backcountry Camping Overnight Stays
CHIS,1979,6,MISC,657,Misc Stays,misc_stays,Miscellaneous Overnight Stays
CHIS,1979,6,NROS,678,Non-Rec Stays,non_rec_stays,Non-Recreation Overnight Stays
CHIS,1979,6,TOS,1554,Total Stays,total_stays,Total Overnight Stays
CHIS,1979,6,TNRVH,23064,Non-Rec Hrs,non_rec_hrs,Total Non-Recreation Visitor Hours
CHIS,1979,7,TRV,12639,Rec Visits,rec_visits,Total Recreation Visits
CHIS,1979,7,TNRV,2627,Non-Rec Visits,non_rec_visits,Total Non-Recreation Visits
CHIS,1979,7,TV,15266,Total Visits,total_visits,Total Visits (Recreation + Non-Recreation)
CHIS,1979,7,TRVH,110520,Rec Hrs,rec_hrs,Total Recreation Visitor Hours
CHIS,1979,7,TH,134562,Total Hrs,total_hrs,Total Hours (Recreation + Non-Recreation)
CHIS,1979,7,CL,0,Conc Lodging,conc_lodging,Concessioner Lodging Overnight Stays
CHIS,1979,7,CCG,0,Conc Camp,conc_camp,Concessioner Campground Overnight Stays
CHIS,1979,7,TT,500,Tent Camp,tent_camp,Tent Camping Overnight Stays (NPS)
CHIS,1979,7,TRVS,0,Rec Stays,rec_stays,Total Recreation Overnight Stays
CHIS,1979,7,TTRV,500,Tent & RV,tent_rv,Total Tent and RV Camping Stays
CHIS,1979,7,BC,0,Backcountry,backcountry,Backcountry Camping Overnight Stays
CHIS,1979,7,MISC,1427,Misc Stays,misc_stays,Miscellaneous Overnight Stays
CHIS,1979,7,NROS,460,Non-Rec Stays,non_rec_stays,Non-Recreation Overnight Stays
CHIS,1979,7,TOS,2387,Total Stays,total_stays,Total Overnight Stays
CHIS,1979,7,TNRVH,24042,Non-Rec Hrs,non_rec_hrs,Total Non-Recreation Visitor Hours
CHIS,1979,8,TRV,15717,Rec Visits,rec_visits,Total Recreation Visits
CHIS,1979,8,TNRV,3574,Non-Rec Visits,non_rec_visits,Total Non-Recreation Visits
CHIS,1979,8,TV,19291,Total Visits,total_visits,Total Visits (Recreation + Non-Recreation)
CHIS,1979,8,TRVH,134604,Rec Hrs,rec_hrs,Total Recreation Visitor Hours
CHIS,1979,8,TH,179196,Total Hrs,total_hrs,Total Hours (Recreation + Non-Recreation)
CHIS,1979,8,CL,0,Conc Lodging,conc_lodging,Concessioner Lodging Overnight Stays
CHIS,1979,8,CCG,0,Conc Camp,conc_camp,Concessioner Campground Overnight Stays
CHIS,1979,8,TT,448,Tent Camp,tent_camp,Tent Camping Overnight Stays (NPS)
CHIS,1979,8,TRVS,0,Rec Stays,rec_stays,Total Recreation Overnight Stays
CHIS,1979,8,TTRV,448,Tent & RV,tent_rv,Total Tent and RV Camping Stays
CHIS,1979,8,BC,0,Backcountry,backcountry,Backcountry Camping Overnight Stays
CHIS,1979,8,MISC,1791,Misc Stays,misc_stays,Miscellaneous Overnight Stays
CHIS,1979,8,NROS,1286,Non-Rec Stays,non_rec_stays,Non-Recreation Overnight Stays
CHIS,1979,8,TOS,3525,Total Stays,total_stays,Total Overnight Stays
CHIS,1979,8,TNRVH,44592,Non-Rec Hrs,non_rec_hrs,Total Non-Recreation Visitor Hours
CHIS,1979,9,TRV,12187,Rec Visits,rec_visits,Total Recreation Visits
CHIS,1979,9,TNRV,3013,Non-Rec Visits,non_rec_visits,Total Non-Recreation Visits
CHIS,1979,9,TV,15200,Total Visits,total_visits,Total Visits (Recreation + Non-Recreation)
CHIS,1979,9,TRVH,105342,Rec Hrs,rec_hrs,Total Recreation Visitor Hours
CHIS,1979,9,TH,142068,Total Hrs,total_hrs,Total Hours (Recreation + Non-Recreation)
CHIS,1979,9,CL,0,Conc Lodging,conc_lodging,Concessioner Lodging Overnight Stays
CHIS,1979,9,CCG,0,Conc Camp,conc_camp,Concessioner Campground Overnight Stays
CHIS,1979,9,TT,161,Tent Camp,tent_camp,Tent Camping Overnight Stays (NPS)
CHIS,1979,9,TRVS,0,Rec Stays,rec_stays,Total Recreation Overnight Stays
CHIS,1979,9,TTRV,161,Tent & RV,tent_rv,Total Tent and RV Camping Stays
CHIS,1979,9,BC,0,Backcountry,backcountry,Backcountry Camping Overnight Stays
CHIS,1979,9,MISC,1629,Misc Stays,misc_stays,Miscellaneous Overnight Stays
CHIS,1979,9,NROS,1036,Non-Rec Stays,non_rec_stays,Non-Recreation Overnight Stays
CHIS,1979,9,TOS,2826,Total Stays,total_stays,Total Overnight Stays
CHIS,1979,9,TNRVH,36726,Non-Rec Hrs,non_rec_hrs,Total Non-Recreation Visitor Hours
CHIS,1979,10,TRV,6352,Rec Visits,rec_visits,Total Recreation Visits
CHIS,1979,10,TNRV,2966,Non-Rec Visits,non_rec_visits,Total Non-Recreation Visits
CHIS,1979,10,TV,9318,Total Visits,total_visits,Total Visits (Recreation + Non-Recreation)
CHIS,1979,10,TRVH,48786,Rec Hrs,rec_hrs,Total Recreation Visitor Hours
CHIS,1979,10,TH,87210,Total Hrs,total_hrs,Total Hours (Recreation + Non-Recreation)
CHIS,1979,10,CL,0,Conc Lodging,conc_lodging,Concessioner Lodging Overnight Stays
CHIS,1979,10,CCG,0,Conc Camp,conc_camp,Concessioner Campground Overnight Stays
CHIS,1979,10,TT,16,Tent Camp,tent_camp,Tent Camping Overnight Stays (NPS)
CHIS,1979,10,TRVS,0,Rec Stays,rec_stays,Total Recreation Overnight Stays
CHIS,1979,10,TTRV,16,Tent & RV,tent_rv,Total Tent and RV Camping Stays
CHIS,1979,10,BC,0,Backcountry,backcountry,Backcountry Camping Overnight Stays
CHIS,1979,10,MISC,577,Misc Stays,misc_stays,Miscellaneous Overnight Stays
CHIS,1979,10,NROS,1146,Non-Rec Stays,non_rec_stays,Non-Recreation Overnight Stays
CHIS,1979,10,TOS,1739,Total Stays,total_stays,Total Overnight Stays
CHIS,1979,10,TNRVH,38424,Non-Rec Hrs,non_rec_hrs,Total Non-Recreation Visitor Hours
CHIS,1979,11,TRV,4087,Rec Visits,rec_visits,Total Recreation Visits
CHIS,1979,11,TNRV,1183,Non-Rec Visits,non_rec_visits,Total Non-Recreation Visits
CHIS,1979,11,TV,5270,Total Visits,total_visits,Total Visits (Recreation + Non-Recreation)
CHIS,1979,11,TRVH,32676,Rec Hrs,rec_hrs,Total Recreation Visitor Hours
CHIS,1979,11,TH,53382,Total Hrs,total_hrs,Total Hours (Recreation + Non-Recreation)
CHIS,1979,11,CL,0,Conc Lodging,conc_lodging,Concessioner Lodging Overnight Stays
CHIS,1979,11,CCG,0,Conc Camp,conc_camp,Concessioner Campground Overnight Stays
CHIS,1979,11,TT,0,Tent Camp,tent_camp,Tent Camping Overnight Stays (NPS)
CHIS,1979,11,TRVS,0,Rec Stays,rec_stays,Total Recreation Overnight Stays
CHIS,1979,11,TTRV,0,Tent & RV,tent_rv,Total Tent and RV Camping Stays
CHIS,1979,11,BC,0,Backcountry,backcountry,Backcountry Camping Overnight Stays
CHIS,1979,11,MISC,453,Misc Stays,misc_stays,Miscellaneous Overnight Stays
CHIS,1979,11,NROS,756,Non-Rec Stays,non_rec_stays,Non-Recreation Overnight Stays
CHIS,1979,11,TOS,1209,Total Stays,total_stays,Total Overnight Stays
CHIS,1979,11,TNRVH,20706,Non-Rec Hrs,non_rec_hrs,Total Non-Recreation Visitor Hours
CHIS,1979,12,TRV,4306,Rec Visits,rec_visits,Total Recreation Visits
CHIS,1979,12,TNRV,1832,Non-Rec Visits,non_rec_visits,Total Non-Recreation Visits
CHIS,1979,12,TV,6138,Total Visits,total_visits,Total Visits (Recreation + Non-Recreation)
CHIS,1979,12,TRVH,32640,Rec Hrs,rec_hrs,Total Recreation Visitor Hours
CHIS,1979,12,TH,55890,Total Hrs,total_hrs,Total Hours (Recreation + Non-Recreation)
CHIS,1979,12,CL,0,Conc Lodging,conc_lodging,Concessioner Lodging Overnight Stays
CHIS,1979,12,CCG,0,Conc Camp,conc_camp,Concessioner Campground Overnight Stays
CHIS,1979,12,TT,61,Tent Camp,tent_camp,Tent Camping Overnight Stays (NPS)
CHIS,1979,12,TRVS,0,Rec Stays,rec_stays,Total Recreation Overnight Stays
CHIS,1979,12,TTRV,61,Tent & RV,tent_rv,Total Tent and RV Camping Stays
CHIS,1979,12,BC,0,Backcountry,backcountry,Backcountry Camping Overnight Stays
CHIS,1979,12,MISC,287,Misc Stays,misc_stays,Miscellaneous Overnight Stays
CHIS,1979,12,NROS,681,Non-Rec Stays,non_rec_stays,Non-Recreation Overnight Stays
CHIS,1979,12,TOS,1029,Total Stays,total_stays,Total Overnight Stays
CHIS,1979,12,TNRVH,23250,Non-Rec Hrs,non_rec_hrs,Total Non-Recreation Visitor Hours
CHIS,1980,1,TRV,4418,Rec Visits,rec_visits,Total Recreation Visits
CHIS,1980,1,TNRV,1725,Non-Rec Visits,non_rec_visits,Total Non-Recreation Visits
CHIS,1980,1,TV,6143,Total Visits,total_visits,Total Visits (Recreation + Non-Recreation)
CHIS,1980,1,TRVH,26508,Rec Hrs,rec_hrs,Total Recreation Visitor Hours
CHIS,1980,1,TH,67908,Total Hrs,total_hrs,Total Hours (Recreation + Non-Recreation)
CHIS,1980,1,CL,0,Conc Lodging,conc_lodging,Concessioner Lodging Overnight Stays
CHIS,1980,1,CCG,0,Conc Camp,conc_camp,Concessioner Campground Overnight Stays
CHIS,1980,1,TT,14,Tent Camp,tent_camp,Tent Camping Overnight Stays (NPS)
CHIS,1980,1,TRVS,0,Rec Stays,rec_stays,Total Recreation Overnight Stays
CHIS,1980,1,TTRV,14,Tent & RV,tent_rv,Total Tent and RV Camping Stays
CHIS,1980,1,BC,0,Backcountry,backcountry,Backcountry Camping Overnight Stays
CHIS,1980,1,MISC,231,Misc Stays,misc_stays,Miscellaneous Overnight Stays
CHIS,1980,1,NROS,537,Non-Rec Stays,non_rec_stays,Non-Recreation Overnight Stays
CHIS,1980,1,TOS,782,Total Stays,total_stays,Total Overnight Stays
CHIS,1980,1,TNRVH,41400,Non-Rec Hrs,non_rec_hrs,Total Non-Recreation Visitor Hours
CHIS,1980,2,TRV,2918,Rec Visits,rec_visits,Total Recreation Visits
CHIS,1980,2,TNRV,1738,Non-Rec Visits,non_rec_visits,Total Non-Recreation Visits
CHIS,1980,2,TV,4656,Total Visits,total_visits,Total Visits (Recreation + Non-Recreation)
CHIS,1980,2,TRVH,20298,Rec Hrs,rec_hrs,Total Recreation Visitor Hours
CHIS,1980,2,TH,39366,Total Hrs,total_hrs,Total Hours (Recreation + Non-Recreation)
CHIS,1980,2,CL,0,Conc Lodging,conc_lodging,Concessioner Lodging Overnight Stays
CHIS,1980,2,CCG,0,Conc Camp,conc_camp,Concessioner Campground Overnight Stays
CHIS,1980,2,TT,7,Tent Camp,tent_camp,Tent Camping Overnight Stays (NPS)
CHIS,1980,2,TRVS,0,Rec Stays,rec_stays,Total Recreation Overnight Stays
CHIS,1980,2,TTRV,7,Tent & RV,tent_rv,Total Tent and RV Camping Stays
CHIS,1980,2,BC,0,Backcountry,backcountry,Backcountry Camping Overnight Stays
CHIS,1980,2,MISC,98,Misc Stays,misc_stays,Miscellaneous Overnight Stays
CHIS,1980,2,NROS,490,Non-Rec Stays,non_rec_stays,Non-Recreation Overnight Stays
CHIS,1980,2,TOS,595,Total Stays,total_stays,Total Overnight Stays
CHIS,1980,2,TNRVH,19068,Non-Rec Hrs,non_rec_hrs,Total Non-Recreation Visitor Hours
CHIS,1980,3,TRV,8054,Rec Visits,rec_visits,Total Recreation Visits
CHIS,1980,3,TNRV,2365,Non-Rec Visits,non_rec_visits,Total Non-Recreation Visits
CHIS,1980,3,TV,10419,Total Visits,total_visits,Total Visits (Recreation + Non-Recreation)
CHIS,1980,3,TRVH,57558,Rec Hrs,rec_hrs,Total Recreation Visitor Hours
CHIS,1980,3,TH,90504,Total Hrs,total_hrs,Total Hours (Recreation + Non-Recreation)
CHIS,1980,3,CL,0,Conc Lodging,conc_lodging,Concessioner Lodging Overnight Stays
CHIS,1980,3,CCG,0,Conc Camp,conc_camp,Concessioner Campground Overnight Stays
CHIS,1980,3,TT,10,Tent Camp,tent_camp,Tent Camping Overnight Stays (NPS)
CHIS,1980,3,TRVS,0,Rec Stays,rec_stays,Total Recreation Overnight Stays
CHIS,1980,3,TTRV,10,Tent & RV,tent_rv,Total Tent and RV Camping Stays
CHIS,1980,3,BC,0,Backcountry,backcountry,Backcountry Camping Overnight Stays
CHIS,1980,3,MISC,477,Misc Stays,misc_stays,Miscellaneous Overnight Stays
CHIS,1980,3,NROS,1042,Non-Rec Stays,non_rec_stays,Non-Recreation Overnight Stays
CHIS,1980,3,TOS,1529,Total Stays,total_stays,Total Overnight Stays
CHIS,1980,3,TNRVH,32946,Non-Rec Hrs,non_rec_hrs,Total Non-Recreation Visitor Hours
CHIS,1980,4,TRV,8097,Rec Visits,rec_visits,Total Recreation Visits
CHIS,1980,4,TNRV,2363,Non-Rec Visits,non_rec_visits,Total Non-Recreation Visits
CHIS,1980,4,TV,10460,Total Visits,total_visits,Total Visits (Recreation + Non-Recreation)
CHIS,1980,4,TRVH,61146,Rec Hrs,rec_hrs,Total Recreation Visitor Hours
CHIS,1980,4,TH,87208,Total Hrs,total_hrs,Total Hours (Recreation + Non-Recreation)
CHIS,1980,4,CL,0,Conc Lodging,conc_lodging,Concessioner Lodging Overnight Stays
CHIS,1980,4,CCG,0,Conc Camp,conc_camp,Concessioner Campground Overnight Stays
CHIS,1980,4,TT,159,Tent Camp,tent_camp,Tent Camping Overnight Stays (NPS)
CHIS,1980,4,TRVS,0,Rec Stays,rec_stays,Total Recreation Overnight Stays
CHIS,1980,4,TTRV,159,Tent & RV,tent_rv,Total Tent and RV Camping Stays
CHIS,1980,4,BC,0,Backcountry,backcountry,Backcountry Camping Overnight Stays
CHIS,1980,4,MISC,399,Misc Stays,misc_stays,Miscellaneous Overnight Stays
CHIS,1980,4,NROS,938,Non-Rec Stays,non_rec_stays,Non-Recreation Overnight Stays
CHIS,1980,4,TOS,1496,Total Stays,total_stays,Total Overnight Stays
CHIS,1980,4,TNRVH,26062,Non-Rec Hrs,non_rec_hrs,Total Non-Recreation Visitor Hours
CHIS,1980,5,TRV,7760,Rec Visits,rec_visits,Total Recreation Visits
CHIS,1980,5,TNRV,2633,Non-Rec Visits,non_rec_visits,Total Non-Recreation Visits
CHIS,1980,5,TV,10393,Total Visits,total_visits,Total Visits (Recreation + Non-Recreation)
CHIS,1980,5,TRVH,58656,Rec Hrs,rec_hrs,Total Recreation Visitor Hours
CHIS,1980,5,TH,94164,Total Hrs,total_hrs,Total Hours (Recreation + Non-Recreation)
CHIS,1980,5,CL,0,Conc Lodging,conc_lodging,Concessioner Lodging Overnight Stays
CHIS,1980,5,CCG,0,Conc Camp,conc_camp,Concessioner Campground Overnight Stays
CHIS,1980,5,TT,154,Tent Camp,tent_camp,Tent Camping Overnight Stays (NPS)
CHIS,1980,5,TRVS,0,Rec Stays,rec_stays,Total Recreation Overnight Stays
CHIS,1980,5,TTRV,154,Tent & RV,tent_rv,Total Tent and RV Camping Stays
CHIS,1980,5,BC,0,Backcountry,backcountry,Backcountry Camping Overnight Stays
CHIS,1980,5,MISC,672,Misc Stays,misc_stays,Miscellaneous Overnight Stays
CHIS,1980,5,NROS,1538,Non-Rec Stays,non_rec_stays,Non-Recreation Overnight Stays
CHIS,1980,5,TOS,2364,Total Stays,total_stays,Total Overnight Stays
CHIS,1980,5,TNRVH,35508,Non-Rec Hrs,non_rec_hrs,Total Non-Recreation Visitor Hours
CHIS,1980,6,TRV,13674,Rec Visits,rec_visits,Total Recreation Visits
CHIS,1980,6,TNRV,3007,Non-Rec Visits,non_rec_visits,Total Non-Recreation Visits
CHIS,1980,6,TV,16681,Total Visits,total_visits,Total Visits (Recreation + Non-Recreation)
CHIS,1980,6,TRVH,111600,Rec Hrs,rec_hrs,Total Recreation Visitor Hours
CHIS,1980,6,TH,150162,Total Hrs,total_hrs,Total Hours (Recreation + Non-Recreation)
CHIS,1980,6,CL,0,Conc Lodging,conc_lodging,Concessioner Lodging Overnight Stays
CHIS,1980,6,CCG,0,Conc Camp,conc_camp,Concessioner Campground Overnight Stays
CHIS,1980,6,TT,423,Tent Camp,tent_camp,Tent Camping Overnight Stays (NPS)
CHIS,1980,6,TRVS,0,Rec Stays,rec_stays,Total Recreation Overnight Stays
CHIS,1980,6,TTRV,423,Tent & RV,tent_rv,Total Tent and RV Camping Stays
CHIS,1980,6,BC,0,Backcountry,backcountry,Backcountry Camping Overnight Stays
CHIS,1980,6,MISC,1210,Misc Stays,misc_stays,Miscellaneous Overnight Stays
CHIS,1980,6,NROS,1140,Non-Rec Stays,non_rec_stays,Non-Recreation Overnight Stays
CHIS,1980,6,TOS,2773,Total Stays,total_stays,Total Overnight Stays
CHIS,1980,6,TNRVH,38562,Non-Rec Hrs,non_rec_hrs,Total Non-Recreation Visitor Hours
CHIS,1980,7,TRV,16783,Rec Visits,rec_visits,Total Recreation Visits
CHIS,1980,7,TNRV,3621,Non-Rec Visits,non_rec_visits,Total Non-Recreation Visits
CHIS,1980,7,TV,20404,Total Visits,total_visits,Total Visits (Recreation + Non-Recreation)
CHIS,1980,7,TRVH,148848,Rec Hrs,rec_hrs,Total Recreation Visitor Hours
CHIS,1980,7,TH,195468,Total Hrs,total_hrs,Total Hours (Recreation + Non-Recreation)
CHIS,1980,7,CL,0,Conc Lodging,conc_lodging,Concessioner Lodging Overnight Stays
CHIS,1980,7,CCG,0,Conc Camp,conc_camp,Concessioner Campground Overnight Stays
CHIS,1980,7,TT,115,Tent Camp,tent_camp,Tent Camping Overnight Stays (NPS)
CHIS,1980,7,TRVS,0,Rec Stays,rec_stays,Total Recreation Overnight Stays
CHIS,1980,7,TTRV,115,Tent & RV,tent_rv,Total Tent and RV Camping Stays
CHIS,1980,7,BC,0,Backcountry,backcountry,Backcountry Camping Overnight Stays
CHIS,1980,7,MISC,1225,Misc Stays,misc_stays,Miscellaneous Overnight Stays
CHIS,1980,7,NROS,1383,Non-Rec Stays,non_rec_stays,Non-Recreation Overnight Stays
CHIS,1980,7,TOS,2723,Total Stays,total_stays,Total Overnight Stays
CHIS,1980,7,TNRVH,46620,Non-Rec Hrs,non_rec_hrs,Total Non-Recreation Visitor Hours
CHIS,1980,8,TRV,19790,Rec Visits,rec_visits,Total Recreation Visits
CHIS,1980,8,TNRV,4426,Non-Rec Visits,non_rec_visits,Total Non-Recreation Visits
CHIS,1980,8,TV,24216,Total Visits,total_visits,Total Visits (Recreation + Non-Recreation)
CHIS,1980,8,TRVH,100920,Rec Hrs,rec_hrs,Total Recreation Visitor Hours
CHIS,1980,8,TH,155196,Total Hrs,total_hrs,Total Hours (Recreation + Non-Recreation)
CHIS,1980,8,CL,0,Conc Lodging,conc_lodging,Concessioner Lodging Overnight Stays
CHIS,1980,8,CCG,0,Conc Camp,conc_camp,Concessioner Campground Overnight Stays
CHIS,1980,8,TT,447,Tent Camp,tent_camp,Tent Camping Overnight Stays (NPS)
CHIS,1980,8,TRVS,0,Rec Stays,rec_stays,Total Recreation Overnight Stays
CHIS,1980,8,TTRV,447,Tent & RV,tent_rv,Total Tent and RV Camping Stays
CHIS,1980,8,BC,0,Backcountry,backcountry,Backcountry Camping Overnight Stays
CHIS,1980,8,MISC,2690,Misc Stays,misc_stays,Miscellaneous Overnight Stays
CHIS,1980,8,NROS,1540,Non-Rec Stays,non_rec_stays,Non-Recreation Overnight Stays
CHIS,1980,8,TOS,4677,Total Stays,total_stays,Total Overnight Stays
CHIS,1980,8,TNRVH,54276,Non-Rec Hrs,non_rec_hrs,Total Non-Recreation Visitor Hours
CHIS,1980,9,TRV,10025,Rec Visits,rec_visits,Total Recreation Visits
CHIS,1980,9,TNRV,2404,Non-Rec Visits,non_rec_visits,Total Non-Recreation Visits
CHIS,1980,9,TV,12429,Total Visits,total_visits,Total Visits (Recreation + Non-Recreation)
CHIS,1980,9,TRVH,87456,Rec Hrs,rec_hrs,Total Recreation Visitor Hours
CHIS,1980,9,TH,129024,Total Hrs,total_hrs,Total Hours (Recreation + Non-Recreation)
CHIS,1980,9,CL,0,Conc Lodging,conc_lodging,Concessioner Lodging Overnight Stays
CHIS,1980,9,CCG,0,Conc Camp,conc_camp,Concessioner Campground Overnight Stays
CHIS,1980,9,TT,150,Tent Camp,tent_camp,Tent Camping Overnight Stays (NPS)
CHIS,1980,9,TRVS,0,Rec Stays,rec_stays,Total Recreation Overnight Stays
CHIS,1980,9,TTRV,150,Tent & RV,tent_rv,Total Tent and RV Camping Stays
CHIS,1980,9,BC,0,Backcountry,backcountry,Backcountry Camping Overnight Stays
CHIS,1980,9,MISC,1974,Misc Stays,misc_stays,Miscellaneous Overnight Stays
CHIS,1980,9,NROS,227,Non-Rec Stays,non_rec_stays,Non-Recreation Overnight Stays
CHIS,1980,9,TOS,2351,Total Stays,total_stays,Total Overnight Stays
CHIS,1980,9,TNRVH,41568,Non-Rec Hrs,non_rec_hrs,Total Non-Recreation Visitor Hours
CHIS,1980,10,TRV,4612,Rec Visits,rec_visits,Total Recreation Visits
CHIS,1980,10,TNRV,3314,Non-Rec Visits,non_rec_visits,Total Non-Recreation Visits
CHIS,1980,10,TV,7926,Total Visits,total_visits,Total Visits (Recreation + Non-Recreation)
CHIS,1980,10,TRVH,41514,Rec Hrs,rec_hrs,Total Recreation Visitor Hours
CHIS,1980,10,TH,90180,Total Hrs,total_hrs,Total Hours (Recreation + Non-Recreation)
CHIS,1980,10,CL,0,Conc Lodging,conc_lodging,Concessioner Lodging Overnight Stays
CHIS,1980,10,CCG,0,Conc Camp,conc_camp,Concessioner Campground Overnight Stays
CHIS,1980,10,TT,34,Tent Camp,tent_camp,Tent Camping Overnight Stays (NPS)
CHIS,1980,10,TRVS,0,Rec Stays,rec_stays,Total Recreation Overnight Stays
CHIS,1980,10,TTRV,34,Tent & RV,tent_rv,Total Tent and RV Camping Stays
CHIS,1980,10,BC,0,Backcountry,backcountry,Backcountry Camping Overnight Stays
CHIS,1980,10,MISC,735,Misc Stays,misc_stays,Miscellaneous Overnight Stays
CHIS,1980,10,NROS,1599,Non-Rec Stays,non_rec_stays,Non-Recreation Overnight Stays
CHIS,1980,10,TOS,2368,Total Stays,total_stays,Total Overnight Stays
CHIS,1980,10,TNRVH,48666,Non-Rec Hrs,non_rec_hrs,Total Non-Recreation Visitor Hours
CHIS,1980,11,TRV,4919,Rec Visits,rec_visits,Total Recreation Visits
CHIS,1980,11,TNRV,2056,Non-Rec Visits,non_rec_visits,Total Non-Recreation Visits
CHIS,1980,11,TV,6975,Total Visits,total_visits,Total Visits (Recreation + Non-Recreation)
CHIS,1980,11,TRVH,33949,Rec Hrs,rec_hrs,Total Recreation Visitor Hours
CHIS,1980,11,TH,62359,Total Hrs,total_hrs,Total Hours (Recreation + Non-Recreation)
CHIS,1980,11,CL,0,Conc Lodging,conc_lodging,Concessioner Lodging Overnight Stays
CHIS,1980,11,CCG,0,Conc Camp,conc_camp,Concessioner Campground Overnight Stays
CHIS,1980,11,TT,24,Tent Camp,tent_camp,Tent Camping Overnight Stays (NPS)
CHIS,1980,11,TRVS,0,Rec Stays,rec_stays,Total Recreation Overnight Stays
CHIS,1980,11,TTRV,24,Tent & RV,tent_rv,Total Tent and RV Camping Stays
CHIS,1980,11,BC,0,Backcountry,backcountry,Backcountry Camping Overnight Stays
CHIS,1980,11,MISC,498,Misc Stays,misc_stays,Miscellaneous Overnight Stays
CHIS,1980,11,NROS,893,Non-Rec Stays,non_rec_stays,Non-Recreation Overnight Stays
CHIS,1980,11,TOS,1415,Total Stays,total_stays,Total Overnight Stays
CHIS,1980,11,TNRVH,28410,Non-Rec Hrs,non_rec_hrs,Total Non-Recreation Visitor Hours
CHIS,1980,12,TRV,3524,Rec Visits,rec_visits,Total Recreation Visits
CHIS,1980,12,TNRV,1356,Non-Rec Visits,non_rec_visits,Total Non-Recreation Visits
CHIS,1980,12,TV,4880,Total Visits,total_visits,Total Visits (Recreation + Non-Recreation)
CHIS,1980,12,TRVH,29694,Rec Hrs,rec_hrs,Total Recreation Visitor Hours
CHIS,1980,12,TH,48054,Total Hrs,total_hrs,Total Hours (Recreation + Non-Recreation)
CHIS,1980,12,CL,0,Conc Lodging,conc_lodging,Concessioner Lodging Overnight Stays
CHIS,1980,12,CCG,0,Conc Camp,conc_camp,Concessioner Campground Overnight Stays
CHIS,1980,12,TT,21,Tent Camp,tent_camp,Tent Camping Overnight Stays (NPS)
CHIS,1980,12,TRVS,0,Rec Stays,rec_stays,Total Recreation Overnight Stays
CHIS,1980,12,TTRV,21,Tent & RV,tent_rv,Total Tent and RV Camping Stays
CHIS,1980,12,BC,0,Backcountry,backcountry,Backcountry Camping Overnight Stays
CHIS,1980,12,MISC,298,Misc Stays,misc_stays,Miscellaneous Overnight Stays
CHIS,1980,12,NROS,565,Non-Rec Stays,non_rec_stays,Non-Recreation Overnight Stays
CHIS,1980,12,TOS,884,Total Stays,total_stays,Total Overnight Stays
CHIS,1980,12,TNRVH,18360,Non-Rec Hrs,non_rec_hrs,Total Non-Recreation Visitor Hours
CHIS,1981,1,TRV,2815,Rec Visits,rec_visits,Total Recreation Visits
CHIS,1981,1,TNRV,1845,Non-Rec Visits,non_rec_visits,Total Non-Recreation Visits
CHIS,1981,1,TV,4660,Total Visits,total_visits,Total Visits (Recreation + Non-Recreation)
CHIS,1981,1,TRVH,25360,Rec Hrs,rec_hrs,Total Recreation Visitor Hours
CHIS,1981,1,TH,48586,Total Hrs,total_hrs,Total Hours (Recreation + Non-Recreation)
CHIS,1981,1,CL,0,Conc Lodging,conc_lodging,Concessioner Lodging Overnight Stays
CHIS,1981,1,CCG,0,Conc Camp,conc_camp,Concessioner Campground Overnight Stays
CHIS,1981,1,TT,10,Tent Camp,tent_camp,Tent Camping Overnight Stays (NPS)
CHIS,1981,1,TRVS,0,Rec Stays,rec_stays,Total Recreation Overnight Stays
CHIS,1981,1,TTRV,10,Tent & RV,tent_rv,Total Tent and RV Camping Stays
CHIS,1981,1,BC,0,Backcountry,backcountry,Backcountry Camping Overnight Stays
CHIS,1981,1,MISC,407,Misc Stays,misc_stays,Miscellaneous Overnight Stays
CHIS,1981,1,NROS,675,Non-Rec Stays,non_rec_stays,Non-Recreation Overnight Stays
CHIS,1981,1,TOS,1092,Total Stays,total_stays,Total Overnight Stays
CHIS,1981,1,TNRVH,23226,Non-Rec Hrs,non_rec_hrs,Total Non-Recreation Visitor Hours
CHIS,1981,2,TRV,5645,Rec Visits,rec_visits,Total Recreation Visits
CHIS,1981,2,TNRV,1124,Non-Rec Visits,non_rec_visits,Total Non-Recreation Visits
CHIS,1981,2,TV,6769,Total Visits,total_visits,Total Visits (Recreation + Non-Recreation)
CHIS,1981,2,TRVH,35753,Rec Hrs,rec_hrs,Total Recreation Visitor Hours
CHIS,1981,2,TH,50669,Total Hrs,total_hrs,Total Hours (Recreation + Non-Recreation)
CHIS,1981,2,CL,0,Conc Lodging,conc_lodging,Concessioner Lodging Overnight Stays
CHIS,1981,2,CCG,0,Conc Camp,conc_camp,Concessioner Campground Overnight Stays
CHIS,1981,2,TT,7,Tent Camp,tent_camp,Tent Camping Overnight Stays (NPS)
CHIS,1981,2,TRVS,0,Rec Stays,rec_stays,Total Recreation Overnight Stays
CHIS,1981,2,TTRV,7,Tent & RV,tent_rv,Total Tent and RV Camping Stays
CHIS,1981,2,BC,0,Backcountry,backcountry,Backcountry Camping Overnight Stays
CHIS,1981,2,MISC,318,Misc Stays,misc_stays,Miscellaneous Overnight Stays
CHIS,1981,2,NROS,454,Non-Rec Stays,non_rec_stays,Non-Recreation Overnight Stays
CHIS,1981,2,TOS,779,Total Stays,total_stays,Total Overnight Stays
CHIS,1981,2,TNRVH,14916,Non-Rec Hrs,non_rec_hrs,Total Non-Recreation Visitor Hours
CHIS,1981,3,TRV,5603,Rec Visits,rec_visits,Total Recreation Visits
CHIS,1981,3,TNRV,2206,Non-Rec Visits,non_rec_visits,Total Non-Recreation Visits
CHIS,1981,3,TV,7809,Total Visits,total_visits,Total Visits (Recreation + Non-Recreation)
CHIS,1981,3,TRVH,33187,Rec Hrs,rec_hrs,Total Recreation Visitor Hours
CHIS,1981,3,TH,59401,Total Hrs,total_hrs,Total Hours (Recreation + Non-Recreation)
CHIS,1981,3,CL,0,Conc Lodging,conc_lodging,Concessioner Lodging Overnight Stays
CHIS,1981,3,CCG,0,Conc Camp,conc_camp,Concessioner Campground Overnight Stays
CHIS,1981,3,TT,51,Tent Camp,tent_camp,Tent Camping Overnight Stays (NPS)
CHIS,1981,3,TRVS,0,Rec Stays,rec_stays,Total Recreation Overnight Stays
CHIS,1981,3,TTRV,51,Tent & RV,tent_rv,Total Tent and RV Camping Stays
CHIS,1981,3,BC,0,Backcountry,backcountry,Backcountry Camping Overnight Stays
CHIS,1981,3,MISC,282,Misc Stays,misc_stays,Miscellaneous Overnight Stays
CHIS,1981,3,NROS,721,Non-Rec Stays,non_rec_stays,Non-Recreation Overnight Stays
CHIS,1981,3,TOS,1054,Total Stays,total_stays,Total Overnight Stays
CHIS,1981,3,TNRVH,26214,Non-Rec Hrs,non_rec_hrs,Total Non-Recreation Visitor Hours
CHIS,1981,4,TRV,5247,Rec Visits,rec_visits,Total Recreation Visits
CHIS,1981,4,TNRV,1488,Non-Rec Visits,non_rec_visits,Total Non-Recreation Visits
CHIS,1981,4,TV,6735,Total Visits,total_visits,Total Visits (Recreation + Non-Recreation)
CHIS,1981,4,TRVH,34462,Rec Hrs,rec_hrs,Total Recreation Visitor Hours
CHIS,1981,4,TH,52714,Total Hrs,total_hrs,Total Hours (Recreation + Non-Recreation)
CHIS,1981,4,CL,0,Conc Lodging,conc_lodging,Concessioner Lodging Overnight Stays
CHIS,1981,4,CCG,0,Conc Camp,conc_camp,Concessioner Campground Overnight Stays
CHIS,1981,4,TT,88,Tent Camp,tent_camp,Tent Camping Overnight Stays (NPS)
CHIS,1981,4,TRVS,0,Rec Stays,rec_stays,Total Recreation Overnight Stays
CHIS,1981,4,TTRV,88,Tent & RV,tent_rv,Total Tent and RV Camping Stays
CHIS,1981,4,BC,0,Backcountry,backcountry,Backcountry Camping Overnight Stays
CHIS,1981,4,MISC,509,Misc Stays,misc_stays,Miscellaneous Overnight Stays
CHIS,1981,4,NROS,518,Non-Rec Stays,non_rec_stays,Non-Recreation Overnight Stays
CHIS,1981,4,TOS,1115,Total Stays,total_stays,Total Overnight Stays
CHIS,1981,4,TNRVH,18252,Non-Rec Hrs,non_rec_hrs,Total Non-Recreation Visitor Hours
CHIS,1981,5,TRV,9070,Rec Visits,rec_visits,Total Recreation Visits
CHIS,1981,5,TNRV,1438,Non-Rec Visits,non_rec_visits,Total Non-Recreation Visits
CHIS,1981,5,TV,10508,Total Visits,total_visits,Total Visits (Recreation + Non-Recreation)
CHIS,1981,5,TRVH,69170,Rec Hrs,rec_hrs,Total Recreation Visitor Hours
CHIS,1981,5,TH,87248,Total Hrs,total_hrs,Total Hours (Recreation + Non-Recreation)
CHIS,1981,5,CL,0,Conc Lodging,conc_lodging,Concessioner Lodging Overnight Stays
CHIS,1981,5,CCG,0,Conc Camp,conc_camp,Concessioner Campground Overnight Stays
CHIS,1981,5,TT,56,Tent Camp,tent_camp,Tent Camping Overnight Stays (NPS)
CHIS,1981,5,TRVS,0,Rec Stays,rec_stays,Total Recreation Overnight Stays
CHIS,1981,5,TTRV,56,Tent & RV,tent_rv,Total Tent and RV Camping Stays
CHIS,1981,5,BC,0,Backcountry,backcountry,Backcountry Camping Overnight Stays
CHIS,1981,5,MISC,1365,Misc Stays,misc_stays,Miscellaneous Overnight Stays
CHIS,1981,5,NROS,525,Non-Rec Stays,non_rec_stays,Non-Recreation Overnight Stays
CHIS,1981,5,TOS,1946,Total Stays,total_stays,Total Overnight Stays
CHIS,1981,5,TNRVH,18078,Non-Rec Hrs,non_rec_hrs,Total Non-Recreation Visitor Hours
CHIS,1981,6,TRV,7723,Rec Visits,rec_visits,Total Recreation Visits
CHIS,1981,6,TNRV,1574,Non-Rec Visits,non_rec_visits,Total Non-Recreation Visits
CHIS,1981,6,TV,9297,Total Visits,total_visits,Total Visits (Recreation + Non-Recreation)
CHIS,1981,6,TRVH,64204,Rec Hrs,rec_hrs,Total Recreation Visitor Hours
CHIS,1981,6,TH,85834,Total Hrs,total_hrs,Total Hours (Recreation + Non-Recreation)
CHIS,1981,6,CL,0,Conc Lodging,conc_lodging,Concessioner Lodging Overnight Stays
CHIS,1981,6,CCG,0,Conc Camp,conc_camp,Concessioner Campground Overnight Stays
CHIS,1981,6,TT,268,Tent Camp,tent_camp,Tent Camping Overnight Stays (NPS)
CHIS,1981,6,TRVS,0,Rec Stays,rec_stays,Total Recreation Overnight Stays
CHIS,1981,6,TTRV,268,Tent & RV,tent_rv,Total Tent and RV Camping Stays
CHIS,1981,6,BC,0,Backcountry,backcountry,Backcountry Camping Overnight Stays
CHIS,1981,6,MISC,997,Misc Stays,misc_stays,Miscellaneous Overnight Stays
CHIS,1981,6,NROS,677,Non-Rec Stays,non_rec_stays,Non-Recreation Overnight Stays
CHIS,1981,6,TOS,1942,Total Stays,total_stays,Total Overnight Stays
CHIS,1981,6,TNRVH,21630,Non-Rec Hrs,non_rec_hrs,Total Non-Recreation Visitor Hours
CHIS,1981,7,TRV,12086,Rec Visits,rec_visits,Total Recreation Visits
CHIS,1981,7,TNRV,2118,Non-Rec Visits,non_rec_visits,Total Non-Recreation Visits
CHIS,1981,7,TV,14204,Total Visits,total_visits,Total Visits (Recreation + Non-Recreation)
CHIS,1981,7,TRVH,89939,Rec Hrs,rec_hrs,Total Recreation Visitor Hours
CHIS,1981,7,TH,114959,Total Hrs,total_hrs,Total Hours (Recreation + Non-Recreation)
CHIS,1981,7,CL,0,Conc Lodging,conc_lodging,Concessioner Lodging Overnight Stays
CHIS,1981,7,CCG,0,Conc Camp,conc_camp,Concessioner Campground Overnight Stays
CHIS,1981,7,TT,110,Tent Camp,tent_camp,Tent Camping Overnight Stays (NPS)
CHIS,1981,7,TRVS,0,Rec Stays,rec_stays,Total Recreation Overnight Stays
CHIS,1981,7,TTRV,110,Tent & RV,tent_rv,Total Tent and RV Camping Stays
CHIS,1981,7,BC,0,Backcountry,backcountry,Backcountry Camping Overnight Stays
CHIS,1981,7,MISC,1545,Misc Stays,misc_stays,Miscellaneous Overnight Stays
CHIS,1981,7,NROS,684,Non-Rec Stays,non_rec_stays,Non-Recreation Overnight Stays
CHIS,1981,7,TOS,2339,Total Stays,total_stays,Total Overnight Stays
CHIS,1981,7,TNRVH,25020,Non-Rec Hrs,non_rec_hrs,Total Non-Recreation Visitor Hours
CHIS,1981,8,TRV,13813,Rec Visits,rec_visits,Total Recreation Visits
CHIS,1981,8,TNRV,2827,Non-Rec Visits,non_rec_visits,Total Non-Recreation Visits
CHIS,1981,8,TV,16640,Total Visits,total_visits,Total Visits (Recreation + Non-Recreation)
CHIS,1981,8,TRVH,103074,Rec Hrs,rec_hrs,Total Recreation Visitor Hours
CHIS,1981,8,TH,137712,Total Hrs,total_hrs,Total Hours (Recreation + Non-Recreation)
CHIS,1981,8,CL,0,Conc Lodging,conc_lodging,Concessioner Lodging Overnight Stays
CHIS,1981,8,CCG,0,Conc Camp,conc_camp,Concessioner Campground Overnight Stays
CHIS,1981,8,TT,172,Tent Camp,tent_camp,Tent Camping Overnight Stays (NPS)
CHIS,1981,8,TRVS,0,Rec Stays,rec_stays,Total Recreation Overnight Stays
CHIS,1981,8,TTRV,172,Tent & RV,tent_rv,Total Tent and RV Camping Stays
CHIS,1981,8,BC,0,Backcountry,backcountry,Backcountry Camping Overnight Stays
CHIS,1981,8,MISC,1746,Misc Stays,misc_stays,Miscellaneous Overnight Stays
CHIS,1981,8,NROS,982,Non-Rec Stays,non_rec_stays,Non-Recreation Overnight Stays
CHIS,1981,8,TOS,2900,Total Stays,total_stays,Total Overnight Stays
CHIS,1981,8,TNRVH,34638,Non-Rec Hrs,non_rec_hrs,Total Non-Recreation Visitor Hours
CHIS,1981,9,TRV,10969,Rec Visits,rec_visits,Total Recreation Visits
CHIS,1981,9,TNRV,1874,Non-Rec Visits,non_rec_visits,Total Non-Recreation Visits
CHIS,1981,9,TV,12843,Total Visits,total_visits,Total Visits (Recreation + Non-Recreation)
CHIS,1981,9,TRVH,97789,Rec Hrs,rec_hrs,Total Recreation Visitor Hours
CHIS,1981,9,TH,120147,Total Hrs,total_hrs,Total Hours (Recreation + Non-Recreation)
CHIS,1981,9,CL,0,Conc Lodging,conc_lodging,Concessioner Lodging Overnight Stays
CHIS,1981,9,CCG,0,Conc Camp,conc_camp,Concessioner Campground Overnight Stays
CHIS,1981,9,TT,122,Tent Camp,tent_camp,Tent Camping Overnight Stays (NPS)
CHIS,1981,9,TRVS,0,Rec Stays,rec_stays,Total Recreation Overnight Stays
CHIS,1981,9,TTRV,122,Tent & RV,tent_rv,Total Tent and RV Camping Stays
CHIS,1981,9,BC,0,Backcountry,backcountry,Backcountry Camping Overnight Stays
CHIS,1981,9,MISC,1584,Misc Stays,misc_stays,Miscellaneous Overnight Stays
CHIS,1981,9,NROS,673,Non-Rec Stays,non_rec_stays,Non-Recreation Overnight Stays
CHIS,1981,9,TOS,2379,Total Stays,total_stays,Total Overnight Stays
CHIS,1981,9,TNRVH,22358,Non-Rec Hrs,non_rec_hrs,Total Non-Recreation Visitor Hours
CHIS,1981,10,TRV,5979,Rec Visits,rec_visits,Total Recreation Visits
CHIS,1981,10,TNRV,1954,Non-Rec Visits,non_rec_visits,Total Non-Recreation Visits
CHIS,1981,10,TV,7933,Total Visits,total_visits,Total Visits (Recreation + Non-Recreation)
CHIS,1981,10,TRVH,34231,Rec Hrs,rec_hrs,Total Recreation Visitor Hours
CHIS,1981,10,TH,59329,Total Hrs,total_hrs,Total Hours (Recreation + Non-Recreation)
CHIS,1981,10,CL,0,Conc Lodging,conc_lodging,Concessioner Lodging Overnight Stays
CHIS,1981,10,CCG,0,Conc Camp,conc_camp,Concessioner Campground Overnight Stays
CHIS,1981,10,TT,43,Tent Camp,tent_camp,Tent Camping Overnight Stays (NPS)
CHIS,1981,10,TRVS,0,Rec Stays,rec_stays,Total Recreation Overnight Stays
CHIS,1981,10,TTRV,43,Tent & RV,tent_rv,Total Tent and RV Camping Stays
CHIS,1981,10,BC,0,Backcountry,backcountry,Backcountry Camping Overnight Stays
CHIS,1981,10,MISC,490,Misc Stays,misc_stays,Miscellaneous Overnight Stays
CHIS,1981,10,NROS,743,Non-Rec Stays,non_rec_stays,Non-Recreation Overnight Stays
CHIS,1981,10,TOS,1276,Total Stays,total_stays,Total Overnight Stays
CHIS,1981,10,TNRVH,25098,Non-Rec Hrs,non_rec_hrs,Total Non-Recreation Visitor Hours
CHIS,1981,11,TRV,4479,Rec Visits,rec_visits,Total Recreation Visits
CHIS,1981,11,TNRV,1549,Non-Rec Visits,non_rec_visits,Total Non-Recreation Visits
CHIS,1981,11,TV,6028,Total Visits,total_visits,Total Visits (Recreation + Non-Recreation)
CHIS,1981,11,TRVH,19877,Rec Hrs,rec_hrs,Total Recreation Visitor Hours
CHIS,1981,11,TH,39467,Total Hrs,total_hrs,Total Hours (Recreation + Non-Recreation)
CHIS,1981,11,CL,0,Conc Lodging,conc_lodging,Concessioner Lodging Overnight Stays
CHIS,1981,11,CCG,0,Conc Camp,conc_camp,Concessioner Campground Overnight Stays
CHIS,1981,11,TT,5,Tent Camp,tent_camp,Tent Camping Overnight Stays (NPS)
CHIS,1981,11,TRVS,0,Rec Stays,rec_stays,Total Recreation Overnight Stays
CHIS,1981,11,TTRV,5,Tent & RV,tent_rv,Total Tent and RV Camping Stays
CHIS,1981,11,BC,0,Backcountry,backcountry,Backcountry Camping Overnight Stays
CHIS,1981,11,MISC,266,Misc Stays,misc_stays,Miscellaneous Overnight Stays
CHIS,1981,11,NROS,572,Non-Rec Stays,non_rec_stays,Non-Recreation Overnight Stays
CHIS,1981,11,TOS,843,Total Stays,total_stays,Total Overnight Stays
CHIS,1981,11,TNRVH,19590,Non-Rec Hrs,non_rec_hrs,Total Non-Recreation Visitor Hours
CHIS,1981,12,TRV,4085,Rec Visits,rec_visits,Total Recreation Visits
CHIS,1981,12,TNRV,1906,Non-Rec Visits,non_rec_visits,Total Non-Recreation Visits
CHIS,1981,12,TV,5991,Total Visits,total_visits,Total Visits (Recreation + Non-Recreation)
CHIS,1981,12,TRVH,18090,Rec Hrs,rec_hrs,Total Recreation Visitor Hours
CHIS,1981,12,TH,41964,Total Hrs,total_hrs,Total Hours (Recreation + Non-Recreation)
CHIS,1981,12,CL,0,Conc Lodging,conc_lodging,Concessioner Lodging Overnight Stays
CHIS,1981,12,CCG,0,Conc Camp,conc_camp,Concessioner Campground Overnight Stays
CHIS,1981,12,TT,37,Tent Camp,tent_camp,Tent Camping Overnight Stays (NPS)
CHIS,1981,12,TRVS,0,Rec Stays,rec_stays,Total Recreation Overnight Stays
CHIS,1981,12,TTRV,37,Tent & RV,tent_rv,Total Tent and RV Camping Stays
CHIS,1981,12,BC,0,Backcountry,backcountry,Backcountry Camping Overnight Stays
CHIS,1981,12,MISC,185,Misc Stays,misc_stays,Miscellaneous Overnight Stays
CHIS,1981,12,NROS,691,Non-Rec Stays,non_rec_stays,Non-Recreation Overnight Stays
CHIS,1981,12,TOS,913,Total Stays,total_stays,Total Overnight Stays
CHIS,1981,12,TNRVH,23874,Non-Rec Hrs,non_rec_hrs,Total Non-Recreation Visitor Hours
CHIS,1982,1,TRV,5451,Rec Visits,rec_visits,Total Recreation Visits
CHIS,1982,1,TNRV,1437,Non-Rec Visits,non_rec_visits,Total Non-Recreation Visits
CHIS,1982,1,TV,6888,Total Visits,total_visits,Total Visits (Recreation + Non-Recreation)
CHIS,1982,1,TRVH,22444,Rec Hrs,rec_hrs,Total Recreation Visitor Hours
CHIS,1982,1,TH,40912,Total Hrs,total_hrs,Total Hours (Recreation + Non-Recreation)
CHIS,1982,1,CL,0,Conc Lodging,conc_lodging,Concessioner Lodging Overnight Stays
CHIS,1982,1,CCG,0,Conc Camp,conc_camp,Concessioner Campground Overnight Stays
CHIS,1982,1,TT,20,Tent Camp,tent_camp,Tent Camping Overnight Stays (NPS)
CHIS,1982,1,TRVS,0,Rec Stays,rec_stays,Total Recreation Overnight Stays
CHIS,1982,1,TTRV,20,Tent & RV,tent_rv,Total Tent and RV Camping Stays
CHIS,1982,1,BC,0,Backcountry,backcountry,Backcountry Camping Overnight Stays
CHIS,1982,1,MISC,104,Misc Stays,misc_stays,Miscellaneous Overnight Stays
CHIS,1982,1,NROS,547,Non-Rec Stays,non_rec_stays,Non-Recreation Overnight Stays
CHIS,1982,1,TOS,671,Total Stays,total_stays,Total Overnight Stays
CHIS,1982,1,TNRVH,18468,Non-Rec Hrs,non_rec_hrs,Total Non-Recreation Visitor Hours
CHIS,1982,2,TRV,13275,Rec Visits,rec_visits,Total Recreation Visits
CHIS,1982,2,TNRV,1364,Non-Rec Visits,non_rec_visits,Total Non-Recreation Visits
CHIS,1982,2,TV,14639,Total Visits,total_visits,Total Visits (Recreation + Non-Recreation)
CHIS,1982,2,TRVH,34510,Rec Hrs,rec_hrs,Total Recreation Visitor Hours
CHIS,1982,2,TH,53026,Total Hrs,total_hrs,Total Hours (Recreation + Non-Recreation)
CHIS,1982,2,CL,0,Conc Lodging,conc_lodging,Concessioner Lodging Overnight Stays
CHIS,1982,2,CCG,0,Conc Camp,conc_camp,Concessioner Campground Overnight Stays
CHIS,1982,2,TT,22,Tent Camp,tent_camp,Tent Camping Overnight Stays (NPS)
CHIS,1982,2,TRVS,0,Rec Stays,rec_stays,Total Recreation Overnight Stays
CHIS,1982,2,TTRV,22,Tent & RV,tent_rv,Total Tent and RV Camping Stays
CHIS,1982,2,BC,0,Backcountry,backcountry,Backcountry Camping Overnight Stays
CHIS,1982,2,MISC,252,Misc Stays,misc_stays,Miscellaneous Overnight Stays
CHIS,1982,2,NROS,574,Non-Rec Stays,non_rec_stays,Non-Recreation Overnight Stays
CHIS,1982,2,TOS,848,Total Stays,total_stays,Total Overnight Stays
CHIS,1982,2,TNRVH,18516,Non-Rec Hrs,non_rec_hrs,Total Non-Recreation Visitor Hours
CHIS,1982,3,TRV,10530,Rec Visits,rec_visits,Total Recreation Visits
CHIS,1982,3,TNRV,1139,Non-Rec Visits,non_rec_visits,Total Non-Recreation Visits
CHIS,1982,3,TV,11669,Total Visits,total_visits,Total Visits (Recreation + Non-Recreation)
CHIS,1982,3,TRVH,34682,Rec Hrs,rec_hrs,Total Recreation Visitor Hours
CHIS,1982,3,TH,47870,Total Hrs,total_hrs,Total Hours (Recreation + Non-Recreation)
CHIS,1982,3,CL,0,Conc Lodging,conc_lodging,Concessioner Lodging Overnight Stays
CHIS,1982,3,CCG,0,Conc Camp,conc_camp,Concessioner Campground Overnight Stays
CHIS,1982,3,TT,87,Tent Camp,tent_camp,Tent Camping Overnight Stays (NPS)
CHIS,1982,3,TRVS,0,Rec Stays,rec_stays,Total Recreation Overnight Stays
CHIS,1982,3,TTRV,87,Tent & RV,tent_rv,Total Tent and RV Camping Stays
CHIS,1982,3,BC,0,Backcountry,backcountry,Backcountry Camping Overnight Stays
CHIS,1982,3,MISC,174,Misc Stays,misc_stays,Miscellaneous Overnight Stays
CHIS,1982,3,NROS,353,Non-Rec Stays,non_rec_stays,Non-Recreation Overnight Stays
CHIS,1982,3,TOS,614,Total Stays,total_stays,Total Overnight Stays
CHIS,1982,3,TNRVH,13188,Non-Rec Hrs,non_rec_hrs,Total Non-Recreation Visitor Hours
CHIS,1982,4,TRV,11280,Rec Visits,rec_visits,Total Recreation Visits
CHIS,1982,4,TNRV,1708,Non-Rec Visits,non_rec_visits,Total Non-Recreation Visits
CHIS,1982,4,TV,12988,Total Visits,total_visits,Total Visits (Recreation + Non-Recreation)
CHIS,1982,4,TRVH,43018,Rec Hrs,rec_hrs,Total Recreation Visitor Hours
CHIS,1982,4,TH,62896,Total Hrs,total_hrs,Total Hours (Recreation + Non-Recreation)
CHIS,1982,4,CL,0,Conc Lodging,conc_lodging,Concessioner Lodging Overnight Stays
CHIS,1982,4,CCG,0,Conc Camp,conc_camp,Concessioner Campground Overnight Stays
CHIS,1982,4,TT,109,Tent Camp,tent_camp,Tent Camping Overnight Stays (NPS)
CHIS,1982,4,TRVS,0,Rec Stays,rec_stays,Total Recreation Overnight Stays
CHIS,1982,4,TTRV,109,Tent & RV,tent_rv,Total Tent and RV Camping Stays
CHIS,1982,4,BC,0,Backcountry,backcountry,Backcountry Camping Overnight Stays
CHIS,1982,4,MISC,354,Misc Stays,misc_stays,Miscellaneous Overnight Stays
CHIS,1982,4,NROS,535,Non-Rec Stays,non_rec_stays,Non-Recreation Overnight Stays
CHIS,1982,4,TOS,998,Total Stays,total_stays,Total Overnight Stays
CHIS,1982,4,TNRVH,19878,Non-Rec Hrs,non_rec_hrs,Total Non-Recreation Visitor Hours
CHIS,1982,5,TRV,16845,Rec Visits,rec_visits,Total Recreation Visits
CHIS,1982,5,TNRV,1549,Non-Rec Visits,non_rec_visits,Total Non-Recreation Visits
CHIS,1982,5,TV,18394,Total Visits,total_visits,Total Visits (Recreation + Non-Recreation)
CHIS,1982,5,TRVH,96386,Rec Hrs,rec_hrs,Total Recreation Visitor Hours
CHIS,1982,5,TH,114644,Total Hrs,total_hrs,Total Hours (Recreation + Non-Recreation)
CHIS,1982,5,CL,0,Conc Lodging,conc_lodging,Concessioner Lodging Overnight Stays
CHIS,1982,5,CCG,0,Conc Camp,conc_camp,Concessioner Campground Overnight Stays
CHIS,1982,5,TT,210,Tent Camp,tent_camp,Tent Camping Overnight Stays (NPS)
CHIS,1982,5,TRVS,0,Rec Stays,rec_stays,Total Recreation Overnight Stays
CHIS,1982,5,TTRV,210,Tent & RV,tent_rv,Total Tent and RV Camping Stays
CHIS,1982,5,BC,0,Backcountry,backcountry,Backcountry Camping Overnight Stays
CHIS,1982,5,MISC,1337,Misc Stays,misc_stays,Miscellaneous Overnight Stays
CHIS,1982,5,NROS,498,Non-Rec Stays,non_rec_stays,Non-Recreation Overnight Stays
CHIS,1982,5,TOS,2045,Total Stays,total_stays,Total Overnight Stays
CHIS,1982,5,TNRVH,18258,Non-Rec Hrs,non_rec_hrs,Total Non-Recreation Visitor Hours
CHIS,1982,6,TRV,14760,Rec Visits,rec_visits,Total Recreation Visits
CHIS,1982,6,TNRV,1648,Non-Rec Visits,non_rec_visits,Total Non-Recreation Visits
CHIS,1982,6,TV,16408,Total Visits,total_visits,Total Visits (Recreation + Non-Recreation)
CHIS,1982,6,TRVH,66927,Rec Hrs,rec_hrs,Total Recreation Visitor Hours
CHIS,1982,6,TH,87273,Total Hrs,total_hrs,Total Hours (Recreation + Non-Recreation)
CHIS,1982,6,CL,0,Conc Lodging,conc_lodging,Concessioner Lodging Overnight Stays
CHIS,1982,6,CCG,0,Conc Camp,conc_camp,Concessioner Campground Overnight Stays
CHIS,1982,6,TT,384,Tent Camp,tent_camp,Tent Camping Overnight Stays (NPS)
CHIS,1982,6,TRVS,0,Rec Stays,rec_stays,Total Recreation Overnight Stays
CHIS,1982,6,TTRV,384,Tent & RV,tent_rv,Total Tent and RV Camping Stays
CHIS,1982,6,BC,0,Backcountry,backcountry,Backcountry Camping Overnight Stays
CHIS,1982,6,MISC,613,Misc Stays,misc_stays,Miscellaneous Overnight Stays
CHIS,1982,6,NROS,581,Non-Rec Stays,non_rec_stays,Non-Recreation Overnight Stays
CHIS,1982,6,TOS,1578,Total Stays,total_stays,Total Overnight Stays
CHIS,1982,6,TNRVH,20346,Non-Rec Hrs,non_rec_hrs,Total Non-Recreation Visitor Hours
CHIS,1982,7,TRV,25454,Rec Visits,rec_visits,Total Recreation Visits
CHIS,1982,7,TNRV,3010,Non-Rec Visits,non_rec_visits,Total Non-Recreation Visits
CHIS,1982,7,TV,28464,Total Visits,total_visits,Total Visits (Recreation + Non-Recreation)
CHIS,1982,7,TRVH,152870,Rec Hrs,rec_hrs,Total Recreation Visitor Hours
CHIS,1982,7,TH,191684,Total Hrs,total_hrs,Total Hours (Recreation + Non-Recreation)
CHIS,1982,7,CL,0,Conc Lodging,conc_lodging,Concessioner Lodging Overnight Stays
CHIS,1982,7,CCG,0,Conc Camp,conc_camp,Concessioner Campground Overnight Stays
CHIS,1982,7,TT,535,Tent Camp,tent_camp,Tent Camping Overnight Stays (NPS)
CHIS,1982,7,TRVS,0,Rec Stays,rec_stays,Total Recreation Overnight Stays
CHIS,1982,7,TTRV,535,Tent & RV,tent_rv,Total Tent and RV Camping Stays
CHIS,1982,7,BC,0,Backcountry,backcountry,Backcountry Camping Overnight Stays
CHIS,1982,7,MISC,2260,Misc Stays,misc_stays,Miscellaneous Overnight Stays
CHIS,1982,7,NROS,1153,Non-Rec Stays,non_rec_stays,Non-Recreation Overnight Stays
CHIS,1982,7,TOS,3948,Total Stays,total_stays,Total Overnight Stays
CHIS,1982,7,TNRVH,38814,Non-Rec Hrs,non_rec_hrs,Total Non-Recreation Visitor Hours
CHIS,1982,8,TRV,26972,Rec Visits,rec_visits,Total Recreation Visits
CHIS,1982,8,TNRV,3045,Non-Rec Visits,non_rec_visits,Total Non-Recreation Visits
CHIS,1982,8,TV,30017,Total Visits,total_visits,Total Visits (Recreation + Non-Recreation)
CHIS,1982,8,TRVH,149331,Rec Hrs,rec_hrs,Total Recreation Visitor Hours
CHIS,1982,8,TH,189489,Total Hrs,total_hrs,Total Hours (Recreation + Non-Recreation)
CHIS,1982,8,CL,0,Conc Lodging,conc_lodging,Concessioner Lodging Overnight Stays
CHIS,1982,8,CCG,0,Conc Camp,conc_camp,Concessioner Campground Overnight Stays
CHIS,1982,8,TT,433,Tent Camp,tent_camp,Tent Camping Overnight Stays (NPS)
CHIS,1982,8,TRVS,0,Rec Stays,rec_stays,Total Recreation Overnight Stays
CHIS,1982,8,TTRV,433,Tent & RV,tent_rv,Total Tent and RV Camping Stays
CHIS,1982,8,BC,0,Backcountry,backcountry,Backcountry Camping Overnight Stays
CHIS,1982,8,MISC,2259,Misc Stays,misc_stays,Miscellaneous Overnight Stays
CHIS,1982,8,NROS,1216,Non-Rec Stays,non_rec_stays,Non-Recreation Overnight Stays
CHIS,1982,8,TOS,3908,Total Stays,total_stays,Total Overnight Stays
CHIS,1982,8,TNRVH,40158,Non-Rec Hrs,non_rec_hrs,Total Non-Recreation Visitor Hours
CHIS,1982,9,TRV,15384,Rec Visits,rec_visits,Total Recreation Visits
CHIS,1982,9,TNRV,1533,Non-Rec Visits,non_rec_visits,Total Non-Recreation Visits
CHIS,1982,9,TV,16917,Total Visits,total_visits,Total Visits (Recreation + Non-Recreation)
CHIS,1982,9,TRVH,81917,Rec Hrs,rec_hrs,Total Recreation Visitor Hours
CHIS,1982,9,TH,102509,Total Hrs,total_hrs,Total Hours (Recreation + Non-Recreation)
CHIS,1982,9,CL,0,Conc Lodging,conc_lodging,Concessioner Lodging Overnight Stays
CHIS,1982,9,CCG,0,Conc Camp,conc_camp,Concessioner Campground Overnight Stays
CHIS,1982,9,TT,187,Tent Camp,tent_camp,Tent Camping Overnight Stays (NPS)
CHIS,1982,9,TRVS,0,Rec Stays,rec_stays,Total Recreation Overnight Stays
CHIS,1982,9,TTRV,187,Tent & RV,tent_rv,Total Tent and RV Camping Stays
CHIS,1982,9,BC,0,Backcountry,backcountry,Backcountry Camping Overnight Stays
CHIS,1982,9,MISC,1417,Misc Stays,misc_stays,Miscellaneous Overnight Stays
CHIS,1982,9,NROS,633,Non-Rec Stays,non_rec_stays,Non-Recreation Overnight Stays
CHIS,1982,9,TOS,2237,Total Stays,total_stays,Total Overnight Stays
CHIS,1982,9,TNRVH,20592,Non-Rec Hrs,non_rec_hrs,Total Non-Recreation Visitor Hours
CHIS,1982,10,TRV,11059,Rec Visits,rec_visits,Total Recreation Visits
CHIS,1982,10,TNRV,1819,Non-Rec Visits,non_rec_visits,Total Non-Recreation Visits
CHIS,1982,10,TV,12878,Total Visits,total_visits,Total Visits (Recreation + Non-Recreation)
CHIS,1982,10,TRVH,45612,Rec Hrs,rec_hrs,Total Recreation Visitor Hours
CHIS,1982,10,TH,68946,Total Hrs,total_hrs,Total Hours (Recreation + Non-Recreation)
CHIS,1982,10,CL,0,Conc Lodging,conc_lodging,Concessioner Lodging Overnight Stays
CHIS,1982,10,CCG,0,Conc Camp,conc_camp,Concessioner Campground Overnight Stays
CHIS,1982,10,TT,32,Tent Camp,tent_camp,Tent Camping Overnight Stays (NPS)
CHIS,1982,10,TRVS,0,Rec Stays,rec_stays,Total Recreation Overnight Stays
CHIS,1982,10,TTRV,32,Tent & RV,tent_rv,Total Tent and RV Camping Stays
CHIS,1982,10,BC,0,Backcountry,backcountry,Backcountry Camping Overnight Stays
CHIS,1982,10,MISC,393,Misc Stays,misc_stays,Miscellaneous Overnight Stays
CHIS,1982,10,NROS,690,Non-Rec Stays,non_rec_stays,Non-Recreation Overnight Stays
CHIS,1982,10,TOS,1115,Total Stays,total_stays,Total Overnight Stays
CHIS,1982,10,TNRVH,23334,Non-Rec Hrs,non_rec_hrs,Total Non-Recreation Visitor Hours
CHIS,1982,11,TRV,12296,Rec Visits,rec_visits,Total Recreation Visits
CHIS,1982,11,TNRV,1119,Non-Rec Visits,non_rec_visits,Total Non-Recreation Visits
CHIS,1982,11,TV,13415,Total Visits,total_visits,Total Visits (Recreation + Non-Recreation)
CHIS,1982,11,TRVH,36968,Rec Hrs,rec_hrs,Total Recreation Visitor Hours
CHIS,1982,11,TH,51350,Total Hrs,total_hrs,Total Hours (Recreation + Non-Recreation)
CHIS,1982,11,CL,0,Conc Lodging,conc_lodging,Concessioner Lodging Overnight Stays
CHIS,1982,11,CCG,0,Conc Camp,conc_camp,Concessioner Campground Overnight Stays
CHIS,1982,11,TT,105,Tent Camp,tent_camp,Tent Camping Overnight Stays (NPS)
CHIS,1982,11,TRVS,0,Rec Stays,rec_stays,Total Recreation Overnight Stays
CHIS,1982,11,TTRV,105,Tent & RV,tent_rv,Total Tent and RV Camping Stays
CHIS,1982,11,BC,0,Backcountry,backcountry,Backcountry Camping Overnight Stays
CHIS,1982,11,MISC,224,Misc Stays,misc_stays,Miscellaneous Overnight Stays
CHIS,1982,11,NROS,426,Non-Rec Stays,non_rec_stays,Non-Recreation Overnight Stays
CHIS,1982,11,TOS,755,Total Stays,total_stays,Total Overnight Stays
CHIS,1982,11,TNRVH,14382,Non-Rec Hrs,non_rec_hrs,Total Non-Recreation Visitor Hours
CHIS,1982,12,TRV,8981,Rec Visits,rec_visits,Total Recreation Visits
CHIS,1982,12,TNRV,951,Non-Rec Visits,non_rec_visits,Total Non-Recreation Visits
CHIS,1982,12,TV,9932,Total Visits,total_visits,Total Visits (Recreation + Non-Recreation)
CHIS,1982,12,TRVH,24101,Rec Hrs,rec_hrs,Total Recreation Visitor Hours
CHIS,1982,12,TH,35495,Total Hrs,total_hrs,Total Hours (Recreation + Non-Recreation)
CHIS,1982,12,CL,0,Conc Lodging,conc_lodging,Concessioner Lodging Overnight Stays
CHIS,1982,12,CCG,0,Conc Camp,conc_camp,Concessioner Campground Overnight Stays
CHIS,1982,12,TT,49,Tent Camp,tent_camp,Tent Camping Overnight Stays (NPS)
CHIS,1982,12,TRVS,0,Rec Stays,rec_stays,Total Recreation Overnight Stays
CHIS,1982,12,TTRV,49,Tent & RV,tent_rv,Total Tent and RV Camping Stays
CHIS,1982,12,BC,0,Backcountry,backcountry,Backcountry Camping Overnight Stays
CHIS,1982,12,MISC,153,Misc Stays,misc_stays,Miscellaneous Overnight Stays
CHIS,1982,12,NROS,316,Non-Rec Stays,non_rec_stays,Non-Recreation Overnight Stays
CHIS,1982,12,TOS,518,Total Stays,total_stays,Total Overnight Stays
CHIS,1982,12,TNRVH,11394,Non-Rec Hrs,non_rec_hrs,Total Non-Recreation Visitor Hours
CHIS,1983,1,TRV,13809,Rec Visits,rec_visits,Total Recreation Visits
CHIS,1983,1,TNRV,706,Non-Rec Visits,non_rec_visits,Total Non-Recreation Visits
CHIS,1983,1,TV,14515,Total Visits,total_visits,Total Visits (Recreation + Non-Recreation)
CHIS,1983,1,TRVH,32862,Rec Hrs,rec_hrs,Total Recreation Visitor Hours
CHIS,1983,1,TH,42372,Total Hrs,total_hrs,Total Hours (Recreation + Non-Recreation)
CHIS,1983,1,CL,0,Conc Lodging,conc_lodging,Concessioner Lodging Overnight Stays
CHIS,1983,1,CCG,0,Conc Camp,conc_camp,Concessioner Campground Overnight Stays
CHIS,1983,1,TT,0,Tent Camp,tent_camp,Tent Camping Overnight Stays (NPS)
CHIS,1983,1,TRVS,0,Rec Stays,rec_stays,Total Recreation Overnight Stays
CHIS,1983,1,TTRV,0,Tent & RV,tent_rv,Total Tent and RV Camping Stays
CHIS,1983,1,BC,21,Backcountry,backcountry,Backcountry Camping Overnight Stays
CHIS,1983,1,MISC,144,Misc Stays,misc_stays,Miscellaneous Overnight Stays
CHIS,1983,1,NROS,293,Non-Rec Stays,non_rec_stays,Non-Recreation Overnight Stays
CHIS,1983,1,TOS,458,Total Stays,total_stays,Total Overnight Stays
CHIS,1983,1,TNRVH,9510,Non-Rec Hrs,non_rec_hrs,Total Non-Recreation Visitor Hours
CHIS,1983,2,TRV,14821,Rec Visits,rec_visits,Total Recreation Visits
CHIS,1983,2,TNRV,819,Non-Rec Visits,non_rec_visits,Total Non-Recreation Visits
CHIS,1983,2,TV,15640,Total Visits,total_visits,Total Visits (Recreation + Non-Recreation)
CHIS,1983,2,TRVH,32209,Rec Hrs,rec_hrs,Total Recreation Visitor Hours
CHIS,1983,2,TH,41569,Total Hrs,total_hrs,Total Hours (Recreation + Non-Recreation)
CHIS,1983,2,CL,0,Conc Lodging,conc_lodging,Concessioner Lodging Overnight Stays
CHIS,1983,2,CCG,0,Conc Camp,conc_camp,Concessioner Campground Overnight Stays
CHIS,1983,2,TT,0,Tent Camp,tent_camp,Tent Camping Overnight Stays (NPS)
CHIS,1983,2,TRVS,0,Rec Stays,rec_stays,Total Recreation Overnight Stays
CHIS,1983,2,TTRV,0,Tent & RV,tent_rv,Total Tent and RV Camping Stays
CHIS,1983,2,BC,10,Backcountry,backcountry,Backcountry Camping Overnight Stays
CHIS,1983,2,MISC,31,Misc Stays,misc_stays,Miscellaneous Overnight Stays
CHIS,1983,2,NROS,247,Non-Rec Stays,non_rec_stays,Non-Recreation Overnight Stays
CHIS,1983,2,TOS,288,Total Stays,total_stays,Total Overnight Stays
CHIS,1983,2,TNRVH,9360,Non-Rec Hrs,non_rec_hrs,Total Non-Recreation Visitor Hours
CHIS,1983,3,TRV,15833,Rec Visits,rec_visits,Total Recreation Visits
CHIS,1983,3,TNRV,1076,Non-Rec Visits,non_rec_visits,Total Non-Recreation Visits
CHIS,1983,3,TV,16909,Total Visits,total_visits,Total Visits (Recreation + Non-Recreation)
CHIS,1983,3,TRVH,38511,Rec Hrs,rec_hrs,Total Recreation Visitor Hours
CHIS,1983,3,TH,51879,Total Hrs,total_hrs,Total Hours (Recreation + Non-Recreation)
CHIS,1983,3,CL,0,Conc Lodging,conc_lodging,Concessioner Lodging Overnight Stays
CHIS,1983,3,CCG,0,Conc Camp,conc_camp,Concessioner Campground Overnight Stays
CHIS,1983,3,TT,0,Tent Camp,tent_camp,Tent Camping Overnight Stays (NPS)
CHIS,1983,3,TRVS,0,Rec Stays,rec_stays,Total Recreation Overnight Stays
CHIS,1983,3,TTRV,0,Tent & RV,tent_rv,Total Tent and RV Camping Stays
CHIS,1983,3,BC,13,Backcountry,backcountry,Backcountry Camping Overnight Stays
CHIS,1983,3,MISC,105,Misc Stays,misc_stays,Miscellaneous Overnight Stays
CHIS,1983,3,NROS,384,Non-Rec Stays,non_rec_stays,Non-Recreation Overnight Stays
CHIS,1983,3,TOS,502,Total Stays,total_stays,Total Overnight Stays
CHIS,1983,3,TNRVH,13368,Non-Rec Hrs,non_rec_hrs,Total Non-Recreation Visitor Hours
CHIS,1983,4,TRV,14327,Rec Visits,rec_visits,Total Recreation Visits
CHIS,1983,4,TNRV,1175,Non-Rec Visits,non_rec_visits,Total Non-Recreation Visits
CHIS,1983,4,TV,15502,Total Visits,total_visits,Total Visits (Recreation + Non-Recreation)
CHIS,1983,4,TRVH,39629,Rec Hrs,rec_hrs,Total Recreation Visitor Hours
CHIS,1983,4,TH,53609,Total Hrs,total_hrs,Total Hours (Recreation + Non-Recreation)
CHIS,1983,4,CL,0,Conc Lodging,conc_lodging,Concessioner Lodging Overnight Stays
CHIS,1983,4,CCG,0,Conc Camp,conc_camp,Concessioner Campground Overnight Stays
CHIS,1983,4,TT,0,Tent Camp,tent_camp,Tent Camping Overnight Stays (NPS)
CHIS,1983,4,TRVS,0,Rec Stays,rec_stays,Total Recreation Overnight Stays
CHIS,1983,4,TTRV,0,Tent & RV,tent_rv,Total Tent and RV Camping Stays
CHIS,1983,4,BC,37,Backcountry,backcountry,Backcountry Camping Overnight Stays
CHIS,1983,4,MISC,134,Misc Stays,misc_stays,Miscellaneous Overnight Stays
CHIS,1983,4,NROS,385,Non-Rec Stays,non_rec_stays,Non-Recreation Overnight Stays
CHIS,1983,4,TOS,556,Total Stays,total_stays,Total Overnight Stays
CHIS,1983,4,TNRVH,13980,Non-Rec Hrs,non_rec_hrs,Total Non-Recreation Visitor Hours
CHIS,1983,5,TRV,18302,Rec Visits,rec_visits,Total Recreation Visits
CHIS,1983,5,TNRV,1605,Non-Rec Visits,non_rec_visits,Total Non-Recreation Visits
CHIS,1983,5,TV,19907,Total Visits,total_visits,Total Visits (Recreation + Non-Recreation)
CHIS,1983,5,TRVH,63350,Rec Hrs,rec_hrs,Total Recreation Visitor Hours
CHIS,1983,5,TH,82286,Total Hrs,total_hrs,Total Hours (Recreation + Non-Recreation)
CHIS,1983,5,CL,0,Conc Lodging,conc_lodging,Concessioner Lodging Overnight Stays
CHIS,1983,5,CCG,0,Conc Camp,conc_camp,Concessioner Campground Overnight Stays
CHIS,1983,5,TT,0,Tent Camp,tent_camp,Tent Camping Overnight Stays (NPS)
CHIS,1983,5,TRVS,0,Rec Stays,rec_stays,Total Recreation Overnight Stays
CHIS,1983,5,TTRV,0,Tent & RV,tent_rv,Total Tent and RV Camping Stays
CHIS,1983,5,BC,68,Backcountry,backcountry,Backcountry Camping Overnight Stays
CHIS,1983,5,MISC,555,Misc Stays,misc_stays,Miscellaneous Overnight Stays
CHIS,1983,5,NROS,517,Non-Rec Stays,non_rec_stays,Non-Recreation Overnight Stays
CHIS,1983,5,TOS,1140,Total Stays,total_stays,Total Overnight Stays
CHIS,1983,5,TNRVH,18936,Non-Rec Hrs,non_rec_hrs,Total Non-Recreation Visitor Hours
CHIS,1983,6,TRV,20790,Rec Visits,rec_visits,Total Recreation Visits
CHIS,1983,6,TNRV,2244,Non-Rec Visits,non_rec_visits,Total Non-Recreation Visits
CHIS,1983,6,TV,23034,Total Visits,total_visits,Total Visits (Recreation + Non-Recreation)
CHIS,1983,6,TRVH,76106,Rec Hrs,rec_hrs,Total Recreation Visitor Hours
CHIS,1983,6,TH,105680,Total Hrs,total_hrs,Total Hours (Recreation + Non-Recreation)
CHIS,1983,6,CL,0,Conc Lodging,conc_lodging,Concessioner Lodging Overnight Stays
CHIS,1983,6,CCG,0,Conc Camp,conc_camp,Concessioner Campground Overnight Stays
CHIS,1983,6,TT,0,Tent Camp,tent_camp,Tent Camping Overnight Stays (NPS)
CHIS,1983,6,TRVS,0,Rec Stays,rec_stays,Total Recreation Overnight Stays
CHIS,1983,6,TTRV,0,Tent & RV,tent_rv,Total Tent and RV Camping Stays
CHIS,1983,6,BC,207,Backcountry,backcountry,Backcountry Camping Overnight Stays
CHIS,1983,6,MISC,839,Misc Stays,misc_stays,Miscellaneous Overnight Stays
CHIS,1983,6,NROS,895,Non-Rec Stays,non_rec_stays,Non-Recreation Overnight Stays
CHIS,1983,6,TOS,1941,Total Stays,total_stays,Total Overnight Stays
CHIS,1983,6,TNRVH,29574,Non-Rec Hrs,non_rec_hrs,Total Non-Recreation Visitor Hours
CHIS,1983,7,TRV,30820,Rec Visits,rec_visits,Total Recreation Visits
CHIS,1983,7,TNRV,3464,Non-Rec Visits,non_rec_visits,Total Non-Recreation Visits
CHIS,1983,7,TV,34284,Total Visits,total_visits,Total Visits (Recreation + Non-Recreation)
CHIS,1983,7,TRVH,149600,Rec Hrs,rec_hrs,Total Recreation Visitor Hours
CHIS,1983,7,TH,194648,Total Hrs,total_hrs,Total Hours (Recreation + Non-Recreation)
CHIS,1983,7,CL,0,Conc Lodging,conc_lodging,Concessioner Lodging Overnight Stays
CHIS,1983,7,CCG,0,Conc Camp,conc_camp,Concessioner Campground Overnight Stays
CHIS,1983,7,TT,0,Tent Camp,tent_camp,Tent Camping Overnight Stays (NPS)
CHIS,1983,7,TRVS,0,Rec Stays,rec_stays,Total Recreation Overnight Stays
CHIS,1983,7,TTRV,0,Tent & RV,tent_rv,Total Tent and RV Camping Stays
CHIS,1983,7,BC,355,Backcountry,backcountry,Backcountry Camping Overnight Stays
CHIS,1983,7,MISC,2103,Misc Stays,misc_stays,Miscellaneous Overnight Stays
CHIS,1983,7,NROS,1348,Non-Rec Stays,non_rec_stays,Non-Recreation Overnight Stays
CHIS,1983,7,TOS,3806,Total Stays,total_stays,Total Overnight Stays
CHIS,1983,7,TNRVH,45048,Non-Rec Hrs,non_rec_hrs,Total Non-Recreation Visitor Hours
CHIS,1983,8,TRV,26192,Rec Visits,rec_visits,Total Recreation Visits
CHIS,1983,8,TNRV,3015,Non-Rec Visits,non_rec_visits,Total Non-Recreation Visits
CHIS,1983,8,TV,29207,Total Visits,total_visits,Total Visits (Recreation + Non-Recreation)
CHIS,1983,8,TRVH,110640,Rec Hrs,rec_hrs,Total Recreation Visitor Hours
CHIS,1983,8,TH,148278,Total Hrs,total_hrs,Total Hours (Recreation + Non-Recreation)
CHIS,1983,8,CL,0,Conc Lodging,conc_lodging,Concessioner Lodging Overnight Stays
CHIS,1983,8,CCG,0,Conc Camp,conc_camp,Concessioner Campground Overnight Stays
CHIS,1983,8,TT,0,Tent Camp,tent_camp,Tent Camping Overnight Stays (NPS)
CHIS,1983,8,TRVS,0,Rec Stays,rec_stays,Total Recreation Overnight Stays
CHIS,1983,8,TTRV,0,Tent & RV,tent_rv,Total Tent and RV Camping Stays
CHIS,1983,8,BC,251,Backcountry,backcountry,Backcountry Camping Overnight Stays
CHIS,1983,8,MISC,1939,Misc Stays,misc_stays,Miscellaneous Overnight Stays
CHIS,1983,8,NROS,1086,Non-Rec Stays,non_rec_stays,Non-Recreation Overnight Stays
CHIS,1983,8,TOS,3276,Total Stays,total_stays,Total Overnight Stays
CHIS,1983,8,TNRVH,37638,Non-Rec Hrs,non_rec_hrs,Total Non-Recreation Visitor Hours
CHIS,1983,9,TRV,16808,Rec Visits,rec_visits,Total Recreation Visits
CHIS,1983,9,TNRV,3224,Non-Rec Visits,non_rec_visits,Total Non-Recreation Visits
CHIS,1983,9,TV,20032,Total Visits,total_visits,Total Visits (Recreation + Non-Recreation)
CHIS,1983,9,TRVH,90322,Rec Hrs,rec_hrs,Total Recreation Visitor Hours
CHIS,1983,9,TH,129034,Total Hrs,total_hrs,Total Hours (Recreation + Non-Recreation)
CHIS,1983,9,CL,0,Conc Lodging,conc_lodging,Concessioner Lodging Overnight Stays
CHIS,1983,9,CCG,0,Conc Camp,conc_camp,Concessioner Campground Overnight Stays
CHIS,1983,9,TT,0,Tent Camp,tent_camp,Tent Camping Overnight Stays (NPS)
CHIS,1983,9,TRVS,0,Rec Stays,rec_stays,Total Recreation Overnight Stays
CHIS,1983,9,TTRV,0,Tent & RV,tent_rv,Total Tent and RV Camping Stays
CHIS,1983,9,BC,144,Backcountry,backcountry,Backcountry Camping Overnight Stays
CHIS,1983,9,MISC,2033,Misc Stays,misc_stays,Miscellaneous Overnight Stays
CHIS,1983,9,NROS,1076,Non-Rec Stays,non_rec_stays,Non-Recreation Overnight Stays
CHIS,1983,9,TOS,3253,Total Stays,total_stays,Total Overnight Stays
CHIS,1983,9,TNRVH,38712,Non-Rec Hrs,non_rec_hrs,Total Non-Recreation Visitor Hours
CHIS,1983,10,TRV,12363,Rec Visits,rec_visits,Total Recreation Visits
CHIS,1983,10,TNRV,1907,Non-Rec Visits,non_rec_visits,Total Non-Recreation Visits
CHIS,1983,10,TV,14270,Total Visits,total_visits,Total Visits (Recreation + Non-Recreation)
CHIS,1983,10,TRVH,142295,Rec Hrs,rec_hrs,Total Recreation Visitor Hours
CHIS,1983,10,TH,188066,Total Hrs,total_hrs,Total Hours (Recreation + Non-Recreation)
CHIS,1983,10,CL,0,Conc Lodging,conc_lodging,Concessioner Lodging Overnight Stays
CHIS,1983,10,CCG,0,Conc Camp,conc_camp,Concessioner Campground Overnight Stays
CHIS,1983,10,TT,0,Tent Camp,tent_camp,Tent Camping Overnight Stays (NPS)
CHIS,1983,10,TRVS,0,Rec Stays,rec_stays,Total Recreation Overnight Stays
CHIS,1983,10,TTRV,0,Tent & RV,tent_rv,Total Tent and RV Camping Stays
CHIS,1983,10,BC,165,Backcountry,backcountry,Backcountry Camping Overnight Stays
CHIS,1983,10,MISC,2918,Misc Stays,misc_stays,Miscellaneous Overnight Stays
CHIS,1983,10,NROS,2006,Non-Rec Stays,non_rec_stays,Non-Recreation Overnight Stays
CHIS,1983,10,TOS,5089,Total Stays,total_stays,Total Overnight Stays
CHIS,1983,10,TNRVH,45771,Non-Rec Hrs,non_rec_hrs,Total Non-Recreation Visitor Hours
CHIS,1983,11,TRV,12325,Rec Visits,rec_visits,Total Recreation Visits
CHIS,1983,11,TNRV,1491,Non-Rec Visits,non_rec_visits,Total Non-Recreation Visits
CHIS,1983,11,TV,13816,Total Visits,total_visits,Total Visits (Recreation + Non-Recreation)
CHIS,1983,11,TRVH,31860,Rec Hrs,rec_hrs,Total Recreation Visitor Hours
CHIS,1983,11,TH,49122,Total Hrs,total_hrs,Total Hours (Recreation + Non-Recreation)
CHIS,1983,11,CL,0,Conc Lodging,conc_lodging,Concessioner Lodging Overnight Stays
CHIS,1983,11,CCG,0,Conc Camp,conc_camp,Concessioner Campground Overnight Stays
CHIS,1983,11,TT,0,Tent Camp,tent_camp,Tent Camping Overnight Stays (NPS)
CHIS,1983,11,TRVS,0,Rec Stays,rec_stays,Total Recreation Overnight Stays
CHIS,1983,11,TTRV,0,Tent & RV,tent_rv,Total Tent and RV Camping Stays
CHIS,1983,11,BC,25,Backcountry,backcountry,Backcountry Camping Overnight Stays
CHIS,1983,11,MISC,133,Misc Stays,misc_stays,Miscellaneous Overnight Stays
CHIS,1983,11,NROS,462,Non-Rec Stays,non_rec_stays,Non-Recreation Overnight Stays
CHIS,1983,11,TOS,620,Total Stays,total_stays,Total Overnight Stays
CHIS,1983,11,TNRVH,17262,Non-Rec Hrs,non_rec_hrs,Total Non-Recreation Visitor Hours
CHIS,1983,12,TRV,8634,Rec Visits,rec_visits,Total Recreation Visits
CHIS,1983,12,TNRV,1561,Non-Rec Visits,non_rec_visits,Total Non-Recreation Visits
CHIS,1983,12,TV,10195,Total Visits,total_visits,Total Visits (Recreation + Non-Recreation)
CHIS,1983,12,TRVH,23764,Rec Hrs,rec_hrs,Total Recreation Visitor Hours
CHIS,1983,12,TH,42598,Total Hrs,total_hrs,Total Hours (Recreation + Non-Recreation)
CHIS,1983,12,CL,0,Conc Lodging,conc_lodging,Concessioner Lodging Overnight Stays
CHIS,1983,12,CCG,0,Conc Camp,conc_camp,Concessioner Campground Overnight Stays
CHIS,1983,12,TT,0,Tent Camp,tent_camp,Tent Camping Overnight Stays (NPS)
CHIS,1983,12,TRVS,0,Rec Stays,rec_stays,Total Recreation Overnight Stays
CHIS,1983,12,TTRV,0,Tent & RV,tent_rv,Total Tent and RV Camping Stays
CHIS,1983,12,BC,37,Backcountry,backcountry,Backcountry Camping Overnight Stays
CHIS,1983,12,MISC,109,Misc Stays,misc_stays,Miscellaneous Overnight Stays
CHIS,1983,12,NROS,526,Non-Rec Stays,non_rec_stays,Non-Recreation Overnight Stays
CHIS,1983,12,TOS,672,Total Stays,total_stays,Total Overnight Stays
CHIS,1983,12,TNRVH,18834,Non-Rec Hrs,non_rec_hrs,Total Non-Recreation Visitor Hours
CHIS,1984,1,TRV,11177,Rec Visits,rec_visits,Total Recreation Visits
CHIS,1984,1,TNRV,1588,Non-Rec Visits,non_rec_visits,Total Non-Recreation Visits
CHIS,1984,1,TV,12765,Total Visits,total_visits,Total Visits (Recreation + Non-Recreation)
CHIS,1984,1,TRVH,119179,Rec Hrs,rec_hrs,Total Recreation Visitor Hours
CHIS,1984,1,TH,157302,Total Hrs,total_hrs,Total Hours (Recreation + Non-Recreation)
CHIS,1984,1,CL,0,Conc Lodging,conc_lodging,Concessioner Lodging Overnight Stays
CHIS,1984,1,CCG,0,Conc Camp,conc_camp,Concessioner Campground Overnight Stays
CHIS,1984,1,TT,0,Tent Camp,tent_camp,Tent Camping Overnight Stays (NPS)
CHIS,1984,1,TRVS,0,Rec Stays,rec_stays,Total Recreation Overnight Stays
CHIS,1984,1,TTRV,0,Tent & RV,tent_rv,Total Tent and RV Camping Stays
CHIS,1984,1,BC,56,Backcountry,backcountry,Backcountry Camping Overnight Stays
CHIS,1984,1,MISC,2430,Misc Stays,misc_stays,Miscellaneous Overnight Stays
CHIS,1984,1,NROS,1679,Non-Rec Stays,non_rec_stays,Non-Recreation Overnight Stays
CHIS,1984,1,TOS,4165,Total Stays,total_stays,Total Overnight Stays
CHIS,1984,1,TNRVH,38123,Non-Rec Hrs,non_rec_hrs,Total Non-Recreation Visitor Hours
CHIS,1984,2,TRV,14573,Rec Visits,rec_visits,Total Recreation Visits
CHIS,1984,2,TNRV,1273,Non-Rec Visits,non_rec_visits,Total Non-Recreation Visits
CHIS,1984,2,TV,15846,Total Visits,total_visits,Total Visits (Recreation + Non-Recreation)
CHIS,1984,2,TRVH,99736,Rec Hrs,rec_hrs,Total Recreation Visitor Hours
CHIS,1984,2,TH,130293,Total Hrs,total_hrs,Total Hours (Recreation + Non-Recreation)
CHIS,1984,2,CL,0,Conc Lodging,conc_lodging,Concessioner Lodging Overnight Stays
CHIS,1984,2,CCG,0,Conc Camp,conc_camp,Concessioner Campground Overnight Stays
CHIS,1984,2,TT,0,Tent Camp,tent_camp,Tent Camping Overnight Stays (NPS)
CHIS,1984,2,TRVS,0,Rec Stays,rec_stays,Total Recreation Overnight Stays
CHIS,1984,2,TTRV,0,Tent & RV,tent_rv,Total Tent and RV Camping Stays
CHIS,1984,2,BC,31,Backcountry,backcountry,Backcountry Camping Overnight Stays
CHIS,1984,2,MISC,1948,Misc Stays,misc_stays,Miscellaneous Overnight Stays
CHIS,1984,2,NROS,1288,Non-Rec Stays,non_rec_stays,Non-Recreation Overnight Stays
CHIS,1984,2,TOS,3267,Total Stays,total_stays,Total Overnight Stays
CHIS,1984,2,TNRVH,30557,Non-Rec Hrs,non_rec_hrs,Total Non-Recreation Visitor Hours
CHIS,1984,3,TRV,14608,Rec Visits,rec_visits,Total Recreation Visits
CHIS,1984,3,TNRV,1356,Non-Rec Visits,non_rec_visits,Total Non-Recreation Visits
CHIS,1984,3,TV,15964,Total Visits,total_visits,Total Visits (Recreation + Non-Recreation)
CHIS,1984,3,TRVH,105532,Rec Hrs,rec_hrs,Total Recreation Visitor Hours
CHIS,1984,3,TH,138074,Total Hrs,total_hrs,Total Hours (Recreation + Non-Recreation)
CHIS,1984,3,CL,0,Conc Lodging,conc_lodging,Concessioner Lodging Overnight Stays
CHIS,1984,3,CCG,0,Conc Camp,conc_camp,Concessioner Campground Overnight Stays
CHIS,1984,3,TT,0,Tent Camp,tent_camp,Tent Camping Overnight Stays (NPS)
CHIS,1984,3,TRVS,0,Rec Stays,rec_stays,Total Recreation Overnight Stays
CHIS,1984,3,TTRV,0,Tent & RV,tent_rv,Total Tent and RV Camping Stays
CHIS,1984,3,BC,10,Backcountry,backcountry,Backcountry Camping Overnight Stays
CHIS,1984,3,MISC,2075,Misc Stays,misc_stays,Miscellaneous Overnight Stays
CHIS,1984,3,NROS,1356,Non-Rec Stays,non_rec_stays,Non-Recreation Overnight Stays
CHIS,1984,3,TOS,3441,Total Stays,total_stays,Total Overnight Stays
CHIS,1984,3,TNRVH,32542,Non-Rec Hrs,non_rec_hrs,Total Non-Recreation Visitor Hours
CHIS,1984,4,TRV,15305,Rec Visits,rec_visits,Total Recreation Visits
CHIS,1984,4,TNRV,1261,Non-Rec Visits,non_rec_visits,Total Non-Recreation Visits
CHIS,1984,4,TV,16566,Total Visits,total_visits,Total Visits (Recreation + Non-Recreation)
CHIS,1984,4,TRVH,99439,Rec Hrs,rec_hrs,Total Recreation Visitor Hours
CHIS,1984,4,TH,129705,Total Hrs,total_hrs,Total Hours (Recreation + Non-Recreation)
CHIS,1984,4,CL,0,Conc Lodging,conc_lodging,Concessioner Lodging Overnight Stays
CHIS,1984,4,CCG,0,Conc Camp,conc_camp,Concessioner Campground Overnight Stays
CHIS,1984,4,TT,0,Tent Camp,tent_camp,Tent Camping Overnight Stays (NPS)
CHIS,1984,4,TRVS,0,Rec Stays,rec_stays,Total Recreation Overnight Stays
CHIS,1984,4,TTRV,0,Tent & RV,tent_rv,Total Tent and RV Camping Stays
CHIS,1984,4,BC,57,Backcountry,backcountry,Backcountry Camping Overnight Stays
CHIS,1984,4,MISC,1929,Misc Stays,misc_stays,Miscellaneous Overnight Stays
CHIS,1984,4,NROS,1300,Non-Rec Stays,non_rec_stays,Non-Recreation Overnight Stays
CHIS,1984,4,TOS,3286,Total Stays,total_stays,Total Overnight Stays
CHIS,1984,4,TNRVH,30266,Non-Rec Hrs,non_rec_hrs,Total Non-Recreation Visitor Hours
CHIS,1984,5,TRV,18535,Rec Visits,rec_visits,Total Recreation Visits
CHIS,1984,5,TNRV,2524,Non-Rec Visits,non_rec_visits,Total Non-Recreation Visits
CHIS,1984,5,TV,21059,Total Visits,total_visits,Total Visits (Recreation + Non-Recreation)
CHIS,1984,5,TRVH,189938,Rec Hrs,rec_hrs,Total Recreation Visitor Hours
CHIS,1984,5,TH,250510,Total Hrs,total_hrs,Total Hours (Recreation + Non-Recreation)
CHIS,1984,5,CL,0,Conc Lodging,conc_lodging,Concessioner Lodging Overnight Stays
CHIS,1984,5,CCG,0,Conc Camp,conc_camp,Concessioner Campground Overnight Stays
CHIS,1984,5,TT,0,Tent Camp,tent_camp,Tent Camping Overnight Stays (NPS)
CHIS,1984,5,TRVS,0,Rec Stays,rec_stays,Total Recreation Overnight Stays
CHIS,1984,5,TTRV,0,Tent & RV,tent_rv,Total Tent and RV Camping Stays
CHIS,1984,5,BC,145,Backcountry,backcountry,Backcountry Camping Overnight Stays
CHIS,1984,5,MISC,3861,Misc Stays,misc_stays,Miscellaneous Overnight Stays
CHIS,1984,5,NROS,2529,Non-Rec Stays,non_rec_stays,Non-Recreation Overnight Stays
CHIS,1984,5,TOS,6535,Total Stays,total_stays,Total Overnight Stays
CHIS,1984,5,TNRVH,60572,Non-Rec Hrs,non_rec_hrs,Total Non-Recreation Visitor Hours
CHIS,1984,6,TRV,18745,Rec Visits,rec_visits,Total Recreation Visits
CHIS,1984,6,TNRV,1719,Non-Rec Visits,non_rec_visits,Total Non-Recreation Visits
CHIS,1984,6,TV,20464,Total Visits,total_visits,Total Visits (Recreation + Non-Recreation)
CHIS,1984,6,TRVH,134009,Rec Hrs,rec_hrs,Total Recreation Visitor Hours
CHIS,1984,6,TH,175282,Total Hrs,total_hrs,Total Hours (Recreation + Non-Recreation)
CHIS,1984,6,CL,0,Conc Lodging,conc_lodging,Concessioner Lodging Overnight Stays
CHIS,1984,6,CCG,0,Conc Camp,conc_camp,Concessioner Campground Overnight Stays
CHIS,1984,6,TT,0,Tent Camp,tent_camp,Tent Camping Overnight Stays (NPS)
CHIS,1984,6,TRVS,0,Rec Stays,rec_stays,Total Recreation Overnight Stays
CHIS,1984,6,TTRV,0,Tent & RV,tent_rv,Total Tent and RV Camping Stays
CHIS,1984,6,BC,534,Backcountry,backcountry,Backcountry Camping Overnight Stays
CHIS,1984,6,MISC,2631,Misc Stays,misc_stays,Miscellaneous Overnight Stays
CHIS,1984,6,NROS,1762,Non-Rec Stays,non_rec_stays,Non-Recreation Overnight Stays
CHIS,1984,6,TOS,4927,Total Stays,total_stays,Total Overnight Stays
CHIS,1984,6,TNRVH,41273,Non-Rec Hrs,non_rec_hrs,Total Non-Recreation Visitor Hours
CHIS,1984,7,TRV,25778,Rec Visits,rec_visits,Total Recreation Visits
CHIS,1984,7,TNRV,2724,Non-Rec Visits,non_rec_visits,Total Non-Recreation Visits
CHIS,1984,7,TV,28502,Total Visits,total_visits,Total Visits (Recreation + Non-Recreation)
CHIS,1984,7,TRVH,209391,Rec Hrs,rec_hrs,Total Recreation Visitor Hours
CHIS,1984,7,TH,274787,Total Hrs,total_hrs,Total Hours (Recreation + Non-Recreation)
CHIS,1984,7,CL,0,Conc Lodging,conc_lodging,Concessioner Lodging Overnight Stays
CHIS,1984,7,CCG,0,Conc Camp,conc_camp,Concessioner Campground Overnight Stays
CHIS,1984,7,TT,0,Tent Camp,tent_camp,Tent Camping Overnight Stays (NPS)
CHIS,1984,7,TRVS,0,Rec Stays,rec_stays,Total Recreation Overnight Stays
CHIS,1984,7,TTRV,0,Tent & RV,tent_rv,Total Tent and RV Camping Stays
CHIS,1984,7,BC,386,Backcountry,backcountry,Backcountry Camping Overnight Stays
CHIS,1984,7,MISC,4169,Misc Stays,misc_stays,Miscellaneous Overnight Stays
CHIS,1984,7,NROS,2727,Non-Rec Stays,non_rec_stays,Non-Recreation Overnight Stays
CHIS,1984,7,TOS,7282,Total Stays,total_stays,Total Overnight Stays
CHIS,1984,7,TNRVH,65396,Non-Rec Hrs,non_rec_hrs,Total Non-Recreation Visitor Hours
CHIS,1984,8,TRV,26956,Rec Visits,rec_visits,Total Recreation Visits
CHIS,1984,8,TNRV,3094,Non-Rec Visits,non_rec_visits,Total Non-Recreation Visits
CHIS,1984,8,TV,30050,Total Visits,total_visits,Total Visits (Recreation + Non-Recreation)
CHIS,1984,8,TRVH,236081,Rec Hrs,rec_hrs,Total Recreation Visitor Hours
CHIS,1984,8,TH,310356,Total Hrs,total_hrs,Total Hours (Recreation + Non-Recreation)
CHIS,1984,8,CL,0,Conc Lodging,conc_lodging,Concessioner Lodging Overnight Stays
CHIS,1984,8,CCG,0,Conc Camp,conc_camp,Concessioner Campground Overnight Stays
CHIS,1984,8,TT,0,Tent Camp,tent_camp,Tent Camping Overnight Stays (NPS)
CHIS,1984,8,TRVS,0,Rec Stays,rec_stays,Total Recreation Overnight Stays
CHIS,1984,8,TTRV,0,Tent & RV,tent_rv,Total Tent and RV Camping Stays
CHIS,1984,8,BC,442,Backcountry,backcountry,Backcountry Camping Overnight Stays
CHIS,1984,8,MISC,4735,Misc Stays,misc_stays,Miscellaneous Overnight Stays
CHIS,1984,8,NROS,3094,Non-Rec Stays,non_rec_stays,Non-Recreation Overnight Stays
CHIS,1984,8,TOS,8271,Total Stays,total_stays,Total Overnight Stays
CHIS,1984,8,TNRVH,74275,Non-Rec Hrs,non_rec_hrs,Total Non-Recreation Visitor Hours
CHIS,1984,9,TRV,18004,Rec Visits,rec_visits,Total Recreation Visits
CHIS,1984,9,TNRV,2410,Non-Rec Visits,non_rec_visits,Total Non-Recreation Visits
CHIS,1984,9,TV,20414,Total Visits,total_visits,Total Visits (Recreation + Non-Recreation)
CHIS,1984,9,TRVH,181608,Rec Hrs,rec_hrs,Total Recreation Visitor Hours
CHIS,1984,9,TH,239450,Total Hrs,total_hrs,Total Hours (Recreation + Non-Recreation)
CHIS,1984,9,CL,0,Conc Lodging,conc_lodging,Concessioner Lodging Overnight Stays
CHIS,1984,9,CCG,0,Conc Camp,conc_camp,Concessioner Campground Overnight Stays
CHIS,1984,9,TT,0,Tent Camp,tent_camp,Tent Camping Overnight Stays (NPS)
CHIS,1984,9,TRVS,0,Rec Stays,rec_stays,Total Recreation Overnight Stays
CHIS,1984,9,TTRV,0,Tent & RV,tent_rv,Total Tent and RV Camping Stays
CHIS,1984,9,BC,249,Backcountry,backcountry,Backcountry Camping Overnight Stays
CHIS,1984,9,MISC,3687,Misc Stays,misc_stays,Miscellaneous Overnight Stays
CHIS,1984,9,NROS,2434,Non-Rec Stays,non_rec_stays,Non-Recreation Overnight Stays
CHIS,1984,9,TOS,6370,Total Stays,total_stays,Total Overnight Stays
CHIS,1984,9,TNRVH,57842,Non-Rec Hrs,non_rec_hrs,Total Non-Recreation Visitor Hours
CHIS,1984,10,TRV,14373,Rec Visits,rec_visits,Total Recreation Visits
CHIS,1984,10,TNRV,2064,Non-Rec Visits,non_rec_visits,Total Non-Recreation Visits
CHIS,1984,10,TV,16437,Total Visits,total_visits,Total Visits (Recreation + Non-Recreation)
CHIS,1984,10,TRVH,154775,Rec Hrs,rec_hrs,Total Recreation Visitor Hours
CHIS,1984,10,TH,204321,Total Hrs,total_hrs,Total Hours (Recreation + Non-Recreation)
CHIS,1984,10,CL,0,Conc Lodging,conc_lodging,Concessioner Lodging Overnight Stays
CHIS,1984,10,CCG,0,Conc Camp,conc_camp,Concessioner Campground Overnight Stays
CHIS,1984,10,TT,0,Tent Camp,tent_camp,Tent Camping Overnight Stays (NPS)
CHIS,1984,10,TRVS,0,Rec Stays,rec_stays,Total Recreation Overnight Stays
CHIS,1984,10,TTRV,0,Tent & RV,tent_rv,Total Tent and RV Camping Stays
CHIS,1984,10,BC,3,Backcountry,backcountry,Backcountry Camping Overnight Stays
CHIS,1984,10,MISC,3158,Misc Stays,misc_stays,Miscellaneous Overnight Stays
CHIS,1984,10,NROS,2064,Non-Rec Stays,non_rec_stays,Non-Recreation Overnight Stays
CHIS,1984,10,TOS,5225,Total Stays,total_stays,Total Overnight Stays
CHIS,1984,10,TNRVH,49546,Non-Rec Hrs,non_rec_hrs,Total Non-Recreation Visitor Hours
CHIS,1984,11,TRV,13643,Rec Visits,rec_visits,Total Recreation Visits
CHIS,1984,11,TNRV,1433,Non-Rec Visits,non_rec_visits,Total Non-Recreation Visits
CHIS,1984,11,TV,15076,Total Visits,total_visits,Total Visits (Recreation + Non-Recreation)
CHIS,1984,11,TRVH,110252,Rec Hrs,rec_hrs,Total Recreation Visitor Hours
CHIS,1984,11,TH,144667,Total Hrs,total_hrs,Total Hours (Recreation + Non-Recreation)
CHIS,1984,11,CL,0,Conc Lodging,conc_lodging,Concessioner Lodging Overnight Stays
CHIS,1984,11,CCG,0,Conc Camp,conc_camp,Concessioner Campground Overnight Stays
CHIS,1984,11,TT,0,Tent Camp,tent_camp,Tent Camping Overnight Stays (NPS)
CHIS,1984,11,TRVS,0,Rec Stays,rec_stays,Total Recreation Overnight Stays
CHIS,1984,11,TTRV,0,Tent & RV,tent_rv,Total Tent and RV Camping Stays
CHIS,1984,11,BC,0,Backcountry,backcountry,Backcountry Camping Overnight Stays
CHIS,1984,11,MISC,2194,Misc Stays,misc_stays,Miscellaneous Overnight Stays
CHIS,1984,11,NROS,1435,Non-Rec Stays,non_rec_stays,Non-Recreation Overnight Stays
CHIS,1984,11,TOS,3629,Total Stays,total_stays,Total Overnight Stays
CHIS,1984,11,TNRVH,34415,Non-Rec Hrs,non_rec_hrs,Total Non-Recreation Visitor Hours
CHIS,1984,12,TRV,11714,Rec Visits,rec_visits,Total Recreation Visits
CHIS,1984,12,TNRV,999,Non-Rec Visits,non_rec_visits,Total Non-Recreation Visits
CHIS,1984,12,TV,12713,Total Visits,total_visits,Total Visits (Recreation + Non-Recreation)
CHIS,1984,12,TRVH,78528,Rec Hrs,rec_hrs,Total Recreation Visitor Hours
CHIS,1984,12,TH,102525,Total Hrs,total_hrs,Total Hours (Recreation + Non-Recreation)
CHIS,1984,12,CL,0,Conc Lodging,conc_lodging,Concessioner Lodging Overnight Stays
CHIS,1984,12,CCG,0,Conc Camp,conc_camp,Concessioner Campground Overnight Stays
CHIS,1984,12,TT,0,Tent Camp,tent_camp,Tent Camping Overnight Stays (NPS)
CHIS,1984,12,TRVS,0,Rec Stays,rec_stays,Total Recreation Overnight Stays
CHIS,1984,12,TTRV,0,Tent & RV,tent_rv,Total Tent and RV Camping Stays
CHIS,1984,12,BC,0,Backcountry,backcountry,Backcountry Camping Overnight Stays
CHIS,1984,12,MISC,1529,Misc Stays,misc_stays,Miscellaneous Overnight Stays
CHIS,1984,12,NROS,999,Non-Rec Stays,non_rec_stays,Non-Recreation Overnight Stays
CHIS,1984,12,TOS,2528,Total Stays,total_stays,Total Overnight Stays
CHIS,1984,12,TNRVH,23997,Non-Rec Hrs,non_rec_hrs,Total Non-Recreation Visitor Hours
CHIS,1985,1,TRV,12865,Rec Visits,rec_visits,Total Recreation Visits
CHIS,1985,1,TNRV,1182,Non-Rec Visits,non_rec_visits,Total Non-Recreation Visits
CHIS,1985,1,TV,14047,Total Visits,total_visits,Total Visits (Recreation + Non-Recreation)
CHIS,1985,1,TRVH,92141,Rec Hrs,rec_hrs,Total Recreation Visitor Hours
CHIS,1985,1,TH,120525,Total Hrs,total_hrs,Total Hours (Recreation + Non-Recreation)
CHIS,1985,1,CL,0,Conc Lodging,conc_lodging,Concessioner Lodging Overnight Stays
CHIS,1985,1,CCG,0,Conc Camp,conc_camp,Concessioner Campground Overnight Stays
CHIS,1985,1,TT,0,Tent Camp,tent_camp,Tent Camping Overnight Stays (NPS)
CHIS,1985,1,TRVS,0,Rec Stays,rec_stays,Total Recreation Overnight Stays
CHIS,1985,1,TTRV,0,Tent & RV,tent_rv,Total Tent and RV Camping Stays
CHIS,1985,1,BC,10,Backcountry,backcountry,Backcountry Camping Overnight Stays
CHIS,1985,1,MISC,1809,Misc Stays,misc_stays,Miscellaneous Overnight Stays
CHIS,1985,1,NROS,1182,Non-Rec Stays,non_rec_stays,Non-Recreation Overnight Stays
CHIS,1985,1,TOS,3001,Total Stays,total_stays,Total Overnight Stays
CHIS,1985,1,TNRVH,28384,Non-Rec Hrs,non_rec_hrs,Total Non-Recreation Visitor Hours
CHIS,1985,2,TRV,9540,Rec Visits,rec_visits,Total Recreation Visits
CHIS,1985,2,TNRV,3180,Non-Rec Visits,non_rec_visits,Total Non-Recreation Visits
CHIS,1985,2,TV,12720,Total Visits,total_visits,Total Visits (Recreation + Non-Recreation)
CHIS,1985,2,TRVH,103072,Rec Hrs,rec_hrs,Total Recreation Visitor Hours
CHIS,1985,2,TH,179398,Total Hrs,total_hrs,Total Hours (Recreation + Non-Recreation)
CHIS,1985,2,CL,0,Conc Lodging,conc_lodging,Concessioner Lodging Overnight Stays
CHIS,1985,2,CCG,0,Conc Camp,conc_camp,Concessioner Campground Overnight Stays
CHIS,1985,2,TT,0,Tent Camp,tent_camp,Tent Camping Overnight Stays (NPS)
CHIS,1985,2,TRVS,0,Rec Stays,rec_stays,Total Recreation Overnight Stays
CHIS,1985,2,TTRV,0,Tent & RV,tent_rv,Total Tent and RV Camping Stays
CHIS,1985,2,BC,36,Backcountry,backcountry,Backcountry Camping Overnight Stays
CHIS,1985,2,MISC,1989,Misc Stays,misc_stays,Miscellaneous Overnight Stays
CHIS,1985,2,NROS,1300,Non-Rec Stays,non_rec_stays,Non-Recreation Overnight Stays
CHIS,1985,2,TOS,3325,Total Stays,total_stays,Total Overnight Stays
CHIS,1985,2,TNRVH,76326,Non-Rec Hrs,non_rec_hrs,Total Non-Recreation Visitor Hours
CHIS,1985,3,TRV,10967,Rec Visits,rec_visits,Total Recreation Visits
CHIS,1985,3,TNRV,3655,Non-Rec Visits,non_rec_visits,Total Non-Recreation Visits
CHIS,1985,3,TV,14622,Total Visits,total_visits,Total Visits (Recreation + Non-Recreation)
CHIS,1985,3,TRVH,117053,Rec Hrs,rec_hrs,Total Recreation Visitor Hours
CHIS,1985,3,TH,204796,Total Hrs,total_hrs,Total Hours (Recreation + Non-Recreation)
CHIS,1985,3,CL,0,Conc Lodging,conc_lodging,Concessioner Lodging Overnight Stays
CHIS,1985,3,CCG,0,Conc Camp,conc_camp,Concessioner Campground Overnight Stays
CHIS,1985,3,TT,0,Tent Camp,tent_camp,Tent Camping Overnight Stays (NPS)
CHIS,1985,3,TRVS,0,Rec Stays,rec_stays,Total Recreation Overnight Stays
CHIS,1985,3,TTRV,0,Tent & RV,tent_rv,Total Tent and RV Camping Stays
CHIS,1985,3,BC,94,Backcountry,backcountry,Backcountry Camping Overnight Stays
CHIS,1985,3,MISC,2260,Misc Stays,misc_stays,Miscellaneous Overnight Stays
CHIS,1985,3,NROS,1493,Non-Rec Stays,non_rec_stays,Non-Recreation Overnight Stays
CHIS,1985,3,TOS,3847,Total Stays,total_stays,Total Overnight Stays
CHIS,1985,3,TNRVH,87743,Non-Rec Hrs,non_rec_hrs,Total Non-Recreation Visitor Hours
CHIS,1985,4,TRV,10239,Rec Visits,rec_visits,Total Recreation Visits
CHIS,1985,4,TNRV,3413,Non-Rec Visits,non_rec_visits,Total Non-Recreation Visits
CHIS,1985,4,TV,13652,Total Visits,total_visits,Total Visits (Recreation + Non-Recreation)
CHIS,1985,4,TRVH,108804,Rec Hrs,rec_hrs,Total Recreation Visitor Hours
CHIS,1985,4,TH,190718,Total Hrs,total_hrs,Total Hours (Recreation + Non-Recreation)
CHIS,1985,4,CL,0,Conc Lodging,conc_lodging,Concessioner Lodging Overnight Stays
CHIS,1985,4,CCG,0,Conc Camp,conc_camp,Concessioner Campground Overnight Stays
CHIS,1985,4,TT,0,Tent Camp,tent_camp,Tent Camping Overnight Stays (NPS)
CHIS,1985,4,TRVS,0,Rec Stays,rec_stays,Total Recreation Overnight Stays
CHIS,1985,4,TTRV,0,Tent & RV,tent_rv,Total Tent and RV Camping Stays
CHIS,1985,4,BC,124,Backcountry,backcountry,Backcountry Camping Overnight Stays
CHIS,1985,4,MISC,2103,Misc Stays,misc_stays,Miscellaneous Overnight Stays
CHIS,1985,4,NROS,1374,Non-Rec Stays,non_rec_stays,Non-Recreation Overnight Stays
CHIS,1985,4,TOS,3601,Total Stays,total_stays,Total Overnight Stays
CHIS,1985,4,TNRVH,81914,Non-Rec Hrs,non_rec_hrs,Total Non-Recreation Visitor Hours
CHIS,1985,5,TRV,11897,Rec Visits,rec_visits,Total Recreation Visits
CHIS,1985,5,TNRV,3965,Non-Rec Visits,non_rec_visits,Total Non-Recreation Visits
CHIS,1985,5,TV,15862,Total Visits,total_visits,Total Visits (Recreation + Non-Recreation)
CHIS,1985,5,TRVH,122411,Rec Hrs,rec_hrs,Total Recreation Visitor Hours
CHIS,1985,5,TH,217589,Total Hrs,total_hrs,Total Hours (Recreation + Non-Recreation)
CHIS,1985,5,CL,0,Conc Lodging,conc_lodging,Concessioner Lodging Overnight Stays
CHIS,1985,5,CCG,0,Conc Camp,conc_camp,Concessioner Campground Overnight Stays
CHIS,1985,5,TT,0,Tent Camp,tent_camp,Tent Camping Overnight Stays (NPS)
CHIS,1985,5,TRVS,0,Rec Stays,rec_stays,Total Recreation Overnight Stays
CHIS,1985,5,TTRV,0,Tent & RV,tent_rv,Total Tent and RV Camping Stays
CHIS,1985,5,BC,213,Backcountry,backcountry,Backcountry Camping Overnight Stays
CHIS,1985,5,MISC,2383,Misc Stays,misc_stays,Miscellaneous Overnight Stays
CHIS,1985,5,NROS,1559,Non-Rec Stays,non_rec_stays,Non-Recreation Overnight Stays
CHIS,1985,5,TOS,4155,Total Stays,total_stays,Total Overnight Stays
CHIS,1985,5,TNRVH,95178,Non-Rec Hrs,non_rec_hrs,Total Non-Recreation Visitor Hours
CHIS,1985,6,TRV,12164,Rec Visits,rec_visits,Total Recreation Visits
CHIS,1985,6,TNRV,4054,Non-Rec Visits,non_rec_visits,Total Non-Recreation Visits
CHIS,1985,6,TV,16218,Total Visits,total_visits,Total Visits (Recreation + Non-Recreation)
CHIS,1985,6,TRVH,126879,Rec Hrs,rec_hrs,Total Recreation Visitor Hours
CHIS,1985,6,TH,224198,Total Hrs,total_hrs,Total Hours (Recreation + Non-Recreation)
CHIS,1985,6,CL,0,Conc Lodging,conc_lodging,Concessioner Lodging Overnight Stays
CHIS,1985,6,CCG,0,Conc Camp,conc_camp,Concessioner Campground Overnight Stays
CHIS,1985,6,TT,0,Tent Camp,tent_camp,Tent Camping Overnight Stays (NPS)
CHIS,1985,6,TRVS,0,Rec Stays,rec_stays,Total Recreation Overnight Stays
CHIS,1985,6,TTRV,0,Tent & RV,tent_rv,Total Tent and RV Camping Stays
CHIS,1985,6,BC,288,Backcountry,backcountry,Backcountry Camping Overnight Stays
CHIS,1985,6,MISC,2433,Misc Stays,misc_stays,Miscellaneous Overnight Stays
CHIS,1985,6,NROS,1595,Non-Rec Stays,non_rec_stays,Non-Recreation Overnight Stays
CHIS,1985,6,TOS,4316,Total Stays,total_stays,Total Overnight Stays
CHIS,1985,6,TNRVH,97319,Non-Rec Hrs,non_rec_hrs,Total Non-Recreation Visitor Hours
CHIS,1985,7,TRV,19922,Rec Visits,rec_visits,Total Recreation Visits
CHIS,1985,7,TNRV,6640,Non-Rec Visits,non_rec_visits,Total Non-Recreation Visits
CHIS,1985,7,TV,26562,Total Visits,total_visits,Total Visits (Recreation + Non-Recreation)
CHIS,1985,7,TRVH,207152,Rec Hrs,rec_hrs,Total Recreation Visitor Hours
CHIS,1985,7,TH,366532,Total Hrs,total_hrs,Total Hours (Recreation + Non-Recreation)
CHIS,1985,7,CL,0,Conc Lodging,conc_lodging,Concessioner Lodging Overnight Stays
CHIS,1985,7,CCG,0,Conc Camp,conc_camp,Concessioner Campground Overnight Stays
CHIS,1985,7,TT,0,Tent Camp,tent_camp,Tent Camping Overnight Stays (NPS)
CHIS,1985,7,TRVS,0,Rec Stays,rec_stays,Total Recreation Overnight Stays
CHIS,1985,7,TTRV,0,Tent & RV,tent_rv,Total Tent and RV Camping Stays
CHIS,1985,7,BC,289,Backcountry,backcountry,Backcountry Camping Overnight Stays
CHIS,1985,7,MISC,4074,Misc Stays,misc_stays,Miscellaneous Overnight Stays
CHIS,1985,7,NROS,2720,Non-Rec Stays,non_rec_stays,Non-Recreation Overnight Stays
CHIS,1985,7,TOS,7083,Total Stays,total_stays,Total Overnight Stays
CHIS,1985,7,TNRVH,159380,Non-Rec Hrs,non_rec_hrs,Total Non-Recreation Visitor Hours
CHIS,1985,8,TRV,24101,Rec Visits,rec_visits,Total Recreation Visits
CHIS,1985,8,TNRV,8033,Non-Rec Visits,non_rec_visits,Total Non-Recreation Visits
CHIS,1985,8,TV,32134,Total Visits,total_visits,Total Visits (Recreation + Non-Recreation)
CHIS,1985,8,TRVH,242661,Rec Hrs,rec_hrs,Total Recreation Visitor Hours
CHIS,1985,8,TH,435473,Total Hrs,total_hrs,Total Hours (Recreation + Non-Recreation)
CHIS,1985,8,CL,0,Conc Lodging,conc_lodging,Concessioner Lodging Overnight Stays
CHIS,1985,8,CCG,0,Conc Camp,conc_camp,Concessioner Campground Overnight Stays
CHIS,1985,8,TT,0,Tent Camp,tent_camp,Tent Camping Overnight Stays (NPS)
CHIS,1985,8,TRVS,0,Rec Stays,rec_stays,Total Recreation Overnight Stays
CHIS,1985,8,TTRV,0,Tent & RV,tent_rv,Total Tent and RV Camping Stays
CHIS,1985,8,BC,390,Backcountry,backcountry,Backcountry Camping Overnight Stays
CHIS,1985,8,MISC,4819,Misc Stays,misc_stays,Miscellaneous Overnight Stays
CHIS,1985,8,NROS,3156,Non-Rec Stays,non_rec_stays,Non-Recreation Overnight Stays
CHIS,1985,8,TOS,8365,Total Stays,total_stays,Total Overnight Stays
CHIS,1985,8,TNRVH,192812,Non-Rec Hrs,non_rec_hrs,Total Non-Recreation Visitor Hours
CHIS,1985,9,TRV,20473,Rec Visits,rec_visits,Total Recreation Visits
CHIS,1985,9,TNRV,6824,Non-Rec Visits,non_rec_visits,Total Non-Recreation Visits
CHIS,1985,9,TV,27297,Total Visits,total_visits,Total Visits (Recreation + Non-Recreation)
CHIS,1985,9,TRVH,210648,Rec Hrs,rec_hrs,Total Recreation Visitor Hours
CHIS,1985,9,TH,374439,Total Hrs,total_hrs,Total Hours (Recreation + Non-Recreation)
CHIS,1985,9,CL,0,Conc Lodging,conc_lodging,Concessioner Lodging Overnight Stays
CHIS,1985,9,CCG,0,Conc Camp,conc_camp,Concessioner Campground Overnight Stays
CHIS,1985,9,TT,0,Tent Camp,tent_camp,Tent Camping Overnight Stays (NPS)
CHIS,1985,9,TRVS,0,Rec Stays,rec_stays,Total Recreation Overnight Stays
CHIS,1985,9,TTRV,0,Tent & RV,tent_rv,Total Tent and RV Camping Stays
CHIS,1985,9,BC,180,Backcountry,backcountry,Backcountry Camping Overnight Stays
CHIS,1985,9,MISC,4304,Misc Stays,misc_stays,Miscellaneous Overnight Stays
CHIS,1985,9,NROS,2815,Non-Rec Stays,non_rec_stays,Non-Recreation Overnight Stays
CHIS,1985,9,TOS,7299,Total Stays,total_stays,Total Overnight Stays
CHIS,1985,9,TNRVH,163791,Non-Rec Hrs,non_rec_hrs,Total Non-Recreation Visitor Hours
CHIS,1985,10,TRV,10875,Rec Visits,rec_visits,Total Recreation Visits
CHIS,1985,10,TNRV,3625,Non-Rec Visits,non_rec_visits,Total Non-Recreation Visits
CHIS,1985,10,TV,14500,Total Visits,total_visits,Total Visits (Recreation + Non-Recreation)
CHIS,1985,10,TRVH,112967,Rec Hrs,rec_hrs,Total Recreation Visitor Hours
CHIS,1985,10,TH,199971,Total Hrs,total_hrs,Total Hours (Recreation + Non-Recreation)
CHIS,1985,10,CL,0,Conc Lodging,conc_lodging,Concessioner Lodging Overnight Stays
CHIS,1985,10,CCG,0,Conc Camp,conc_camp,Concessioner Campground Overnight Stays
CHIS,1985,10,TT,0,Tent Camp,tent_camp,Tent Camping Overnight Stays (NPS)
CHIS,1985,10,TRVS,0,Rec Stays,rec_stays,Total Recreation Overnight Stays
CHIS,1985,10,TTRV,0,Tent & RV,tent_rv,Total Tent and RV Camping Stays
CHIS,1985,10,BC,49,Backcountry,backcountry,Backcountry Camping Overnight Stays
CHIS,1985,10,MISC,2269,Misc Stays,misc_stays,Miscellaneous Overnight Stays
CHIS,1985,10,NROS,1492,Non-Rec Stays,non_rec_stays,Non-Recreation Overnight Stays
CHIS,1985,10,TOS,3810,Total Stays,total_stays,Total Overnight Stays
CHIS,1985,10,TNRVH,87004,Non-Rec Hrs,non_rec_hrs,Total Non-Recreation Visitor Hours
CHIS,1985,11,TRV,10838,Rec Visits,rec_visits,Total Recreation Visits
CHIS,1985,11,TNRV,3612,Non-Rec Visits,non_rec_visits,Total Non-Recreation Visits
CHIS,1985,11,TV,14450,Total Visits,total_visits,Total Visits (Recreation + Non-Recreation)
CHIS,1985,11,TRVH,111749,Rec Hrs,rec_hrs,Total Recreation Visitor Hours
CHIS,1985,11,TH,198454,Total Hrs,total_hrs,Total Hours (Recreation + Non-Recreation)
CHIS,1985,11,CL,0,Conc Lodging,conc_lodging,Concessioner Lodging Overnight Stays
CHIS,1985,11,CCG,0,Conc Camp,conc_camp,Concessioner Campground Overnight Stays
CHIS,1985,11,TT,0,Tent Camp,tent_camp,Tent Camping Overnight Stays (NPS)
CHIS,1985,11,TRVS,0,Rec Stays,rec_stays,Total Recreation Overnight Stays
CHIS,1985,11,TTRV,0,Tent & RV,tent_rv,Total Tent and RV Camping Stays
CHIS,1985,11,BC,149,Backcountry,backcountry,Backcountry Camping Overnight Stays
CHIS,1985,11,MISC,2244,Misc Stays,misc_stays,Miscellaneous Overnight Stays
CHIS,1985,11,NROS,1466,Non-Rec Stays,non_rec_stays,Non-Recreation Overnight Stays
CHIS,1985,11,TOS,3859,Total Stays,total_stays,Total Overnight Stays
CHIS,1985,11,TNRVH,86705,Non-Rec Hrs,non_rec_hrs,Total Non-Recreation Visitor Hours
CHIS,1985,12,TRV,10251,Rec Visits,rec_visits,Total Recreation Visits
CHIS,1985,12,TNRV,3417,Non-Rec Visits,non_rec_visits,Total Non-Recreation Visits
CHIS,1985,12,TV,13668,Total Visits,total_visits,Total Visits (Recreation + Non-Recreation)
CHIS,1985,12,TRVH,107938,Rec Hrs,rec_hrs,Total Recreation Visitor Hours
CHIS,1985,12,TH,189948,Total Hrs,total_hrs,Total Hours (Recreation + Non-Recreation)
CHIS,1985,12,CL,0,Conc Lodging,conc_lodging,Concessioner Lodging Overnight Stays
CHIS,1985,12,CCG,0,Conc Camp,conc_camp,Concessioner Campground Overnight Stays
CHIS,1985,12,TT,0,Tent Camp,tent_camp,Tent Camping Overnight Stays (NPS)
CHIS,1985,12,TRVS,0,Rec Stays,rec_stays,Total Recreation Overnight Stays
CHIS,1985,12,TTRV,0,Tent & RV,tent_rv,Total Tent and RV Camping Stays
CHIS,1985,12,BC,9,Backcountry,backcountry,Backcountry Camping Overnight Stays
CHIS,1985,12,MISC,2177,Misc Stays,misc_stays,Miscellaneous Overnight Stays
CHIS,1985,12,NROS,1423,Non-Rec Stays,non_rec_stays,Non-Recreation Overnight Stays
CHIS,1985,12,TOS,3609,Total Stays,total_stays,Total Overnight Stays
CHIS,1985,12,TNRVH,82010,Non-Rec Hrs,non_rec_hrs,Total Non-Recreation Visitor Hours
CHIS,1986,1,TRV,15061,Rec Visits,rec_visits,Total Recreation Visits
CHIS,1986,1,TNRV,1307,Non-Rec Visits,non_rec_visits,Total Non-Recreation Visits
CHIS,1986,1,TV,16368,Total Visits,total_visits,Total Visits (Recreation + Non-Recreation)
CHIS,1986,1,TRVH,102493,Rec Hrs,rec_hrs,Total Recreation Visitor Hours
CHIS,1986,1,TH,133872,Total Hrs,total_hrs,Total Hours (Recreation + Non-Recreation)
CHIS,1986,1,CL,0,Conc Lodging,conc_lodging,Concessioner Lodging Overnight Stays
CHIS,1986,1,CCG,0,Conc Camp,conc_camp,Concessioner Campground Overnight Stays
CHIS,1986,1,TT,0,Tent Camp,tent_camp,Tent Camping Overnight Stays (NPS)
CHIS,1986,1,TRVS,0,Rec Stays,rec_stays,Total Recreation Overnight Stays
CHIS,1986,1,TTRV,0,Tent & RV,tent_rv,Total Tent and RV Camping Stays
CHIS,1986,1,BC,68,Backcountry,backcountry,Backcountry Camping Overnight Stays
CHIS,1986,1,MISC,2000,Misc Stays,misc_stays,Miscellaneous Overnight Stays
CHIS,1986,1,NROS,1307,Non-Rec Stays,non_rec_stays,Non-Recreation Overnight Stays
CHIS,1986,1,TOS,3375,Total Stays,total_stays,Total Overnight Stays
CHIS,1986,1,TNRVH,31379,Non-Rec Hrs,non_rec_hrs,Total Non-Recreation Visitor Hours
CHIS,1986,2,TRV,7302,Rec Visits,rec_visits,Total Recreation Visits
CHIS,1986,2,TNRV,2434,Non-Rec Visits,non_rec_visits,Total Non-Recreation Visits
CHIS,1986,2,TV,9736,Total Visits,total_visits,Total Visits (Recreation + Non-Recreation)
CHIS,1986,2,TRVH,78329,Rec Hrs,rec_hrs,Total Recreation Visitor Hours
CHIS,1986,2,TH,136746,Total Hrs,total_hrs,Total Hours (Recreation + Non-Recreation)
CHIS,1986,2,CL,0,Conc Lodging,conc_lodging,Concessioner Lodging Overnight Stays
CHIS,1986,2,CCG,0,Conc Camp,conc_camp,Concessioner Campground Overnight Stays
CHIS,1986,2,TT,0,Tent Camp,tent_camp,Tent Camping Overnight Stays (NPS)
CHIS,1986,2,TRVS,0,Rec Stays,rec_stays,Total Recreation Overnight Stays
CHIS,1986,2,TTRV,0,Tent & RV,tent_rv,Total Tent and RV Camping Stays
CHIS,1986,2,BC,2,Backcountry,backcountry,Backcountry Camping Overnight Stays
CHIS,1986,2,MISC,1472,Misc Stays,misc_stays,Miscellaneous Overnight Stays
CHIS,1986,2,NROS,996,Non-Rec Stays,non_rec_stays,Non-Recreation Overnight Stays
CHIS,1986,2,TOS,2470,Total Stays,total_stays,Total Overnight Stays
CHIS,1986,2,TNRVH,58417,Non-Rec Hrs,non_rec_hrs,Total Non-Recreation Visitor Hours
CHIS,1986,3,TRV,9925,Rec Visits,rec_visits,Total Recreation Visits
CHIS,1986,3,TNRV,3308,Non-Rec Visits,non_rec_visits,Total Non-Recreation Visits
CHIS,1986,3,TV,13233,Total Visits,total_visits,Total Visits (Recreation + Non-Recreation)
CHIS,1986,3,TRVH,108783,Rec Hrs,rec_hrs,Total Recreation Visitor Hours
CHIS,1986,3,TH,188188,Total Hrs,total_hrs,Total Hours (Recreation + Non-Recreation)
CHIS,1986,3,CL,0,Conc Lodging,conc_lodging,Concessioner Lodging Overnight Stays
CHIS,1986,3,CCG,0,Conc Camp,conc_camp,Concessioner Campground Overnight Stays
CHIS,1986,3,TT,0,Tent Camp,tent_camp,Tent Camping Overnight Stays (NPS)
CHIS,1986,3,TRVS,0,Rec Stays,rec_stays,Total Recreation Overnight Stays
CHIS,1986,3,TTRV,0,Tent & RV,tent_rv,Total Tent and RV Camping Stays
CHIS,1986,3,BC,113,Backcountry,backcountry,Backcountry Camping Overnight Stays
CHIS,1986,3,MISC,2120,Misc Stays,misc_stays,Miscellaneous Overnight Stays
CHIS,1986,3,NROS,1390,Non-Rec Stays,non_rec_stays,Non-Recreation Overnight Stays
CHIS,1986,3,TOS,3623,Total Stays,total_stays,Total Overnight Stays
CHIS,1986,3,TNRVH,79405,Non-Rec Hrs,non_rec_hrs,Total Non-Recreation Visitor Hours
CHIS,1986,4,TRV,11514,Rec Visits,rec_visits,Total Recreation Visits
CHIS,1986,4,TNRV,3838,Non-Rec Visits,non_rec_visits,Total Non-Recreation Visits
CHIS,1986,4,TV,15352,Total Visits,total_visits,Total Visits (Recreation + Non-Recreation)
CHIS,1986,4,TRVH,113895,Rec Hrs,rec_hrs,Total Recreation Visitor Hours
CHIS,1986,4,TH,206014,Total Hrs,total_hrs,Total Hours (Recreation + Non-Recreation)
CHIS,1986,4,CL,0,Conc Lodging,conc_lodging,Concessioner Lodging Overnight Stays
CHIS,1986,4,CCG,0,Conc Camp,conc_camp,Concessioner Campground Overnight Stays
CHIS,1986,4,TT,0,Tent Camp,tent_camp,Tent Camping Overnight Stays (NPS)
CHIS,1986,4,TRVS,0,Rec Stays,rec_stays,Total Recreation Overnight Stays
CHIS,1986,4,TTRV,0,Tent & RV,tent_rv,Total Tent and RV Camping Stays
CHIS,1986,4,BC,56,Backcountry,backcountry,Backcountry Camping Overnight Stays
CHIS,1986,4,MISC,2266,Misc Stays,misc_stays,Miscellaneous Overnight Stays
CHIS,1986,4,NROS,1481,Non-Rec Stays,non_rec_stays,Non-Recreation Overnight Stays
CHIS,1986,4,TOS,3803,Total Stays,total_stays,Total Overnight Stays
CHIS,1986,4,TNRVH,92119,Non-Rec Hrs,non_rec_hrs,Total Non-Recreation Visitor Hours
CHIS,1986,5,TRV,12594,Rec Visits,rec_visits,Total Recreation Visits
CHIS,1986,5,TNRV,4198,Non-Rec Visits,non_rec_visits,Total Non-Recreation Visits
CHIS,1986,5,TV,16792,Total Visits,total_visits,Total Visits (Recreation + Non-Recreation)
CHIS,1986,5,TRVH,135859,Rec Hrs,rec_hrs,Total Recreation Visitor Hours
CHIS,1986,5,TH,236613,Total Hrs,total_hrs,Total Hours (Recreation + Non-Recreation)
CHIS,1986,5,CL,0,Conc Lodging,conc_lodging,Concessioner Lodging Overnight Stays
CHIS,1986,5,CCG,0,Conc Camp,conc_camp,Concessioner Campground Overnight Stays
CHIS,1986,5,TT,0,Tent Camp,tent_camp,Tent Camping Overnight Stays (NPS)
CHIS,1986,5,TRVS,0,Rec Stays,rec_stays,Total Recreation Overnight Stays
CHIS,1986,5,TTRV,0,Tent & RV,tent_rv,Total Tent and RV Camping Stays
CHIS,1986,5,BC,161,Backcountry,backcountry,Backcountry Camping Overnight Stays
CHIS,1986,5,MISC,2687,Misc Stays,misc_stays,Miscellaneous Overnight Stays
CHIS,1986,5,NROS,1756,Non-Rec Stays,non_rec_stays,Non-Recreation Overnight Stays
CHIS,1986,5,TOS,4604,Total Stays,total_stays,Total Overnight Stays
CHIS,1986,5,TNRVH,100754,Non-Rec Hrs,non_rec_hrs,Total Non-Recreation Visitor Hours
CHIS,1986,6,TRV,14210,Rec Visits,rec_visits,Total Recreation Visits
CHIS,1986,6,TNRV,4736,Non-Rec Visits,non_rec_visits,Total Non-Recreation Visits
CHIS,1986,6,TV,18946,Total Visits,total_visits,Total Visits (Recreation + Non-Recreation)
CHIS,1986,6,TRVH,145136,Rec Hrs,rec_hrs,Total Recreation Visitor Hours
CHIS,1986,6,TH,258820,Total Hrs,total_hrs,Total Hours (Recreation + Non-Recreation)
CHIS,1986,6,CL,0,Conc Lodging,conc_lodging,Concessioner Lodging Overnight Stays
CHIS,1986,6,CCG,0,Conc Camp,conc_camp,Concessioner Campground Overnight Stays
CHIS,1986,6,TT,0,Tent Camp,tent_camp,Tent Camping Overnight Stays (NPS)
CHIS,1986,6,TRVS,0,Rec Stays,rec_stays,Total Recreation Overnight Stays
CHIS,1986,6,TTRV,0,Tent & RV,tent_rv,Total Tent and RV Camping Stays
CHIS,1986,6,BC,303,Backcountry,backcountry,Backcountry Camping Overnight Stays
CHIS,1986,6,MISC,2856,Misc Stays,misc_stays,Miscellaneous Overnight Stays
CHIS,1986,6,NROS,1867,Non-Rec Stays,non_rec_stays,Non-Recreation Overnight Stays
CHIS,1986,6,TOS,5026,Total Stays,total_stays,Total Overnight Stays
CHIS,1986,6,TNRVH,113684,Non-Rec Hrs,non_rec_hrs,Total Non-Recreation Visitor Hours
CHIS,1986,7,TRV,21062,Rec Visits,rec_visits,Total Recreation Visits
CHIS,1986,7,TNRV,7020,Non-Rec Visits,non_rec_visits,Total Non-Recreation Visits
CHIS,1986,7,TV,28082,Total Visits,total_visits,Total Visits (Recreation + Non-Recreation)
CHIS,1986,7,TRVH,224616,Rec Hrs,rec_hrs,Total Recreation Visitor Hours
CHIS,1986,7,TH,393113,Total Hrs,total_hrs,Total Hours (Recreation + Non-Recreation)
CHIS,1986,7,CL,0,Conc Lodging,conc_lodging,Concessioner Lodging Overnight Stays
CHIS,1986,7,CCG,0,Conc Camp,conc_camp,Concessioner Campground Overnight Stays
CHIS,1986,7,TT,0,Tent Camp,tent_camp,Tent Camping Overnight Stays (NPS)
CHIS,1986,7,TRVS,0,Rec Stays,rec_stays,Total Recreation Overnight Stays
CHIS,1986,7,TTRV,0,Tent & RV,tent_rv,Total Tent and RV Camping Stays
CHIS,1986,7,BC,291,Backcountry,backcountry,Backcountry Camping Overnight Stays
CHIS,1986,7,MISC,4508,Misc Stays,misc_stays,Miscellaneous Overnight Stays
CHIS,1986,7,NROS,2953,Non-Rec Stays,non_rec_stays,Non-Recreation Overnight Stays
CHIS,1986,7,TOS,7752,Total Stays,total_stays,Total Overnight Stays
CHIS,1986,7,TNRVH,168497,Non-Rec Hrs,non_rec_hrs,Total Non-Recreation Visitor Hours
CHIS,1986,8,TRV,24173,Rec Visits,rec_visits,Total Recreation Visits
CHIS,1986,8,TNRV,8057,Non-Rec Visits,non_rec_visits,Total Non-Recreation Visits
CHIS,1986,8,TV,32230,Total Visits,total_visits,Total Visits (Recreation + Non-Recreation)
CHIS,1986,8,TRVH,262076,Rec Hrs,rec_hrs,Total Recreation Visitor Hours
CHIS,1986,8,TH,455467,Total Hrs,total_hrs,Total Hours (Recreation + Non-Recreation)
CHIS,1986,8,CL,0,Conc Lodging,conc_lodging,Concessioner Lodging Overnight Stays
CHIS,1986,8,CCG,0,Conc Camp,conc_camp,Concessioner Campground Overnight Stays
CHIS,1986,8,TT,0,Tent Camp,tent_camp,Tent Camping Overnight Stays (NPS)
CHIS,1986,8,TRVS,0,Rec Stays,rec_stays,Total Recreation Overnight Stays
CHIS,1986,8,TTRV,0,Tent & RV,tent_rv,Total Tent and RV Camping Stays
CHIS,1986,8,BC,512,Backcountry,backcountry,Backcountry Camping Overnight Stays
CHIS,1986,8,MISC,5285,Misc Stays,misc_stays,Miscellaneous Overnight Stays
CHIS,1986,8,NROS,3456,Non-Rec Stays,non_rec_stays,Non-Recreation Overnight Stays
CHIS,1986,8,TOS,9253,Total Stays,total_stays,Total Overnight Stays
CHIS,1986,8,TNRVH,193391,Non-Rec Hrs,non_rec_hrs,Total Non-Recreation Visitor Hours
CHIS,1986,9,TRV,16955,Rec Visits,rec_visits,Total Recreation Visits
CHIS,1986,9,TNRV,5651,Non-Rec Visits,non_rec_visits,Total Non-Recreation Visits
CHIS,1986,9,TV,22606,Total Visits,total_visits,Total Visits (Recreation + Non-Recreation)
CHIS,1986,9,TRVH,177672,Rec Hrs,rec_hrs,Total Recreation Visitor Hours
CHIS,1986,9,TH,313312,Total Hrs,total_hrs,Total Hours (Recreation + Non-Recreation)
CHIS,1986,9,CL,0,Conc Lodging,conc_lodging,Concessioner Lodging Overnight Stays
CHIS,1986,9,CCG,0,Conc Camp,conc_camp,Concessioner Campground Overnight Stays
CHIS,1986,9,TT,0,Tent Camp,tent_camp,Tent Camping Overnight Stays (NPS)
CHIS,1986,9,TRVS,0,Rec Stays,rec_stays,Total Recreation Overnight Stays
CHIS,1986,9,TTRV,0,Tent & RV,tent_rv,Total Tent and RV Camping Stays
CHIS,1986,9,BC,110,Backcountry,backcountry,Backcountry Camping Overnight Stays
CHIS,1986,9,MISC,3655,Misc Stays,misc_stays,Miscellaneous Overnight Stays
CHIS,1986,9,NROS,2388,Non-Rec Stays,non_rec_stays,Non-Recreation Overnight Stays
CHIS,1986,9,TOS,6153,Total Stays,total_stays,Total Overnight Stays
CHIS,1986,9,TNRVH,135640,Non-Rec Hrs,non_rec_hrs,Total Non-Recreation Visitor Hours
CHIS,1986,10,TRV,17818,Rec Visits,rec_visits,Total Recreation Visits
CHIS,1986,10,TNRV,5939,Non-Rec Visits,non_rec_visits,Total Non-Recreation Visits
CHIS,1986,10,TV,23757,Total Visits,total_visits,Total Visits (Recreation + Non-Recreation)
CHIS,1986,10,TRVH,194042,Rec Hrs,rec_hrs,Total Recreation Visitor Hours
CHIS,1986,10,TH,336591,Total Hrs,total_hrs,Total Hours (Recreation + Non-Recreation)
CHIS,1986,10,CL,0,Conc Lodging,conc_lodging,Concessioner Lodging Overnight Stays
CHIS,1986,10,CCG,0,Conc Camp,conc_camp,Concessioner Campground Overnight Stays
CHIS,1986,10,TT,0,Tent Camp,tent_camp,Tent Camping Overnight Stays (NPS)
CHIS,1986,10,TRVS,0,Rec Stays,rec_stays,Total Recreation Overnight Stays
CHIS,1986,10,TTRV,0,Tent & RV,tent_rv,Total Tent and RV Camping Stays
CHIS,1986,10,BC,125,Backcountry,backcountry,Backcountry Camping Overnight Stays
CHIS,1986,10,MISC,3971,Misc Stays,misc_stays,Miscellaneous Overnight Stays
CHIS,1986,10,NROS,2595,Non-Rec Stays,non_rec_stays,Non-Recreation Overnight Stays
CHIS,1986,10,TOS,6691,Total Stays,total_stays,Total Overnight Stays
CHIS,1986,10,TNRVH,142549,Non-Rec Hrs,non_rec_hrs,Total Non-Recreation Visitor Hours
CHIS,1986,11,TRV,13439,Rec Visits,rec_visits,Total Recreation Visits
CHIS,1986,11,TNRV,4479,Non-Rec Visits,non_rec_visits,Total Non-Recreation Visits
CHIS,1986,11,TV,17918,Total Visits,total_visits,Total Visits (Recreation + Non-Recreation)
CHIS,1986,11,TRVH,147413,Rec Hrs,rec_hrs,Total Recreation Visitor Hours
CHIS,1986,11,TH,254929,Total Hrs,total_hrs,Total Hours (Recreation + Non-Recreation)
CHIS,1986,11,CL,0,Conc Lodging,conc_lodging,Concessioner Lodging Overnight Stays
CHIS,1986,11,CCG,0,Conc Camp,conc_camp,Concessioner Campground Overnight Stays
CHIS,1986,11,TT,0,Tent Camp,tent_camp,Tent Camping Overnight Stays (NPS)
CHIS,1986,11,TRVS,0,Rec Stays,rec_stays,Total Recreation Overnight Stays
CHIS,1986,11,TTRV,0,Tent & RV,tent_rv,Total Tent and RV Camping Stays
CHIS,1986,11,BC,74,Backcountry,backcountry,Backcountry Camping Overnight Stays
CHIS,1986,11,MISC,2982,Misc Stays,misc_stays,Miscellaneous Overnight Stays
CHIS,1986,11,NROS,1949,Non-Rec Stays,non_rec_stays,Non-Recreation Overnight Stays
CHIS,1986,11,TOS,5005,Total Stays,total_stays,Total Overnight Stays
CHIS,1986,11,TNRVH,107516,Non-Rec Hrs,non_rec_hrs,Total Non-Recreation Visitor Hours
CHIS,1986,12,TRV,8860,Rec Visits,rec_visits,Total Recreation Visits
CHIS,1986,12,TNRV,2953,Non-Rec Visits,non_rec_visits,Total Non-Recreation Visits
CHIS,1986,12,TV,11813,Total Visits,total_visits,Total Visits (Recreation + Non-Recreation)
CHIS,1986,12,TRVH,85327,Rec Hrs,rec_hrs,Total Recreation Visitor Hours
CHIS,1986,12,TH,156207,Total Hrs,total_hrs,Total Hours (Recreation + Non-Recreation)
CHIS,1986,12,CL,0,Conc Lodging,conc_lodging,Concessioner Lodging Overnight Stays
CHIS,1986,12,CCG,0,Conc Camp,conc_camp,Concessioner Campground Overnight Stays
CHIS,1986,12,TT,0,Tent Camp,tent_camp,Tent Camping Overnight Stays (NPS)
CHIS,1986,12,TRVS,0,Rec Stays,rec_stays,Total Recreation Overnight Stays
CHIS,1986,12,TTRV,0,Tent & RV,tent_rv,Total Tent and RV Camping Stays
CHIS,1986,12,BC,76,Backcountry,backcountry,Backcountry Camping Overnight Stays
CHIS,1986,12,MISC,1678,Misc Stays,misc_stays,Miscellaneous Overnight Stays
CHIS,1986,12,NROS,1098,Non-Rec Stays,non_rec_stays,Non-Recreation Overnight Stays
CHIS,1986,12,TOS,2852,Total Stays,total_stays,Total Overnight Stays
CHIS,1986,12,TNRVH,70880,Non-Rec Hrs,non_rec_hrs,Total Non-Recreation Visitor Hours
CHIS,1987,1,TRV,13326,Rec Visits,rec_visits,Total Recreation Visits
CHIS,1987,1,TNRV,1319,Non-Rec Visits,non_rec_visits,Total Non-Recreation Visits
CHIS,1987,1,TV,14645,Total Visits,total_visits,Total Visits (Recreation + Non-Recreation)
CHIS,1987,1,TRVH,102009,Rec Hrs,rec_hrs,Total Recreation Visitor Hours
CHIS,1987,1,TH,133670,Total Hrs,total_hrs,Total Hours (Recreation + Non-Recreation)
CHIS,1987,1,CL,0,Conc Lodging,conc_lodging,Concessioner Lodging Overnight Stays
CHIS,1987,1,CCG,0,Conc Camp,conc_camp,Concessioner Campground Overnight Stays
CHIS,1987,1,TT,0,Tent Camp,tent_camp,Tent Camping Overnight Stays (NPS)
CHIS,1987,1,TRVS,0,Rec Stays,rec_stays,Total Recreation Overnight Stays
CHIS,1987,1,TTRV,0,Tent & RV,tent_rv,Total Tent and RV Camping Stays
CHIS,1987,1,BC,25,Backcountry,backcountry,Backcountry Camping Overnight Stays
CHIS,1987,1,MISC,2018,Misc Stays,misc_stays,Miscellaneous Overnight Stays
CHIS,1987,1,NROS,1319,Non-Rec Stays,non_rec_stays,Non-Recreation Overnight Stays
CHIS,1987,1,TOS,3362,Total Stays,total_stays,Total Overnight Stays
CHIS,1987,1,TNRVH,31661,Non-Rec Hrs,non_rec_hrs,Total Non-Recreation Visitor Hours
CHIS,1987,2,TRV,9744,Rec Visits,rec_visits,Total Recreation Visits
CHIS,1987,2,TNRV,3248,Non-Rec Visits,non_rec_visits,Total Non-Recreation Visits
CHIS,1987,2,TV,12992,Total Visits,total_visits,Total Visits (Recreation + Non-Recreation)
CHIS,1987,2,TRVH,99335,Rec Hrs,rec_hrs,Total Recreation Visitor Hours
CHIS,1987,2,TH,177287,Total Hrs,total_hrs,Total Hours (Recreation + Non-Recreation)
CHIS,1987,2,CL,0,Conc Lodging,conc_lodging,Concessioner Lodging Overnight Stays
CHIS,1987,2,CCG,0,Conc Camp,conc_camp,Concessioner Campground Overnight Stays
CHIS,1987,2,TT,0,Tent Camp,tent_camp,Tent Camping Overnight Stays (NPS)
CHIS,1987,2,TRVS,0,Rec Stays,rec_stays,Total Recreation Overnight Stays
CHIS,1987,2,TTRV,0,Tent & RV,tent_rv,Total Tent and RV Camping Stays
CHIS,1987,2,BC,16,Backcountry,backcountry,Backcountry Camping Overnight Stays
CHIS,1987,2,MISC,1969,Misc Stays,misc_stays,Miscellaneous Overnight Stays
CHIS,1987,2,NROS,1287,Non-Rec Stays,non_rec_stays,Non-Recreation Overnight Stays
CHIS,1987,2,TOS,3272,Total Stays,total_stays,Total Overnight Stays
CHIS,1987,2,TNRVH,77952,Non-Rec Hrs,non_rec_hrs,Total Non-Recreation Visitor Hours
CHIS,1987,3,TRV,8095,Rec Visits,rec_visits,Total Recreation Visits
CHIS,1987,3,TNRV,2698,Non-Rec Visits,non_rec_visits,Total Non-Recreation Visits
CHIS,1987,3,TV,10793,Total Visits,total_visits,Total Visits (Recreation + Non-Recreation)
CHIS,1987,3,TRVH,83652,Rec Hrs,rec_hrs,Total Recreation Visitor Hours
CHIS,1987,3,TH,148417,Total Hrs,total_hrs,Total Hours (Recreation + Non-Recreation)
CHIS,1987,3,CL,0,Conc Lodging,conc_lodging,Concessioner Lodging Overnight Stays
CHIS,1987,3,CCG,0,Conc Camp,conc_camp,Concessioner Campground Overnight Stays
CHIS,1987,3,TT,0,Tent Camp,tent_camp,Tent Camping Overnight Stays (NPS)
CHIS,1987,3,TRVS,0,Rec Stays,rec_stays,Total Recreation Overnight Stays
CHIS,1987,3,TTRV,0,Tent & RV,tent_rv,Total Tent and RV Camping Stays
CHIS,1987,3,BC,35,Backcountry,backcountry,Backcountry Camping Overnight Stays
CHIS,1987,3,MISC,1590,Misc Stays,misc_stays,Miscellaneous Overnight Stays
CHIS,1987,3,NROS,1039,Non-Rec Stays,non_rec_stays,Non-Recreation Overnight Stays
CHIS,1987,3,TOS,2664,Total Stays,total_stays,Total Overnight Stays
CHIS,1987,3,TNRVH,64765,Non-Rec Hrs,non_rec_hrs,Total Non-Recreation Visitor Hours
CHIS,1987,4,TRV,9472,Rec Visits,rec_visits,Total Recreation Visits
CHIS,1987,4,TNRV,3157,Non-Rec Visits,non_rec_visits,Total Non-Recreation Visits
CHIS,1987,4,TV,12629,Total Visits,total_visits,Total Visits (Recreation + Non-Recreation)
CHIS,1987,4,TRVH,91902,Rec Hrs,rec_hrs,Total Recreation Visitor Hours
CHIS,1987,4,TH,167685,Total Hrs,total_hrs,Total Hours (Recreation + Non-Recreation)
CHIS,1987,4,CL,0,Conc Lodging,conc_lodging,Concessioner Lodging Overnight Stays
CHIS,1987,4,CCG,0,Conc Camp,conc_camp,Concessioner Campground Overnight Stays
CHIS,1987,4,TT,0,Tent Camp,tent_camp,Tent Camping Overnight Stays (NPS)
CHIS,1987,4,TRVS,0,Rec Stays,rec_stays,Total Recreation Overnight Stays
CHIS,1987,4,TTRV,0,Tent & RV,tent_rv,Total Tent and RV Camping Stays
CHIS,1987,4,BC,94,Backcountry,backcountry,Backcountry Camping Overnight Stays
CHIS,1987,4,MISC,1776,Misc Stays,misc_stays,Miscellaneous Overnight Stays
CHIS,1987,4,NROS,1169,Non-Rec Stays,non_rec_stays,Non-Recreation Overnight Stays
CHIS,1987,4,TOS,3039,Total Stays,total_stays,Total Overnight Stays
CHIS,1987,4,TNRVH,75783,Non-Rec Hrs,non_rec_hrs,Total Non-Recreation Visitor Hours
CHIS,1987,5,TRV,19363,Rec Visits,rec_visits,Total Recreation Visits
CHIS,1987,5,TNRV,6454,Non-Rec Visits,non_rec_visits,Total Non-Recreation Visits
CHIS,1987,5,TV,25817,Total Visits,total_visits,Total Visits (Recreation + Non-Recreation)
CHIS,1987,5,TRVH,209807,Rec Hrs,rec_hrs,Total Recreation Visitor Hours
CHIS,1987,5,TH,364712,Total Hrs,total_hrs,Total Hours (Recreation + Non-Recreation)
CHIS,1987,5,CL,0,Conc Lodging,conc_lodging,Concessioner Lodging Overnight Stays
CHIS,1987,5,CCG,0,Conc Camp,conc_camp,Concessioner Campground Overnight Stays
CHIS,1987,5,TT,0,Tent Camp,tent_camp,Tent Camping Overnight Stays (NPS)
CHIS,1987,5,TRVS,0,Rec Stays,rec_stays,Total Recreation Overnight Stays
CHIS,1987,5,TTRV,0,Tent & RV,tent_rv,Total Tent and RV Camping Stays
CHIS,1987,5,BC,214,Backcountry,backcountry,Backcountry Camping Overnight Stays
CHIS,1987,5,MISC,4248,Misc Stays,misc_stays,Miscellaneous Overnight Stays
CHIS,1987,5,NROS,2785,Non-Rec Stays,non_rec_stays,Non-Recreation Overnight Stays
CHIS,1987,5,TOS,7247,Total Stays,total_stays,Total Overnight Stays
CHIS,1987,5,TNRVH,154905,Non-Rec Hrs,non_rec_hrs,Total Non-Recreation Visitor Hours
CHIS,1987,6,TRV,12986,Rec Visits,rec_visits,Total Recreation Visits
CHIS,1987,6,TNRV,4328,Non-Rec Visits,non_rec_visits,Total Non-Recreation Visits
CHIS,1987,6,TV,17314,Total Visits,total_visits,Total Visits (Recreation + Non-Recreation)
CHIS,1987,6,TRVH,138384,Rec Hrs,rec_hrs,Total Recreation Visitor Hours
CHIS,1987,6,TH,242279,Total Hrs,total_hrs,Total Hours (Recreation + Non-Recreation)
CHIS,1987,6,CL,0,Conc Lodging,conc_lodging,Concessioner Lodging Overnight Stays
CHIS,1987,6,CCG,0,Conc Camp,conc_camp,Concessioner Campground Overnight Stays
CHIS,1987,6,TT,0,Tent Camp,tent_camp,Tent Camping Overnight Stays (NPS)
CHIS,1987,6,TRVS,0,Rec Stays,rec_stays,Total Recreation Overnight Stays
CHIS,1987,6,TTRV,0,Tent & RV,tent_rv,Total Tent and RV Camping Stays
CHIS,1987,6,BC,198,Backcountry,backcountry,Backcountry Camping Overnight Stays
CHIS,1987,6,MISC,2711,Misc Stays,misc_stays,Miscellaneous Overnight Stays
CHIS,1987,6,NROS,1772,Non-Rec Stays,non_rec_stays,Non-Recreation Overnight Stays
CHIS,1987,6,TOS,4681,Total Stays,total_stays,Total Overnight Stays
CHIS,1987,6,TNRVH,103895,Non-Rec Hrs,non_rec_hrs,Total Non-Recreation Visitor Hours
CHIS,1987,7,TRV,17344,Rec Visits,rec_visits,Total Recreation Visits
CHIS,1987,7,TNRV,5781,Non-Rec Visits,non_rec_visits,Total Non-Recreation Visits
CHIS,1987,7,TV,23125,Total Visits,total_visits,Total Visits (Recreation + Non-Recreation)
CHIS,1987,7,TRVH,183712,Rec Hrs,rec_hrs,Total Recreation Visitor Hours
CHIS,1987,7,TH,322470,Total Hrs,total_hrs,Total Hours (Recreation + Non-Recreation)
CHIS,1987,7,CL,0,Conc Lodging,conc_lodging,Concessioner Lodging Overnight Stays
CHIS,1987,7,CCG,0,Conc Camp,conc_camp,Concessioner Campground Overnight Stays
CHIS,1987,7,TT,0,Tent Camp,tent_camp,Tent Camping Overnight Stays (NPS)
CHIS,1987,7,TRVS,0,Rec Stays,rec_stays,Total Recreation Overnight Stays
CHIS,1987,7,TTRV,0,Tent & RV,tent_rv,Total Tent and RV Camping Stays
CHIS,1987,7,BC,249,Backcountry,backcountry,Backcountry Camping Overnight Stays
CHIS,1987,7,MISC,3593,Misc Stays,misc_stays,Miscellaneous Overnight Stays
CHIS,1987,7,NROS,2348,Non-Rec Stays,non_rec_stays,Non-Recreation Overnight Stays
CHIS,1987,7,TOS,6190,Total Stays,total_stays,Total Overnight Stays
CHIS,1987,7,TNRVH,138758,Non-Rec Hrs,non_rec_hrs,Total Non-Recreation Visitor Hours
CHIS,1987,8,TRV,24419,Rec Visits,rec_visits,Total Recreation Visits
CHIS,1987,8,TNRV,8139,Non-Rec Visits,non_rec_visits,Total Non-Recreation Visits
CHIS,1987,8,TV,32558,Total Visits,total_visits,Total Visits (Recreation + Non-Recreation)
CHIS,1987,8,TRVH,261283,Rec Hrs,rec_hrs,Total Recreation Visitor Hours
CHIS,1987,8,TH,456641,Total Hrs,total_hrs,Total Hours (Recreation + Non-Recreation)
CHIS,1987,8,CL,0,Conc Lodging,conc_lodging,Concessioner Lodging Overnight Stays
CHIS,1987,8,CCG,0,Conc Camp,conc_camp,Concessioner Campground Overnight Stays
CHIS,1987,8,TT,0,Tent Camp,tent_camp,Tent Camping Overnight Stays (NPS)
CHIS,1987,8,TRVS,0,Rec Stays,rec_stays,Total Recreation Overnight Stays
CHIS,1987,8,TTRV,0,Tent & RV,tent_rv,Total Tent and RV Camping Stays
CHIS,1987,8,BC,411,Backcountry,backcountry,Backcountry Camping Overnight Stays
CHIS,1987,8,MISC,5222,Misc Stays,misc_stays,Miscellaneous Overnight Stays
CHIS,1987,8,NROS,3425,Non-Rec Stays,non_rec_stays,Non-Recreation Overnight Stays
CHIS,1987,8,TOS,9058,Total Stays,total_stays,Total Overnight Stays
CHIS,1987,8,TNRVH,195358,Non-Rec Hrs,non_rec_hrs,Total Non-Recreation Visitor Hours
CHIS,1987,9,TRV,19533,Rec Visits,rec_visits,Total Recreation Visits
CHIS,1987,9,TNRV,6511,Non-Rec Visits,non_rec_visits,Total Non-Recreation Visits
CHIS,1987,9,TV,26044,Total Visits,total_visits,Total Visits (Recreation + Non-Recreation)
CHIS,1987,9,TRVH,211521,Rec Hrs,rec_hrs,Total Recreation Visitor Hours
CHIS,1987,9,TH,367785,Total Hrs,total_hrs,Total Hours (Recreation + Non-Recreation)
CHIS,1987,9,CL,0,Conc Lodging,conc_lodging,Concessioner Lodging Overnight Stays
CHIS,1987,9,CCG,0,Conc Camp,conc_camp,Concessioner Campground Overnight Stays
CHIS,1987,9,TT,0,Tent Camp,tent_camp,Tent Camping Overnight Stays (NPS)
CHIS,1987,9,TRVS,0,Rec Stays,rec_stays,Total Recreation Overnight Stays
CHIS,1987,9,TTRV,0,Tent & RV,tent_rv,Total Tent and RV Camping Stays
CHIS,1987,9,BC,151,Backcountry,backcountry,Backcountry Camping Overnight Stays
CHIS,1987,9,MISC,4303,Misc Stays,misc_stays,Miscellaneous Overnight Stays
CHIS,1987,9,NROS,2812,Non-Rec Stays,non_rec_stays,Non-Recreation Overnight Stays
CHIS,1987,9,TOS,7266,Total Stays,total_stays,Total Overnight Stays
CHIS,1987,9,TNRVH,156264,Non-Rec Hrs,non_rec_hrs,Total Non-Recreation Visitor Hours
CHIS,1987,10,TRV,15094,Rec Visits,rec_visits,Total Recreation Visits
CHIS,1987,10,TNRV,5031,Non-Rec Visits,non_rec_visits,Total Non-Recreation Visits
CHIS,1987,10,TV,20125,Total Visits,total_visits,Total Visits (Recreation + Non-Recreation)
CHIS,1987,10,TRVH,159131,Rec Hrs,rec_hrs,Total Recreation Visitor Hours
CHIS,1987,10,TH,279886,Total Hrs,total_hrs,Total Hours (Recreation + Non-Recreation)
CHIS,1987,10,CL,0,Conc Lodging,conc_lodging,Concessioner Lodging Overnight Stays
CHIS,1987,10,CCG,0,Conc Camp,conc_camp,Concessioner Campground Overnight Stays
CHIS,1987,10,TT,0,Tent Camp,tent_camp,Tent Camping Overnight Stays (NPS)
CHIS,1987,10,TRVS,0,Rec Stays,rec_stays,Total Recreation Overnight Stays
CHIS,1987,10,TTRV,0,Tent & RV,tent_rv,Total Tent and RV Camping Stays
CHIS,1987,10,BC,62,Backcountry,backcountry,Backcountry Camping Overnight Stays
CHIS,1987,10,MISC,3242,Misc Stays,misc_stays,Miscellaneous Overnight Stays
CHIS,1987,10,NROS,2119,Non-Rec Stays,non_rec_stays,Non-Recreation Overnight Stays
CHIS,1987,10,TOS,5423,Total Stays,total_stays,Total Overnight Stays
CHIS,1987,10,TNRVH,120755,Non-Rec Hrs,non_rec_hrs,Total Non-Recreation Visitor Hours
CHIS,1987,11,TRV,13844,Rec Visits,rec_visits,Total Recreation Visits
CHIS,1987,11,TNRV,4614,Non-Rec Visits,non_rec_visits,Total Non-Recreation Visits
CHIS,1987,11,TV,18458,Total Visits,total_visits,Total Visits (Recreation + Non-Recreation)
CHIS,1987,11,TRVH,144147,Rec Hrs,rec_hrs,Total Recreation Visitor Hours
CHIS,1987,11,TH,254900,Total Hrs,total_hrs,Total Hours (Recreation + Non-Recreation)
CHIS,1987,11,CL,0,Conc Lodging,conc_lodging,Concessioner Lodging Overnight Stays
CHIS,1987,11,CCG,0,Conc Camp,conc_camp,Concessioner Campground Overnight Stays
CHIS,1987,11,TT,0,Tent Camp,tent_camp,Tent Camping Overnight Stays (NPS)
CHIS,1987,11,TRVS,0,Rec Stays,rec_stays,Total Recreation Overnight Stays
CHIS,1987,11,TTRV,0,Tent & RV,tent_rv,Total Tent and RV Camping Stays
CHIS,1987,11,BC,133,Backcountry,backcountry,Backcountry Camping Overnight Stays
CHIS,1987,11,MISC,2913,Misc Stays,misc_stays,Miscellaneous Overnight Stays
CHIS,1987,11,NROS,1904,Non-Rec Stays,non_rec_stays,Non-Recreation Overnight Stays
CHIS,1987,11,TOS,4950,Total Stays,total_stays,Total Overnight Stays
CHIS,1987,11,TNRVH,110753,Non-Rec Hrs,non_rec_hrs,Total Non-Recreation Visitor Hours
CHIS,1987,12,TRV,11387,Rec Visits,rec_visits,Total Recreation Visits
CHIS,1987,12,TNRV,3795,Non-Rec Visits,non_rec_visits,Total Non-Recreation Visits
CHIS,1987,12,TV,15182,Total Visits,total_visits,Total Visits (Recreation + Non-Recreation)
CHIS,1987,12,TRVH,118097,Rec Hrs,rec_hrs,Total Recreation Visitor Hours
CHIS,1987,12,TH,209194,Total Hrs,total_hrs,Total Hours (Recreation + Non-Recreation)
CHIS,1987,12,CL,0,Conc Lodging,conc_lodging,Concessioner Lodging Overnight Stays
CHIS,1987,12,CCG,0,Conc Camp,conc_camp,Concessioner Campground Overnight Stays
CHIS,1987,12,TT,0,Tent Camp,tent_camp,Tent Camping Overnight Stays (NPS)
CHIS,1987,12,TRVS,0,Rec Stays,rec_stays,Total Recreation Overnight Stays
CHIS,1987,12,TTRV,0,Tent & RV,tent_rv,Total Tent and RV Camping Stays
CHIS,1987,12,BC,8,Backcountry,backcountry,Backcountry Camping Overnight Stays
CHIS,1987,12,MISC,2384,Misc Stays,misc_stays,Miscellaneous Overnight Stays
CHIS,1987,12,NROS,1558,Non-Rec Stays,non_rec_stays,Non-Recreation Overnight Stays
CHIS,1987,12,TOS,3950,Total Stays,total_stays,Total Overnight Stays
CHIS,1987,12,TNRVH,91097,Non-Rec Hrs,non_rec_hrs,Total Non-Recreation Visitor Hours
CHIS,1988,1,TRV,14484,Rec Visits,rec_visits,Total Recreation Visits
CHIS,1988,1,TNRV,1269,Non-Rec Visits,non_rec_visits,Total Non-Recreation Visits
CHIS,1988,1,TV,15753,Total Visits,total_visits,Total Visits (Recreation + Non-Recreation)
CHIS,1988,1,TRVH,99380,Rec Hrs,rec_hrs,Total Recreation Visitor Hours
CHIS,1988,1,TH,129837,Total Hrs,total_hrs,Total Hours (Recreation + Non-Recreation)
CHIS,1988,1,CL,0,Conc Lodging,conc_lodging,Concessioner Lodging Overnight Stays
CHIS,1988,1,CCG,0,Conc Camp,conc_camp,Concessioner Campground Overnight Stays
CHIS,1988,1,TT,0,Tent Camp,tent_camp,Tent Camping Overnight Stays (NPS)
CHIS,1988,1,TRVS,0,Rec Stays,rec_stays,Total Recreation Overnight Stays
CHIS,1988,1,TTRV,0,Tent & RV,tent_rv,Total Tent and RV Camping Stays
CHIS,1988,1,BC,23,Backcountry,backcountry,Backcountry Camping Overnight Stays
CHIS,1988,1,MISC,1942,Misc Stays,misc_stays,Miscellaneous Overnight Stays
CHIS,1988,1,NROS,1269,Non-Rec Stays,non_rec_stays,Non-Recreation Overnight Stays
CHIS,1988,1,TOS,3234,Total Stays,total_stays,Total Overnight Stays
CHIS,1988,1,TNRVH,30457,Non-Rec Hrs,non_rec_hrs,Total Non-Recreation Visitor Hours
CHIS,1988,2,TRV,10178,Rec Visits,rec_visits,Total Recreation Visits
CHIS,1988,2,TNRV,3392,Non-Rec Visits,non_rec_visits,Total Non-Recreation Visits
CHIS,1988,2,TV,13570,Total Visits,total_visits,Total Visits (Recreation + Non-Recreation)
CHIS,1988,2,TRVH,109759,Rec Hrs,rec_hrs,Total Recreation Visitor Hours
CHIS,1988,2,TH,191190,Total Hrs,total_hrs,Total Hours (Recreation + Non-Recreation)
CHIS,1988,2,CL,0,Conc Lodging,conc_lodging,Concessioner Lodging Overnight Stays
CHIS,1988,2,CCG,0,Conc Camp,conc_camp,Concessioner Campground Overnight Stays
CHIS,1988,2,TT,0,Tent Camp,tent_camp,Tent Camping Overnight Stays (NPS)
CHIS,1988,2,TRVS,0,Rec Stays,rec_stays,Total Recreation Overnight Stays
CHIS,1988,2,TTRV,0,Tent & RV,tent_rv,Total Tent and RV Camping Stays
CHIS,1988,2,BC,38,Backcountry,backcountry,Backcountry Camping Overnight Stays
CHIS,1988,2,MISC,2111,Misc Stays,misc_stays,Miscellaneous Overnight Stays
CHIS,1988,2,NROS,1380,Non-Rec Stays,non_rec_stays,Non-Recreation Overnight Stays
CHIS,1988,2,TOS,3529,Total Stays,total_stays,Total Overnight Stays
CHIS,1988,2,TNRVH,81431,Non-Rec Hrs,non_rec_hrs,Total Non-Recreation Visitor Hours
CHIS,1988,3,TRV,12457,Rec Visits,rec_visits,Total Recreation Visits
CHIS,1988,3,TNRV,4152,Non-Rec Visits,non_rec_visits,Total Non-Recreation Visits
CHIS,1988,3,TV,16609,Total Visits,total_visits,Total Visits (Recreation + Non-Recreation)
CHIS,1988,3,TRVH,131202,Rec Hrs,rec_hrs,Total Recreation Visitor Hours
CHIS,1988,3,TH,230860,Total Hrs,total_hrs,Total Hours (Recreation + Non-Recreation)
CHIS,1988,3,CL,0,Conc Lodging,conc_lodging,Concessioner Lodging Overnight Stays
CHIS,1988,3,CCG,0,Conc Camp,conc_camp,Concessioner Campground Overnight Stays
CHIS,1988,3,TT,0,Tent Camp,tent_camp,Tent Camping Overnight Stays (NPS)
CHIS,1988,3,TRVS,0,Rec Stays,rec_stays,Total Recreation Overnight Stays
CHIS,1988,3,TTRV,0,Tent & RV,tent_rv,Total Tent and RV Camping Stays
CHIS,1988,3,BC,151,Backcountry,backcountry,Backcountry Camping Overnight Stays
CHIS,1988,3,MISC,2500,Misc Stays,misc_stays,Miscellaneous Overnight Stays
CHIS,1988,3,NROS,1634,Non-Rec Stays,non_rec_stays,Non-Recreation Overnight Stays
CHIS,1988,3,TOS,4285,Total Stays,total_stays,Total Overnight Stays
CHIS,1988,3,TNRVH,99658,Non-Rec Hrs,non_rec_hrs,Total Non-Recreation Visitor Hours
CHIS,1988,4,TRV,11288,Rec Visits,rec_visits,Total Recreation Visits
CHIS,1988,4,TNRV,3762,Non-Rec Visits,non_rec_visits,Total Non-Recreation Visits
CHIS,1988,4,TV,15050,Total Visits,total_visits,Total Visits (Recreation + Non-Recreation)
CHIS,1988,4,TRVH,118194,Rec Hrs,rec_hrs,Total Recreation Visitor Hours
CHIS,1988,4,TH,208498,Total Hrs,total_hrs,Total Hours (Recreation + Non-Recreation)
CHIS,1988,4,CL,0,Conc Lodging,conc_lodging,Concessioner Lodging Overnight Stays
CHIS,1988,4,CCG,0,Conc Camp,conc_camp,Concessioner Campground Overnight Stays
CHIS,1988,4,TT,0,Tent Camp,tent_camp,Tent Camping Overnight Stays (NPS)
CHIS,1988,4,TRVS,0,Rec Stays,rec_stays,Total Recreation Overnight Stays
CHIS,1988,4,TTRV,0,Tent & RV,tent_rv,Total Tent and RV Camping Stays
CHIS,1988,4,BC,110,Backcountry,backcountry,Backcountry Camping Overnight Stays
CHIS,1988,4,MISC,2240,Misc Stays,misc_stays,Miscellaneous Overnight Stays
CHIS,1988,4,NROS,1464,Non-Rec Stays,non_rec_stays,Non-Recreation Overnight Stays
CHIS,1988,4,TOS,3814,Total Stays,total_stays,Total Overnight Stays
CHIS,1988,4,TNRVH,90304,Non-Rec Hrs,non_rec_hrs,Total Non-Recreation Visitor Hours
CHIS,1988,5,TRV,13900,Rec Visits,rec_visits,Total Recreation Visits
CHIS,1988,5,TNRV,4633,Non-Rec Visits,non_rec_visits,Total Non-Recreation Visits
CHIS,1988,5,TV,18533,Total Visits,total_visits,Total Visits (Recreation + Non-Recreation)
CHIS,1988,5,TRVH,156288,Rec Hrs,rec_hrs,Total Recreation Visitor Hours
CHIS,1988,5,TH,267494,Total Hrs,total_hrs,Total Hours (Recreation + Non-Recreation)
CHIS,1988,5,CL,0,Conc Lodging,conc_lodging,Concessioner Lodging Overnight Stays
CHIS,1988,5,CCG,0,Conc Camp,conc_camp,Concessioner Campground Overnight Stays
CHIS,1988,5,TT,0,Tent Camp,tent_camp,Tent Camping Overnight Stays (NPS)
CHIS,1988,5,TRVS,0,Rec Stays,rec_stays,Total Recreation Overnight Stays
CHIS,1988,5,TTRV,0,Tent & RV,tent_rv,Total Tent and RV Camping Stays
CHIS,1988,5,BC,114,Backcountry,backcountry,Backcountry Camping Overnight Stays
CHIS,1988,5,MISC,2973,Misc Stays,misc_stays,Miscellaneous Overnight Stays
CHIS,1988,5,NROS,1943,Non-Rec Stays,non_rec_stays,Non-Recreation Overnight Stays
CHIS,1988,5,TOS,5030,Total Stays,total_stays,Total Overnight Stays
CHIS,1988,5,TNRVH,111206,Non-Rec Hrs,non_rec_hrs,Total Non-Recreation Visitor Hours
CHIS,1988,6,TRV,10947,Rec Visits,rec_visits,Total Recreation Visits
CHIS,1988,6,TNRV,3649,Non-Rec Visits,non_rec_visits,Total Non-Recreation Visits
CHIS,1988,6,TV,14596,Total Visits,total_visits,Total Visits (Recreation + Non-Recreation)
CHIS,1988,6,TRVH,114266,Rec Hrs,rec_hrs,Total Recreation Visitor Hours
CHIS,1988,6,TH,201842,Total Hrs,total_hrs,Total Hours (Recreation + Non-Recreation)
CHIS,1988,6,CL,0,Conc Lodging,conc_lodging,Concessioner Lodging Overnight Stays
CHIS,1988,6,CCG,0,Conc Camp,conc_camp,Concessioner Campground Overnight Stays
CHIS,1988,6,TT,0,Tent Camp,tent_camp,Tent Camping Overnight Stays (NPS)
CHIS,1988,6,TRVS,0,Rec Stays,rec_stays,Total Recreation Overnight Stays
CHIS,1988,6,TTRV,0,Tent & RV,tent_rv,Total Tent and RV Camping Stays
CHIS,1988,6,BC,349,Backcountry,backcountry,Backcountry Camping Overnight Stays
CHIS,1988,6,MISC,2205,Misc Stays,misc_stays,Miscellaneous Overnight Stays
CHIS,1988,6,NROS,1441,Non-Rec Stays,non_rec_stays,Non-Recreation Overnight Stays
CHIS,1988,6,TOS,3995,Total Stays,total_stays,Total Overnight Stays
CHIS,1988,6,TNRVH,87576,Non-Rec Hrs,non_rec_hrs,Total Non-Recreation Visitor Hours
CHIS,1988,7,TRV,19317,Rec Visits,rec_visits,Total Recreation Visits
CHIS,1988,7,TNRV,6439,Non-Rec Visits,non_rec_visits,Total Non-Recreation Visits
CHIS,1988,7,TV,25756,Total Visits,total_visits,Total Visits (Recreation + Non-Recreation)
CHIS,1988,7,TRVH,206828,Rec Hrs,rec_hrs,Total Recreation Visitor Hours
CHIS,1988,7,TH,361366,Total Hrs,total_hrs,Total Hours (Recreation + Non-Recreation)
CHIS,1988,7,CL,0,Conc Lodging,conc_lodging,Concessioner Lodging Overnight Stays
CHIS,1988,7,CCG,0,Conc Camp,conc_camp,Concessioner Campground Overnight Stays
CHIS,1988,7,TT,0,Tent Camp,tent_camp,Tent Camping Overnight Stays (NPS)
CHIS,1988,7,TRVS,0,Rec Stays,rec_stays,Total Recreation Overnight Stays
CHIS,1988,7,TTRV,0,Tent & RV,tent_rv,Total Tent and RV Camping Stays
CHIS,1988,7,BC,272,Backcountry,backcountry,Backcountry Camping Overnight Stays
CHIS,1988,7,MISC,4104,Misc Stays,misc_stays,Miscellaneous Overnight Stays
CHIS,1988,7,NROS,2683,Non-Rec Stays,non_rec_stays,Non-Recreation Overnight Stays
CHIS,1988,7,TOS,7059,Total Stays,total_stays,Total Overnight Stays
CHIS,1988,7,TNRVH,154538,Non-Rec Hrs,non_rec_hrs,Total Non-Recreation Visitor Hours
CHIS,1988,8,TRV,21977,Rec Visits,rec_visits,Total Recreation Visits
CHIS,1988,8,TNRV,7325,Non-Rec Visits,non_rec_visits,Total Non-Recreation Visits
CHIS,1988,8,TV,29302,Total Visits,total_visits,Total Visits (Recreation + Non-Recreation)
CHIS,1988,8,TRVH,243431,Rec Hrs,rec_hrs,Total Recreation Visitor Hours
CHIS,1988,8,TH,419254,Total Hrs,total_hrs,Total Hours (Recreation + Non-Recreation)
CHIS,1988,8,CL,0,Conc Lodging,conc_lodging,Concessioner Lodging Overnight Stays
CHIS,1988,8,CCG,0,Conc Camp,conc_camp,Concessioner Campground Overnight Stays
CHIS,1988,8,TT,0,Tent Camp,tent_camp,Tent Camping Overnight Stays (NPS)
CHIS,1988,8,TRVS,0,Rec Stays,rec_stays,Total Recreation Overnight Stays
CHIS,1988,8,TTRV,0,Tent & RV,tent_rv,Total Tent and RV Camping Stays
CHIS,1988,8,BC,379,Backcountry,backcountry,Backcountry Camping Overnight Stays
CHIS,1988,8,MISC,4937,Misc Stays,misc_stays,Miscellaneous Overnight Stays
CHIS,1988,8,NROS,3227,Non-Rec Stays,non_rec_stays,Non-Recreation Overnight Stays
CHIS,1988,8,TOS,8543,Total Stays,total_stays,Total Overnight Stays
CHIS,1988,8,TNRVH,175823,Non-Rec Hrs,non_rec_hrs,Total Non-Recreation Visitor Hours
CHIS,1988,9,TRV,19041,Rec Visits,rec_visits,Total Recreation Visits
CHIS,1988,9,TNRV,6347,Non-Rec Visits,non_rec_visits,Total Non-Recreation Visits
CHIS,1988,9,TV,25388,Total Visits,total_visits,Total Visits (Recreation + Non-Recreation)
CHIS,1988,9,TRVH,200749,Rec Hrs,rec_hrs,Total Recreation Visitor Hours
CHIS,1988,9,TH,353083,Total Hrs,total_hrs,Total Hours (Recreation + Non-Recreation)
CHIS,1988,9,CL,0,Conc Lodging,conc_lodging,Concessioner Lodging Overnight Stays
CHIS,1988,9,CCG,0,Conc Camp,conc_camp,Concessioner Campground Overnight Stays
CHIS,1988,9,TT,0,Tent Camp,tent_camp,Tent Camping Overnight Stays (NPS)
CHIS,1988,9,TRVS,0,Rec Stays,rec_stays,Total Recreation Overnight Stays
CHIS,1988,9,TTRV,0,Tent & RV,tent_rv,Total Tent and RV Camping Stays
CHIS,1988,9,BC,114,Backcountry,backcountry,Backcountry Camping Overnight Stays
CHIS,1988,9,MISC,4131,Misc Stays,misc_stays,Miscellaneous Overnight Stays
CHIS,1988,9,NROS,2700,Non-Rec Stays,non_rec_stays,Non-Recreation Overnight Stays
CHIS,1988,9,TOS,6945,Total Stays,total_stays,Total Overnight Stays
CHIS,1988,9,TNRVH,152334,Non-Rec Hrs,non_rec_hrs,Total Non-Recreation Visitor Hours
CHIS,1988,10,TRV,13984,Rec Visits,rec_visits,Total Recreation Visits
CHIS,1988,10,TNRV,4661,Non-Rec Visits,non_rec_visits,Total Non-Recreation Visits
CHIS,1988,10,TV,18645,Total Visits,total_visits,Total Visits (Recreation + Non-Recreation)
CHIS,1988,10,TRVH,143824,Rec Hrs,rec_hrs,Total Recreation Visitor Hours
CHIS,1988,10,TH,255701,Total Hrs,total_hrs,Total Hours (Recreation + Non-Recreation)
CHIS,1988,10,CL,0,Conc Lodging,conc_lodging,Concessioner Lodging Overnight Stays
CHIS,1988,10,CCG,0,Conc Camp,conc_camp,Concessioner Campground Overnight Stays
CHIS,1988,10,TT,0,Tent Camp,tent_camp,Tent Camping Overnight Stays (NPS)
CHIS,1988,10,TRVS,0,Rec Stays,rec_stays,Total Recreation Overnight Stays
CHIS,1988,10,TTRV,0,Tent & RV,tent_rv,Total Tent and RV Camping Stays
CHIS,1988,10,BC,94,Backcountry,backcountry,Backcountry Camping Overnight Stays
CHIS,1988,10,MISC,2939,Misc Stays,misc_stays,Miscellaneous Overnight Stays
CHIS,1988,10,NROS,1921,Non-Rec Stays,non_rec_stays,Non-Recreation Overnight Stays
CHIS,1988,10,TOS,4954,Total Stays,total_stays,Total Overnight Stays
CHIS,1988,10,TNRVH,111877,Non-Rec Hrs,non_rec_hrs,Total Non-Recreation Visitor Hours
CHIS,1988,11,TRV,11321,Rec Visits,rec_visits,Total Recreation Visits
CHIS,1988,11,TNRV,3773,Non-Rec Visits,non_rec_visits,Total Non-Recreation Visits
CHIS,1988,11,TV,15094,Total Visits,total_visits,Total Visits (Recreation + Non-Recreation)
CHIS,1988,11,TRVH,115201,Rec Hrs,rec_hrs,Total Recreation Visitor Hours
CHIS,1988,11,TH,205770,Total Hrs,total_hrs,Total Hours (Recreation + Non-Recreation)
CHIS,1988,11,CL,0,Conc Lodging,conc_lodging,Concessioner Lodging Overnight Stays
CHIS,1988,11,CCG,0,Conc Camp,conc_camp,Concessioner Campground Overnight Stays
CHIS,1988,11,TT,0,Tent Camp,tent_camp,Tent Camping Overnight Stays (NPS)
CHIS,1988,11,TRVS,0,Rec Stays,rec_stays,Total Recreation Overnight Stays
CHIS,1988,11,TTRV,0,Tent & RV,tent_rv,Total Tent and RV Camping Stays
CHIS,1988,11,BC,93,Backcountry,backcountry,Backcountry Camping Overnight Stays
CHIS,1988,11,MISC,2348,Misc Stays,misc_stays,Miscellaneous Overnight Stays
CHIS,1988,11,NROS,1534,Non-Rec Stays,non_rec_stays,Non-Recreation Overnight Stays
CHIS,1988,11,TOS,3975,Total Stays,total_stays,Total Overnight Stays
CHIS,1988,11,TNRVH,90569,Non-Rec Hrs,non_rec_hrs,Total Non-Recreation Visitor Hours
CHIS,1988,12,TRV,9698,Rec Visits,rec_visits,Total Recreation Visits
CHIS,1988,12,TNRV,3232,Non-Rec Visits,non_rec_visits,Total Non-Recreation Visits
CHIS,1988,12,TV,12930,Total Visits,total_visits,Total Visits (Recreation + Non-Recreation)
CHIS,1988,12,TRVH,103157,Rec Hrs,rec_hrs,Total Recreation Visitor Hours
CHIS,1988,12,TH,180746,Total Hrs,total_hrs,Total Hours (Recreation + Non-Recreation)
CHIS,1988,12,CL,0,Conc Lodging,conc_lodging,Concessioner Lodging Overnight Stays
CHIS,1988,12,CCG,0,Conc Camp,conc_camp,Concessioner Campground Overnight Stays
CHIS,1988,12,TT,0,Tent Camp,tent_camp,Tent Camping Overnight Stays (NPS)
CHIS,1988,12,TRVS,0,Rec Stays,rec_stays,Total Recreation Overnight Stays
CHIS,1988,12,TTRV,0,Tent & RV,tent_rv,Total Tent and RV Camping Stays
CHIS,1988,12,BC,49,Backcountry,backcountry,Backcountry Camping Overnight Stays
CHIS,1988,12,MISC,2094,Misc Stays,misc_stays,Miscellaneous Overnight Stays
CHIS,1988,12,NROS,1369,Non-Rec Stays,non_rec_stays,Non-Recreation Overnight Stays
CHIS,1988,12,TOS,3512,Total Stays,total_stays,Total Overnight Stays
CHIS,1988,12,TNRVH,77589,Non-Rec Hrs,non_rec_hrs,Total Non-Recreation Visitor Hours
CHIS,1989,1,TRV,13244,Rec Visits,rec_visits,Total Recreation Visits
CHIS,1989,1,TNRV,1303,Non-Rec Visits,non_rec_visits,Total Non-Recreation Visits
CHIS,1989,1,TV,14547,Total Visits,total_visits,Total Visits (Recreation + Non-Recreation)
CHIS,1989,1,TRVH,100844,Rec Hrs,rec_hrs,Total Recreation Visitor Hours
CHIS,1989,1,TH,132125,Total Hrs,total_hrs,Total Hours (Recreation + Non-Recreation)
CHIS,1989,1,CL,0,Conc Lodging,conc_lodging,Concessioner Lodging Overnight Stays
CHIS,1989,1,CCG,0,Conc Camp,conc_camp,Concessioner Campground Overnight Stays
CHIS,1989,1,TT,0,Tent Camp,tent_camp,Tent Camping Overnight Stays (NPS)
CHIS,1989,1,TRVS,0,Rec Stays,rec_stays,Total Recreation Overnight Stays
CHIS,1989,1,TTRV,0,Tent & RV,tent_rv,Total Tent and RV Camping Stays
CHIS,1989,1,BC,20,Backcountry,backcountry,Backcountry Camping Overnight Stays
CHIS,1989,1,MISC,1994,Misc Stays,misc_stays,Miscellaneous Overnight Stays
CHIS,1989,1,NROS,1303,Non-Rec Stays,non_rec_stays,Non-Recreation Overnight Stays
CHIS,1989,1,TOS,3317,Total Stays,total_stays,Total Overnight Stays
CHIS,1989,1,TNRVH,31281,Non-Rec Hrs,non_rec_hrs,Total Non-Recreation Visitor Hours
CHIS,1989,2,TRV,9172,Rec Visits,rec_visits,Total Recreation Visits
CHIS,1989,2,TNRV,3057,Non-Rec Visits,non_rec_visits,Total Non-Recreation Visits
CHIS,1989,2,TV,12229,Total Visits,total_visits,Total Visits (Recreation + Non-Recreation)
CHIS,1989,2,TRVH,99953,Rec Hrs,rec_hrs,Total Recreation Visitor Hours
CHIS,1989,2,TH,173333,Total Hrs,total_hrs,Total Hours (Recreation + Non-Recreation)
CHIS,1989,2,CL,0,Conc Lodging,conc_lodging,Concessioner Lodging Overnight Stays
CHIS,1989,2,CCG,0,Conc Camp,conc_camp,Concessioner Campground Overnight Stays
CHIS,1989,2,TT,0,Tent Camp,tent_camp,Tent Camping Overnight Stays (NPS)
CHIS,1989,2,TRVS,0,Rec Stays,rec_stays,Total Recreation Overnight Stays
CHIS,1989,2,TTRV,0,Tent & RV,tent_rv,Total Tent and RV Camping Stays
CHIS,1989,2,BC,30,Backcountry,backcountry,Backcountry Camping Overnight Stays
CHIS,1989,2,MISC,1975,Misc Stays,misc_stays,Miscellaneous Overnight Stays
CHIS,1989,2,NROS,1291,Non-Rec Stays,non_rec_stays,Non-Recreation Overnight Stays
CHIS,1989,2,TOS,3296,Total Stays,total_stays,Total Overnight Stays
CHIS,1989,2,TNRVH,73380,Non-Rec Hrs,non_rec_hrs,Total Non-Recreation Visitor Hours
CHIS,1989,3,TRV,10289,Rec Visits,rec_visits,Total Recreation Visits
CHIS,1989,3,TNRV,3429,Non-Rec Visits,non_rec_visits,Total Non-Recreation Visits
CHIS,1989,3,TV,13718,Total Visits,total_visits,Total Visits (Recreation + Non-Recreation)
CHIS,1989,3,TRVH,110107,Rec Hrs,rec_hrs,Total Recreation Visitor Hours
CHIS,1989,3,TH,192424,Total Hrs,total_hrs,Total Hours (Recreation + Non-Recreation)
CHIS,1989,3,CL,0,Conc Lodging,conc_lodging,Concessioner Lodging Overnight Stays
CHIS,1989,3,CCG,0,Conc Camp,conc_camp,Concessioner Campground Overnight Stays
CHIS,1989,3,TT,0,Tent Camp,tent_camp,Tent Camping Overnight Stays (NPS)
CHIS,1989,3,TRVS,0,Rec Stays,rec_stays,Total Recreation Overnight Stays
CHIS,1989,3,TTRV,0,Tent & RV,tent_rv,Total Tent and RV Camping Stays
CHIS,1989,3,BC,131,Backcountry,backcountry,Backcountry Camping Overnight Stays
CHIS,1989,3,MISC,2122,Misc Stays,misc_stays,Miscellaneous Overnight Stays
CHIS,1989,3,NROS,1387,Non-Rec Stays,non_rec_stays,Non-Recreation Overnight Stays
CHIS,1989,3,TOS,3640,Total Stays,total_stays,Total Overnight Stays
CHIS,1989,3,TNRVH,82317,Non-Rec Hrs,non_rec_hrs,Total Non-Recreation Visitor Hours
CHIS,1989,4,TRV,10542,Rec Visits,rec_visits,Total Recreation Visits
CHIS,1989,4,TNRV,3514,Non-Rec Visits,non_rec_visits,Total Non-Recreation Visits
CHIS,1989,4,TV,14056,Total Visits,total_visits,Total Visits (Recreation + Non-Recreation)
CHIS,1989,4,TRVH,109796,Rec Hrs,rec_hrs,Total Recreation Visitor Hours
CHIS,1989,4,TH,194133,Total Hrs,total_hrs,Total Hours (Recreation + Non-Recreation)
CHIS,1989,4,CL,0,Conc Lodging,conc_lodging,Concessioner Lodging Overnight Stays
CHIS,1989,4,CCG,0,Conc Camp,conc_camp,Concessioner Campground Overnight Stays
CHIS,1989,4,TT,0,Tent Camp,tent_camp,Tent Camping Overnight Stays (NPS)
CHIS,1989,4,TRVS,0,Rec Stays,rec_stays,Total Recreation Overnight Stays
CHIS,1989,4,TTRV,0,Tent & RV,tent_rv,Total Tent and RV Camping Stays
CHIS,1989,4,BC,28,Backcountry,backcountry,Backcountry Camping Overnight Stays
CHIS,1989,4,MISC,2150,Misc Stays,misc_stays,Miscellaneous Overnight Stays
CHIS,1989,4,NROS,1405,Non-Rec Stays,non_rec_stays,Non-Recreation Overnight Stays
CHIS,1989,4,TOS,3583,Total Stays,total_stays,Total Overnight Stays
CHIS,1989,4,TNRVH,84337,Non-Rec Hrs,non_rec_hrs,Total Non-Recreation Visitor Hours
CHIS,1989,5,TRV,12249,Rec Visits,rec_visits,Total Recreation Visits
CHIS,1989,5,TNRV,4083,Non-Rec Visits,non_rec_visits,Total Non-Recreation Visits
CHIS,1989,5,TV,16332,Total Visits,total_visits,Total Visits (Recreation + Non-Recreation)
CHIS,1989,5,TRVH,134413,Rec Hrs,rec_hrs,Total Recreation Visitor Hours
CHIS,1989,5,TH,232412,Total Hrs,total_hrs,Total Hours (Recreation + Non-Recreation)
CHIS,1989,5,CL,0,Conc Lodging,conc_lodging,Concessioner Lodging Overnight Stays
CHIS,1989,5,CCG,0,Conc Camp,conc_camp,Concessioner Campground Overnight Stays
CHIS,1989,5,TT,0,Tent Camp,tent_camp,Tent Camping Overnight Stays (NPS)
CHIS,1989,5,TRVS,0,Rec Stays,rec_stays,Total Recreation Overnight Stays
CHIS,1989,5,TTRV,0,Tent & RV,tent_rv,Total Tent and RV Camping Stays
CHIS,1989,5,BC,116,Backcountry,backcountry,Backcountry Camping Overnight Stays
CHIS,1989,5,MISC,2675,Misc Stays,misc_stays,Miscellaneous Overnight Stays
CHIS,1989,5,NROS,1748,Non-Rec Stays,non_rec_stays,Non-Recreation Overnight Stays
CHIS,1989,5,TOS,4539,Total Stays,total_stays,Total Overnight Stays
CHIS,1989,5,TNRVH,97999,Non-Rec Hrs,non_rec_hrs,Total Non-Recreation Visitor Hours
CHIS,1989,6,TRV,11313,Rec Visits,rec_visits,Total Recreation Visits
CHIS,1989,6,TNRV,3771,Non-Rec Visits,non_rec_visits,Total Non-Recreation Visits
CHIS,1989,6,TV,15084,Total Visits,total_visits,Total Visits (Recreation + Non-Recreation)
CHIS,1989,6,TRVH,115689,Rec Hrs,rec_hrs,Total Recreation Visitor Hours
CHIS,1989,6,TH,206200,Total Hrs,total_hrs,Total Hours (Recreation + Non-Recreation)
CHIS,1989,6,CL,0,Conc Lodging,conc_lodging,Concessioner Lodging Overnight Stays
CHIS,1989,6,CCG,0,Conc Camp,conc_camp,Concessioner Campground Overnight Stays
CHIS,1989,6,TT,0,Tent Camp,tent_camp,Tent Camping Overnight Stays (NPS)
CHIS,1989,6,TRVS,0,Rec Stays,rec_stays,Total Recreation Overnight Stays
CHIS,1989,6,TTRV,0,Tent & RV,tent_rv,Total Tent and RV Camping Stays
CHIS,1989,6,BC,307,Backcountry,backcountry,Backcountry Camping Overnight Stays
CHIS,1989,6,MISC,2271,Misc Stays,misc_stays,Miscellaneous Overnight Stays
CHIS,1989,6,NROS,1484,Non-Rec Stays,non_rec_stays,Non-Recreation Overnight Stays
CHIS,1989,6,TOS,4062,Total Stays,total_stays,Total Overnight Stays
CHIS,1989,6,TNRVH,90511,Non-Rec Hrs,non_rec_hrs,Total Non-Recreation Visitor Hours
CHIS,1989,7,TRV,19689,Rec Visits,rec_visits,Total Recreation Visits
CHIS,1989,7,TNRV,6563,Non-Rec Visits,non_rec_visits,Total Non-Recreation Visits
CHIS,1989,7,TV,26252,Total Visits,total_visits,Total Visits (Recreation + Non-Recreation)
CHIS,1989,7,TRVH,209000,Rec Hrs,rec_hrs,Total Recreation Visitor Hours
CHIS,1989,7,TH,366516,Total Hrs,total_hrs,Total Hours (Recreation + Non-Recreation)
CHIS,1989,7,CL,0,Conc Lodging,conc_lodging,Concessioner Lodging Overnight Stays
CHIS,1989,7,CCG,0,Conc Camp,conc_camp,Concessioner Campground Overnight Stays
CHIS,1989,7,TT,0,Tent Camp,tent_camp,Tent Camping Overnight Stays (NPS)
CHIS,1989,7,TRVS,0,Rec Stays,rec_stays,Total Recreation Overnight Stays
CHIS,1989,7,TTRV,0,Tent & RV,tent_rv,Total Tent and RV Camping Stays
CHIS,1989,7,BC,279,Backcountry,backcountry,Backcountry Camping Overnight Stays
CHIS,1989,7,MISC,4175,Misc Stays,misc_stays,Miscellaneous Overnight Stays
CHIS,1989,7,NROS,2730,Non-Rec Stays,non_rec_stays,Non-Recreation Overnight Stays
CHIS,1989,7,TOS,7184,Total Stays,total_stays,Total Overnight Stays
CHIS,1989,7,TNRVH,157516,Non-Rec Hrs,non_rec_hrs,Total Non-Recreation Visitor Hours
CHIS,1989,8,TRV,17787,Rec Visits,rec_visits,Total Recreation Visits
CHIS,1989,8,TNRV,5929,Non-Rec Visits,non_rec_visits,Total Non-Recreation Visits
CHIS,1989,8,TV,23716,Total Visits,total_visits,Total Visits (Recreation + Non-Recreation)
CHIS,1989,8,TRVH,191104,Rec Hrs,rec_hrs,Total Recreation Visitor Hours
CHIS,1989,8,TH,333406,Total Hrs,total_hrs,Total Hours (Recreation + Non-Recreation)
CHIS,1989,8,CL,0,Conc Lodging,conc_lodging,Concessioner Lodging Overnight Stays
CHIS,1989,8,CCG,0,Conc Camp,conc_camp,Concessioner Campground Overnight Stays
CHIS,1989,8,TT,0,Tent Camp,tent_camp,Tent Camping Overnight Stays (NPS)
CHIS,1989,8,TRVS,0,Rec Stays,rec_stays,Total Recreation Overnight Stays
CHIS,1989,8,TTRV,0,Tent & RV,tent_rv,Total Tent and RV Camping Stays
CHIS,1989,8,BC,370,Backcountry,backcountry,Backcountry Camping Overnight Stays
CHIS,1989,8,MISC,3848,Misc Stays,misc_stays,Miscellaneous Overnight Stays
CHIS,1989,8,NROS,2515,Non-Rec Stays,non_rec_stays,Non-Recreation Overnight Stays
CHIS,1989,8,TOS,6733,Total Stays,total_stays,Total Overnight Stays
CHIS,1989,8,TNRVH,142302,Non-Rec Hrs,non_rec_hrs,Total Non-Recreation Visitor Hours
CHIS,1989,9,TRV,16051,Rec Visits,rec_visits,Total Recreation Visits
CHIS,1989,9,TNRV,5350,Non-Rec Visits,non_rec_visits,Total Non-Recreation Visits
CHIS,1989,9,TV,21401,Total Visits,total_visits,Total Visits (Recreation + Non-Recreation)
CHIS,1989,9,TRVH,166345,Rec Hrs,rec_hrs,Total Recreation Visitor Hours
CHIS,1989,9,TH,294756,Total Hrs,total_hrs,Total Hours (Recreation + Non-Recreation)
CHIS,1989,9,CL,0,Conc Lodging,conc_lodging,Concessioner Lodging Overnight Stays
CHIS,1989,9,CCG,0,Conc Camp,conc_camp,Concessioner Campground Overnight Stays
CHIS,1989,9,TT,0,Tent Camp,tent_camp,Tent Camping Overnight Stays (NPS)
CHIS,1989,9,TRVS,0,Rec Stays,rec_stays,Total Recreation Overnight Stays
CHIS,1989,9,TTRV,0,Tent & RV,tent_rv,Total Tent and RV Camping Stays
CHIS,1989,9,BC,268,Backcountry,backcountry,Backcountry Camping Overnight Stays
CHIS,1989,9,MISC,3395,Misc Stays,misc_stays,Miscellaneous Overnight Stays
CHIS,1989,9,NROS,2219,Non-Rec Stays,non_rec_stays,Non-Recreation Overnight Stays
CHIS,1989,9,TOS,5882,Total Stays,total_stays,Total Overnight Stays
CHIS,1989,9,TNRVH,128411,Non-Rec Hrs,non_rec_hrs,Total Non-Recreation Visitor Hours
CHIS,1989,10,TRV,12604,Rec Visits,rec_visits,Total Recreation Visits
CHIS,1989,10,TNRV,4201,Non-Rec Visits,non_rec_visits,Total Non-Recreation Visits
CHIS,1989,10,TV,16805,Total Visits,total_visits,Total Visits (Recreation + Non-Recreation)
CHIS,1989,10,TRVH,134194,Rec Hrs,rec_hrs,Total Recreation Visitor Hours
CHIS,1989,10,TH,235032,Total Hrs,total_hrs,Total Hours (Recreation + Non-Recreation)
CHIS,1989,10,CL,0,Conc Lodging,conc_lodging,Concessioner Lodging Overnight Stays
CHIS,1989,10,CCG,0,Conc Camp,conc_camp,Concessioner Campground Overnight Stays
CHIS,1989,10,TT,0,Tent Camp,tent_camp,Tent Camping Overnight Stays (NPS)
CHIS,1989,10,TRVS,0,Rec Stays,rec_stays,Total Recreation Overnight Stays
CHIS,1989,10,TTRV,0,Tent & RV,tent_rv,Total Tent and RV Camping Stays
CHIS,1989,10,BC,134,Backcountry,backcountry,Backcountry Camping Overnight Stays
CHIS,1989,10,MISC,2740,Misc Stays,misc_stays,Miscellaneous Overnight Stays
CHIS,1989,10,NROS,1838,Non-Rec Stays,non_rec_stays,Non-Recreation Overnight Stays
CHIS,1989,10,TOS,4712,Total Stays,total_stays,Total Overnight Stays
CHIS,1989,10,TNRVH,100838,Non-Rec Hrs,non_rec_hrs,Total Non-Recreation Visitor Hours
CHIS,1989,11,TRV,10953,Rec Visits,rec_visits,Total Recreation Visits
CHIS,1989,11,TNRV,3651,Non-Rec Visits,non_rec_visits,Total Non-Recreation Visits
CHIS,1989,11,TV,14604,Total Visits,total_visits,Total Visits (Recreation + Non-Recreation)
CHIS,1989,11,TRVH,118302,Rec Hrs,rec_hrs,Total Recreation Visitor Hours
CHIS,1989,11,TH,205932,Total Hrs,total_hrs,Total Hours (Recreation + Non-Recreation)
CHIS,1989,11,CL,0,Conc Lodging,conc_lodging,Concessioner Lodging Overnight Stays
CHIS,1989,11,CCG,0,Conc Camp,conc_camp,Concessioner Campground Overnight Stays
CHIS,1989,11,TT,0,Tent Camp,tent_camp,Tent Camping Overnight Stays (NPS)
CHIS,1989,11,TRVS,0,Rec Stays,rec_stays,Total Recreation Overnight Stays
CHIS,1989,11,TTRV,0,Tent & RV,tent_rv,Total Tent and RV Camping Stays
CHIS,1989,11,BC,71,Backcountry,backcountry,Backcountry Camping Overnight Stays
CHIS,1989,11,MISC,2369,Misc Stays,misc_stays,Miscellaneous Overnight Stays
CHIS,1989,11,NROS,1551,Non-Rec Stays,non_rec_stays,Non-Recreation Overnight Stays
CHIS,1989,11,TOS,3991,Total Stays,total_stays,Total Overnight Stays
CHIS,1989,11,TNRVH,87630,Non-Rec Hrs,non_rec_hrs,Total Non-Recreation Visitor Hours
CHIS,1989,12,TRV,8769,Rec Visits,rec_visits,Total Recreation Visits
CHIS,1989,12,TNRV,2923,Non-Rec Visits,non_rec_visits,Total Non-Recreation Visits
CHIS,1989,12,TV,11692,Total Visits,total_visits,Total Visits (Recreation + Non-Recreation)
CHIS,1989,12,TRVH,90237,Rec Hrs,rec_hrs,Total Recreation Visitor Hours
CHIS,1989,12,TH,160390,Total Hrs,total_hrs,Total Hours (Recreation + Non-Recreation)
CHIS,1989,12,CL,0,Conc Lodging,conc_lodging,Concessioner Lodging Overnight Stays
CHIS,1989,12,CCG,0,Conc Camp,conc_camp,Concessioner Campground Overnight Stays
CHIS,1989,12,TT,0,Tent Camp,tent_camp,Tent Camping Overnight Stays (NPS)
CHIS,1989,12,TRVS,0,Rec Stays,rec_stays,Total Recreation Overnight Stays
CHIS,1989,12,TTRV,0,Tent & RV,tent_rv,Total Tent and RV Camping Stays
CHIS,1989,12,BC,51,Backcountry,backcountry,Backcountry Camping Overnight Stays
CHIS,1989,12,MISC,1803,Misc Stays,misc_stays,Miscellaneous Overnight Stays
CHIS,1989,12,NROS,1178,Non-Rec Stays,non_rec_stays,Non-Recreation Overnight Stays
CHIS,1989,12,TOS,3032,Total Stays,total_stays,Total Overnight Stays
CHIS,1989,12,TNRVH,70153,Non-Rec Hrs,non_rec_hrs,Total Non-Recreation Visitor Hours
CHIS,1990,1,TRV,11640,Rec Visits,rec_visits,Total Recreation Visits
CHIS,1990,1,TNRV,1199,Non-Rec Visits,non_rec_visits,Total Non-Recreation Visits
CHIS,1990,1,TV,12839,Total Visits,total_visits,Total Visits (Recreation + Non-Recreation)
CHIS,1990,1,TRVH,92402,Rec Hrs,rec_hrs,Total Recreation Visitor Hours
CHIS,1990,1,TH,121192,Total Hrs,total_hrs,Total Hours (Recreation + Non-Recreation)
CHIS,1990,1,CL,0,Conc Lodging,conc_lodging,Concessioner Lodging Overnight Stays
CHIS,1990,1,CCG,0,Conc Camp,conc_camp,Concessioner Campground Overnight Stays
CHIS,1990,1,TT,0,Tent Camp,tent_camp,Tent Camping Overnight Stays (NPS)
CHIS,1990,1,TRVS,0,Rec Stays,rec_stays,Total Recreation Overnight Stays
CHIS,1990,1,TTRV,0,Tent & RV,tent_rv,Total Tent and RV Camping Stays
CHIS,1990,1,BC,42,Backcountry,backcountry,Backcountry Camping Overnight Stays
CHIS,1990,1,MISC,1835,Misc Stays,misc_stays,Miscellaneous Overnight Stays
CHIS,1990,1,NROS,1199,Non-Rec Stays,non_rec_stays,Non-Recreation Overnight Stays
CHIS,1990,1,TOS,3076,Total Stays,total_stays,Total Overnight Stays
CHIS,1990,1,TNRVH,28790,Non-Rec Hrs,non_rec_hrs,Total Non-Recreation Visitor Hours
CHIS,1990,2,TRV,7101,Rec Visits,rec_visits,Total Recreation Visits
CHIS,1990,2,TNRV,2367,Non-Rec Visits,non_rec_visits,Total Non-Recreation Visits
CHIS,1990,2,TV,9468,Total Visits,total_visits,Total Visits (Recreation + Non-Recreation)
CHIS,1990,2,TRVH,73611,Rec Hrs,rec_hrs,Total Recreation Visitor Hours
CHIS,1990,2,TH,130422,Total Hrs,total_hrs,Total Hours (Recreation + Non-Recreation)
CHIS,1990,2,CL,0,Conc Lodging,conc_lodging,Concessioner Lodging Overnight Stays
CHIS,1990,2,CCG,0,Conc Camp,conc_camp,Concessioner Campground Overnight Stays
CHIS,1990,2,TT,0,Tent Camp,tent_camp,Tent Camping Overnight Stays (NPS)
CHIS,1990,2,TRVS,0,Rec Stays,rec_stays,Total Recreation Overnight Stays
CHIS,1990,2,TTRV,0,Tent & RV,tent_rv,Total Tent and RV Camping Stays
CHIS,1990,2,BC,66,Backcountry,backcountry,Backcountry Camping Overnight Stays
CHIS,1990,2,MISC,1433,Misc Stays,misc_stays,Miscellaneous Overnight Stays
CHIS,1990,2,NROS,945,Non-Rec Stays,non_rec_stays,Non-Recreation Overnight Stays
CHIS,1990,2,TOS,2444,Total Stays,total_stays,Total Overnight Stays
CHIS,1990,2,TNRVH,56811,Non-Rec Hrs,non_rec_hrs,Total Non-Recreation Visitor Hours
CHIS,1990,3,TRV,8183,Rec Visits,rec_visits,Total Recreation Visits
CHIS,1990,3,TNRV,2727,Non-Rec Visits,non_rec_visits,Total Non-Recreation Visits
CHIS,1990,3,TV,10910,Total Visits,total_visits,Total Visits (Recreation + Non-Recreation)
CHIS,1990,3,TRVH,84461,Rec Hrs,rec_hrs,Total Recreation Visitor Hours
CHIS,1990,3,TH,149927,Total Hrs,total_hrs,Total Hours (Recreation + Non-Recreation)
CHIS,1990,3,CL,0,Conc Lodging,conc_lodging,Concessioner Lodging Overnight Stays
CHIS,1990,3,CCG,0,Conc Camp,conc_camp,Concessioner Campground Overnight Stays
CHIS,1990,3,TT,0,Tent Camp,tent_camp,Tent Camping Overnight Stays (NPS)
CHIS,1990,3,TRVS,0,Rec Stays,rec_stays,Total Recreation Overnight Stays
CHIS,1990,3,TTRV,0,Tent & RV,tent_rv,Total Tent and RV Camping Stays
CHIS,1990,3,BC,95,Backcountry,backcountry,Backcountry Camping Overnight Stays
CHIS,1990,3,MISC,1656,Misc Stays,misc_stays,Miscellaneous Overnight Stays
CHIS,1990,3,NROS,1097,Non-Rec Stays,non_rec_stays,Non-Recreation Overnight Stays
CHIS,1990,3,TOS,2848,Total Stays,total_stays,Total Overnight Stays
CHIS,1990,3,TNRVH,65466,Non-Rec Hrs,non_rec_hrs,Total Non-Recreation Visitor Hours
CHIS,1990,4,TRV,11908,Rec Visits,rec_visits,Total Recreation Visits
CHIS,1990,4,TNRV,3969,Non-Rec Visits,non_rec_visits,Total Non-Recreation Visits
CHIS,1990,4,TV,15877,Total Visits,total_visits,Total Visits (Recreation + Non-Recreation)
CHIS,1990,4,TRVH,133181,Rec Hrs,rec_hrs,Total Recreation Visitor Hours
CHIS,1990,4,TH,228449,Total Hrs,total_hrs,Total Hours (Recreation + Non-Recreation)
CHIS,1990,4,CL,0,Conc Lodging,conc_lodging,Concessioner Lodging Overnight Stays
CHIS,1990,4,CCG,0,Conc Camp,conc_camp,Concessioner Campground Overnight Stays
CHIS,1990,4,TT,0,Tent Camp,tent_camp,Tent Camping Overnight Stays (NPS)
CHIS,1990,4,TRVS,0,Rec Stays,rec_stays,Total Recreation Overnight Stays
CHIS,1990,4,TTRV,0,Tent & RV,tent_rv,Total Tent and RV Camping Stays
CHIS,1990,4,BC,166,Backcountry,backcountry,Backcountry Camping Overnight Stays
CHIS,1990,4,MISC,2610,Misc Stays,misc_stays,Miscellaneous Overnight Stays
CHIS,1990,4,NROS,1706,Non-Rec Stays,non_rec_stays,Non-Recreation Overnight Stays
CHIS,1990,4,TOS,4482,Total Stays,total_stays,Total Overnight Stays
CHIS,1990,4,TNRVH,95268,Non-Rec Hrs,non_rec_hrs,Total Non-Recreation Visitor Hours
CHIS,1990,5,TRV,9579,Rec Visits,rec_visits,Total Recreation Visits
CHIS,1990,5,TNRV,3193,Non-Rec Visits,non_rec_visits,Total Non-Recreation Visits
CHIS,1990,5,TV,12772,Total Visits,total_visits,Total Visits (Recreation + Non-Recreation)
CHIS,1990,5,TRVH,102611,Rec Hrs,rec_hrs,Total Recreation Visitor Hours
CHIS,1990,5,TH,179247,Total Hrs,total_hrs,Total Hours (Recreation + Non-Recreation)
CHIS,1990,5,CL,0,Conc Lodging,conc_lodging,Concessioner Lodging Overnight Stays
CHIS,1990,5,CCG,0,Conc Camp,conc_camp,Concessioner Campground Overnight Stays
CHIS,1990,5,TT,0,Tent Camp,tent_camp,Tent Camping Overnight Stays (NPS)
CHIS,1990,5,TRVS,0,Rec Stays,rec_stays,Total Recreation Overnight Stays
CHIS,1990,5,TTRV,0,Tent & RV,tent_rv,Total Tent and RV Camping Stays
CHIS,1990,5,BC,387,Backcountry,backcountry,Backcountry Camping Overnight Stays
CHIS,1990,5,MISC,2036,Misc Stays,misc_stays,Miscellaneous Overnight Stays
CHIS,1990,5,NROS,1399,Non-Rec Stays,non_rec_stays,Non-Recreation Overnight Stays
CHIS,1990,5,TOS,3822,Total Stays,total_stays,Total Overnight Stays
CHIS,1990,5,TNRVH,76636,Non-Rec Hrs,non_rec_hrs,Total Non-Recreation Visitor Hours
CHIS,1990,6,TRV,10708,Rec Visits,rec_visits,Total Recreation Visits
CHIS,1990,6,TNRV,3569,Non-Rec Visits,non_rec_visits,Total Non-Recreation Visits
CHIS,1990,6,TV,14277,Total Visits,total_visits,Total Visits (Recreation + Non-Recreation)
CHIS,1990,6,TRVH,115009,Rec Hrs,rec_hrs,Total Recreation Visitor Hours
CHIS,1990,6,TH,200679,Total Hrs,total_hrs,Total Hours (Recreation + Non-Recreation)
CHIS,1990,6,CL,0,Conc Lodging,conc_lodging,Concessioner Lodging Overnight Stays
CHIS,1990,6,CCG,0,Conc Camp,conc_camp,Concessioner Campground Overnight Stays
CHIS,1990,6,TT,0,Tent Camp,tent_camp,Tent Camping Overnight Stays (NPS)
CHIS,1990,6,TRVS,0,Rec Stays,rec_stays,Total Recreation Overnight Stays
CHIS,1990,6,TTRV,0,Tent & RV,tent_rv,Total Tent and RV Camping Stays
CHIS,1990,6,BC,236,Backcountry,backcountry,Backcountry Camping Overnight Stays
CHIS,1990,6,MISC,2257,Misc Stays,misc_stays,Miscellaneous Overnight Stays
CHIS,1990,6,NROS,1498,Non-Rec Stays,non_rec_stays,Non-Recreation Overnight Stays
CHIS,1990,6,TOS,3991,Total Stays,total_stays,Total Overnight Stays
CHIS,1990,6,TNRVH,85670,Non-Rec Hrs,non_rec_hrs,Total Non-Recreation Visitor Hours
CHIS,1990,7,TRV,16876,Rec Visits,rec_visits,Total Recreation Visits
CHIS,1990,7,TNRV,5625,Non-Rec Visits,non_rec_visits,Total Non-Recreation Visits
CHIS,1990,7,TV,22501,Total Visits,total_visits,Total Visits (Recreation + Non-Recreation)
CHIS,1990,7,TRVH,185066,Rec Hrs,rec_hrs,Total Recreation Visitor Hours
CHIS,1990,7,TH,320081,Total Hrs,total_hrs,Total Hours (Recreation + Non-Recreation)
CHIS,1990,7,CL,0,Conc Lodging,conc_lodging,Concessioner Lodging Overnight Stays
CHIS,1990,7,CCG,0,Conc Camp,conc_camp,Concessioner Campground Overnight Stays
CHIS,1990,7,TT,0,Tent Camp,tent_camp,Tent Camping Overnight Stays (NPS)
CHIS,1990,7,TRVS,0,Rec Stays,rec_stays,Total Recreation Overnight Stays
CHIS,1990,7,TTRV,0,Tent & RV,tent_rv,Total Tent and RV Camping Stays
CHIS,1990,7,BC,275,Backcountry,backcountry,Backcountry Camping Overnight Stays
CHIS,1990,7,MISC,3722,Misc Stays,misc_stays,Miscellaneous Overnight Stays
CHIS,1990,7,NROS,2611,Non-Rec Stays,non_rec_stays,Non-Recreation Overnight Stays
CHIS,1990,7,TOS,6608,Total Stays,total_stays,Total Overnight Stays
CHIS,1990,7,TNRVH,135015,Non-Rec Hrs,non_rec_hrs,Total Non-Recreation Visitor Hours
CHIS,1990,8,TRV,22035,Rec Visits,rec_visits,Total Recreation Visits
CHIS,1990,8,TNRV,7345,Non-Rec Visits,non_rec_visits,Total Non-Recreation Visits
CHIS,1990,8,TV,29380,Total Visits,total_visits,Total Visits (Recreation + Non-Recreation)
CHIS,1990,8,TRVH,240838,Rec Hrs,rec_hrs,Total Recreation Visitor Hours
CHIS,1990,8,TH,417122,Total Hrs,total_hrs,Total Hours (Recreation + Non-Recreation)
CHIS,1990,8,CL,0,Conc Lodging,conc_lodging,Concessioner Lodging Overnight Stays
CHIS,1990,8,CCG,0,Conc Camp,conc_camp,Concessioner Campground Overnight Stays
CHIS,1990,8,TT,0,Tent Camp,tent_camp,Tent Camping Overnight Stays (NPS)
CHIS,1990,8,TRVS,0,Rec Stays,rec_stays,Total Recreation Overnight Stays
CHIS,1990,8,TTRV,0,Tent & RV,tent_rv,Total Tent and RV Camping Stays
CHIS,1990,8,BC,237,Backcountry,backcountry,Backcountry Camping Overnight Stays
CHIS,1990,8,MISC,4915,Misc Stays,misc_stays,Miscellaneous Overnight Stays
CHIS,1990,8,NROS,3244,Non-Rec Stays,non_rec_stays,Non-Recreation Overnight Stays
CHIS,1990,8,TOS,8396,Total Stays,total_stays,Total Overnight Stays
CHIS,1990,8,TNRVH,176284,Non-Rec Hrs,non_rec_hrs,Total Non-Recreation Visitor Hours
CHIS,1990,9,TRV,6852,Rec Visits,rec_visits,Total Recreation Visits
CHIS,1990,9,TNRV,2284,Non-Rec Visits,non_rec_visits,Total Non-Recreation Visits
CHIS,1990,9,TV,9136,Total Visits,total_visits,Total Visits (Recreation + Non-Recreation)
CHIS,1990,9,TRVH,73930,Rec Hrs,rec_hrs,Total Recreation Visitor Hours
CHIS,1990,9,TH,128746,Total Hrs,total_hrs,Total Hours (Recreation + Non-Recreation)
CHIS,1990,9,CL,0,Conc Lodging,conc_lodging,Concessioner Lodging Overnight Stays
CHIS,1990,9,CCG,0,Conc Camp,conc_camp,Concessioner Campground Overnight Stays
CHIS,1990,9,TT,0,Tent Camp,tent_camp,Tent Camping Overnight Stays (NPS)
CHIS,1990,9,TRVS,0,Rec Stays,rec_stays,Total Recreation Overnight Stays
CHIS,1990,9,TTRV,0,Tent & RV,tent_rv,Total Tent and RV Camping Stays
CHIS,1990,9,BC,89,Backcountry,backcountry,Backcountry Camping Overnight Stays
CHIS,1990,9,MISC,1425,Misc Stays,misc_stays,Miscellaneous Overnight Stays
CHIS,1990,9,NROS,1074,Non-Rec Stays,non_rec_stays,Non-Recreation Overnight Stays
CHIS,1990,9,TOS,2588,Total Stays,total_stays,Total Overnight Stays
CHIS,1990,9,TNRVH,54816,Non-Rec Hrs,non_rec_hrs,Total Non-Recreation Visitor Hours
CHIS,1990,10,TRV,15878,Rec Visits,rec_visits,Total Recreation Visits
CHIS,1990,10,TNRV,5292,Non-Rec Visits,non_rec_visits,Total Non-Recreation Visits
CHIS,1990,10,TV,21170,Total Visits,total_visits,Total Visits (Recreation + Non-Recreation)
CHIS,1990,10,TRVH,169361,Rec Hrs,rec_hrs,Total Recreation Visitor Hours
CHIS,1990,10,TH,296390,Total Hrs,total_hrs,Total Hours (Recreation + Non-Recreation)
CHIS,1990,10,CL,0,Conc Lodging,conc_lodging,Concessioner Lodging Overnight Stays
CHIS,1990,10,CCG,0,Conc Camp,conc_camp,Concessioner Campground Overnight Stays
CHIS,1990,10,TT,0,Tent Camp,tent_camp,Tent Camping Overnight Stays (NPS)
CHIS,1990,10,TRVS,0,Rec Stays,rec_stays,Total Recreation Overnight Stays
CHIS,1990,10,TTRV,0,Tent & RV,tent_rv,Total Tent and RV Camping Stays
CHIS,1990,10,BC,85,Backcountry,backcountry,Backcountry Camping Overnight Stays
CHIS,1990,10,MISC,3488,Misc Stays,misc_stays,Miscellaneous Overnight Stays
CHIS,1990,10,NROS,2335,Non-Rec Stays,non_rec_stays,Non-Recreation Overnight Stays
CHIS,1990,10,TOS,5908,Total Stays,total_stays,Total Overnight Stays
CHIS,1990,10,TNRVH,127029,Non-Rec Hrs,non_rec_hrs,Total Non-Recreation Visitor Hours
CHIS,1990,11,TRV,13385,Rec Visits,rec_visits,Total Recreation Visits
CHIS,1990,11,TNRV,4461,Non-Rec Visits,non_rec_visits,Total Non-Recreation Visits
CHIS,1990,11,TV,17846,Total Visits,total_visits,Total Visits (Recreation + Non-Recreation)
CHIS,1990,11,TRVH,145020,Rec Hrs,rec_hrs,Total Recreation Visitor Hours
CHIS,1990,11,TH,252104,Total Hrs,total_hrs,Total Hours (Recreation + Non-Recreation)
CHIS,1990,11,CL,0,Conc Lodging,conc_lodging,Concessioner Lodging Overnight Stays
CHIS,1990,11,CCG,0,Conc Camp,conc_camp,Concessioner Campground Overnight Stays
CHIS,1990,11,TT,0,Tent Camp,tent_camp,Tent Camping Overnight Stays (NPS)
CHIS,1990,11,TRVS,0,Rec Stays,rec_stays,Total Recreation Overnight Stays
CHIS,1990,11,TTRV,0,Tent & RV,tent_rv,Total Tent and RV Camping Stays
CHIS,1990,11,BC,53,Backcountry,backcountry,Backcountry Camping Overnight Stays
CHIS,1990,11,MISC,2936,Misc Stays,misc_stays,Miscellaneous Overnight Stays
CHIS,1990,11,NROS,1965,Non-Rec Stays,non_rec_stays,Non-Recreation Overnight Stays
CHIS,1990,11,TOS,4954,Total Stays,total_stays,Total Overnight Stays
CHIS,1990,11,TNRVH,107084,Non-Rec Hrs,non_rec_hrs,Total Non-Recreation Visitor Hours
CHIS,1990,12,TRV,9938,Rec Visits,rec_visits,Total Recreation Visits
CHIS,1990,12,TNRV,3312,Non-Rec Visits,non_rec_visits,Total Non-Recreation Visits
CHIS,1990,12,TV,13250,Total Visits,total_visits,Total Visits (Recreation + Non-Recreation)
CHIS,1990,12,TRVH,105379,Rec Hrs,rec_hrs,Total Recreation Visitor Hours
CHIS,1990,12,TH,184888,Total Hrs,total_hrs,Total Hours (Recreation + Non-Recreation)
CHIS,1990,12,CL,0,Conc Lodging,conc_lodging,Concessioner Lodging Overnight Stays
CHIS,1990,12,CCG,0,Conc Camp,conc_camp,Concessioner Campground Overnight Stays
CHIS,1990,12,TT,0,Tent Camp,tent_camp,Tent Camping Overnight Stays (NPS)
CHIS,1990,12,TRVS,0,Rec Stays,rec_stays,Total Recreation Overnight Stays
CHIS,1990,12,TTRV,0,Tent & RV,tent_rv,Total Tent and RV Camping Stays
CHIS,1990,12,BC,8,Backcountry,backcountry,Backcountry Camping Overnight Stays
CHIS,1990,12,MISC,2113,Misc Stays,misc_stays,Miscellaneous Overnight Stays
CHIS,1990,12,NROS,1382,Non-Rec Stays,non_rec_stays,Non-Recreation Overnight Stays
CHIS,1990,12,TOS,3503,Total Stays,total_stays,Total Overnight Stays
CHIS,1990,12,TNRVH,79509,Non-Rec Hrs,non_rec_hrs,Total Non-Recreation Visitor Hours
CHIS,1991,1,TRV,12309,Rec Visits,rec_visits,Total Recreation Visits
CHIS,1991,1,TNRV,1075,Non-Rec Visits,non_rec_visits,Total Non-Recreation Visits
CHIS,1991,1,TV,13384,Total Visits,total_visits,Total Visits (Recreation + Non-Recreation)
CHIS,1991,1,TRVH,84255,Rec Hrs,rec_hrs,Total Recreation Visitor Hours
CHIS,1991,1,TH,110069,Total Hrs,total_hrs,Total Hours (Recreation + Non-Recreation)
CHIS,1991,1,CL,0,Conc Lodging,conc_lodging,Concessioner Lodging Overnight Stays
CHIS,1991,1,CCG,0,Conc Camp,conc_camp,Concessioner Campground Overnight Stays
CHIS,1991,1,TT,0,Tent Camp,tent_camp,Tent Camping Overnight Stays (NPS)
CHIS,1991,1,TRVS,0,Rec Stays,rec_stays,Total Recreation Overnight Stays
CHIS,1991,1,TTRV,0,Tent & RV,tent_rv,Total Tent and RV Camping Stays
CHIS,1991,1,BC,29,Backcountry,backcountry,Backcountry Camping Overnight Stays
CHIS,1991,1,MISC,1645,Misc Stays,misc_stays,Miscellaneous Overnight Stays
CHIS,1991,1,NROS,1115,Non-Rec Stays,non_rec_stays,Non-Recreation Overnight Stays
CHIS,1991,1,TOS,2789,Total Stays,total_stays,Total Overnight Stays
CHIS,1991,1,TNRVH,25814,Non-Rec Hrs,non_rec_hrs,Total Non-Recreation Visitor Hours
CHIS,1991,2,TRV,6946,Rec Visits,rec_visits,Total Recreation Visits
CHIS,1991,2,TNRV,2315,Non-Rec Visits,non_rec_visits,Total Non-Recreation Visits
CHIS,1991,2,TV,9261,Total Visits,total_visits,Total Visits (Recreation + Non-Recreation)
CHIS,1991,2,TRVH,74181,Rec Hrs,rec_hrs,Total Recreation Visitor Hours
CHIS,1991,2,TH,129749,Total Hrs,total_hrs,Total Hours (Recreation + Non-Recreation)
CHIS,1991,2,CL,0,Conc Lodging,conc_lodging,Concessioner Lodging Overnight Stays
CHIS,1991,2,CCG,0,Conc Camp,conc_camp,Concessioner Campground Overnight Stays
CHIS,1991,2,TT,0,Tent Camp,tent_camp,Tent Camping Overnight Stays (NPS)
CHIS,1991,2,TRVS,0,Rec Stays,rec_stays,Total Recreation Overnight Stays
CHIS,1991,2,TTRV,0,Tent & RV,tent_rv,Total Tent and RV Camping Stays
CHIS,1991,2,BC,35,Backcountry,backcountry,Backcountry Camping Overnight Stays
CHIS,1991,2,MISC,1415,Misc Stays,misc_stays,Miscellaneous Overnight Stays
CHIS,1991,2,NROS,927,Non-Rec Stays,non_rec_stays,Non-Recreation Overnight Stays
CHIS,1991,2,TOS,2377,Total Stays,total_stays,Total Overnight Stays
CHIS,1991,2,TNRVH,55568,Non-Rec Hrs,non_rec_hrs,Total Non-Recreation Visitor Hours
CHIS,1991,3,TRV,9252,Rec Visits,rec_visits,Total Recreation Visits
CHIS,1991,3,TNRV,3084,Non-Rec Visits,non_rec_visits,Total Non-Recreation Visits
CHIS,1991,3,TV,12336,Total Visits,total_visits,Total Visits (Recreation + Non-Recreation)
CHIS,1991,3,TRVH,97461,Rec Hrs,rec_hrs,Total Recreation Visitor Hours
CHIS,1991,3,TH,171478,Total Hrs,total_hrs,Total Hours (Recreation + Non-Recreation)
CHIS,1991,3,CL,0,Conc Lodging,conc_lodging,Concessioner Lodging Overnight Stays
CHIS,1991,3,CCG,0,Conc Camp,conc_camp,Concessioner Campground Overnight Stays
CHIS,1991,3,TT,0,Tent Camp,tent_camp,Tent Camping Overnight Stays (NPS)
CHIS,1991,3,TRVS,0,Rec Stays,rec_stays,Total Recreation Overnight Stays
CHIS,1991,3,TTRV,0,Tent & RV,tent_rv,Total Tent and RV Camping Stays
CHIS,1991,3,BC,31,Backcountry,backcountry,Backcountry Camping Overnight Stays
CHIS,1991,3,MISC,1907,Misc Stays,misc_stays,Miscellaneous Overnight Stays
CHIS,1991,3,NROS,1326,Non-Rec Stays,non_rec_stays,Non-Recreation Overnight Stays
CHIS,1991,3,TOS,3264,Total Stays,total_stays,Total Overnight Stays
CHIS,1991,3,TNRVH,74017,Non-Rec Hrs,non_rec_hrs,Total Non-Recreation Visitor Hours
CHIS,1991,4,TRV,9250,Rec Visits,rec_visits,Total Recreation Visits
CHIS,1991,4,TNRV,3083,Non-Rec Visits,non_rec_visits,Total Non-Recreation Visits
CHIS,1991,4,TV,12333,Total Visits,total_visits,Total Visits (Recreation + Non-Recreation)
CHIS,1991,4,TRVH,99050,Rec Hrs,rec_hrs,Total Recreation Visitor Hours
CHIS,1991,4,TH,173055,Total Hrs,total_hrs,Total Hours (Recreation + Non-Recreation)
CHIS,1991,4,CL,0,Conc Lodging,conc_lodging,Concessioner Lodging Overnight Stays
CHIS,1991,4,CCG,0,Conc Camp,conc_camp,Concessioner Campground Overnight Stays
CHIS,1991,4,TT,0,Tent Camp,tent_camp,Tent Camping Overnight Stays (NPS)
CHIS,1991,4,TRVS,0,Rec Stays,rec_stays,Total Recreation Overnight Stays
CHIS,1991,4,TTRV,0,Tent & RV,tent_rv,Total Tent and RV Camping Stays
CHIS,1991,4,BC,109,Backcountry,backcountry,Backcountry Camping Overnight Stays
CHIS,1991,4,MISC,1885,Misc Stays,misc_stays,Miscellaneous Overnight Stays
CHIS,1991,4,NROS,1275,Non-Rec Stays,non_rec_stays,Non-Recreation Overnight Stays
CHIS,1991,4,TOS,3269,Total Stays,total_stays,Total Overnight Stays
CHIS,1991,4,TNRVH,74005,Non-Rec Hrs,non_rec_hrs,Total Non-Recreation Visitor Hours
CHIS,1991,5,TRV,15562,Rec Visits,rec_visits,Total Recreation Visits
CHIS,1991,5,TNRV,5187,Non-Rec Visits,non_rec_visits,Total Non-Recreation Visits
CHIS,1991,5,TV,20749,Total Visits,total_visits,Total Visits (Recreation + Non-Recreation)
CHIS,1991,5,TRVH,156079,Rec Hrs,rec_hrs,Total Recreation Visitor Hours
CHIS,1991,5,TH,280577,Total Hrs,total_hrs,Total Hours (Recreation + Non-Recreation)
CHIS,1991,5,CL,0,Conc Lodging,conc_lodging,Concessioner Lodging Overnight Stays
CHIS,1991,5,CCG,0,Conc Camp,conc_camp,Concessioner Campground Overnight Stays
CHIS,1991,5,TT,0,Tent Camp,tent_camp,Tent Camping Overnight Stays (NPS)
CHIS,1991,5,TRVS,0,Rec Stays,rec_stays,Total Recreation Overnight Stays
CHIS,1991,5,TTRV,0,Tent & RV,tent_rv,Total Tent and RV Camping Stays
CHIS,1991,5,BC,58,Backcountry,backcountry,Backcountry Camping Overnight Stays
CHIS,1991,5,MISC,3113,Misc Stays,misc_stays,Miscellaneous Overnight Stays
CHIS,1991,5,NROS,2139,Non-Rec Stays,non_rec_stays,Non-Recreation Overnight Stays
CHIS,1991,5,TOS,5310,Total Stays,total_stays,Total Overnight Stays
CHIS,1991,5,TNRVH,124498,Non-Rec Hrs,non_rec_hrs,Total Non-Recreation Visitor Hours
CHIS,1991,6,TRV,9646,Rec Visits,rec_visits,Total Recreation Visits
CHIS,1991,6,TNRV,3215,Non-Rec Visits,non_rec_visits,Total Non-Recreation Visits
CHIS,1991,6,TV,12861,Total Visits,total_visits,Total Visits (Recreation + Non-Recreation)
CHIS,1991,6,TRVH,94136,Rec Hrs,rec_hrs,Total Recreation Visitor Hours
CHIS,1991,6,TH,171311,Total Hrs,total_hrs,Total Hours (Recreation + Non-Recreation)
CHIS,1991,6,CL,0,Conc Lodging,conc_lodging,Concessioner Lodging Overnight Stays
CHIS,1991,6,CCG,0,Conc Camp,conc_camp,Concessioner Campground Overnight Stays
CHIS,1991,6,TT,0,Tent Camp,tent_camp,Tent Camping Overnight Stays (NPS)
CHIS,1991,6,TRVS,0,Rec Stays,rec_stays,Total Recreation Overnight Stays
CHIS,1991,6,TTRV,0,Tent & RV,tent_rv,Total Tent and RV Camping Stays
CHIS,1991,6,BC,103,Backcountry,backcountry,Backcountry Camping Overnight Stays
CHIS,1991,6,MISC,1748,Misc Stays,misc_stays,Miscellaneous Overnight Stays
CHIS,1991,6,NROS,1219,Non-Rec Stays,non_rec_stays,Non-Recreation Overnight Stays
CHIS,1991,6,TOS,3070,Total Stays,total_stays,Total Overnight Stays
CHIS,1991,6,TNRVH,77175,Non-Rec Hrs,non_rec_hrs,Total Non-Recreation Visitor Hours
CHIS,1991,7,TRV,15962,Rec Visits,rec_visits,Total Recreation Visits
CHIS,1991,7,TNRV,5320,Non-Rec Visits,non_rec_visits,Total Non-Recreation Visits
CHIS,1991,7,TV,21282,Total Visits,total_visits,Total Visits (Recreation + Non-Recreation)
CHIS,1991,7,TRVH,180997,Rec Hrs,rec_hrs,Total Recreation Visitor Hours
CHIS,1991,7,TH,308693,Total Hrs,total_hrs,Total Hours (Recreation + Non-Recreation)
CHIS,1991,7,CL,0,Conc Lodging,conc_lodging,Concessioner Lodging Overnight Stays
CHIS,1991,7,CCG,0,Conc Camp,conc_camp,Concessioner Campground Overnight Stays
CHIS,1991,7,TT,0,Tent Camp,tent_camp,Tent Camping Overnight Stays (NPS)
CHIS,1991,7,TRVS,0,Rec Stays,rec_stays,Total Recreation Overnight Stays
CHIS,1991,7,TTRV,0,Tent & RV,tent_rv,Total Tent and RV Camping Stays
CHIS,1991,7,BC,272,Backcountry,backcountry,Backcountry Camping Overnight Stays
CHIS,1991,7,MISC,3541,Misc Stays,misc_stays,Miscellaneous Overnight Stays
CHIS,1991,7,NROS,2451,Non-Rec Stays,non_rec_stays,Non-Recreation Overnight Stays
CHIS,1991,7,TOS,6264,Total Stays,total_stays,Total Overnight Stays
CHIS,1991,7,TNRVH,127696,Non-Rec Hrs,non_rec_hrs,Total Non-Recreation Visitor Hours
CHIS,1991,8,TRV,19651,Rec Visits,rec_visits,Total Recreation Visits
CHIS,1991,8,TNRV,6550,Non-Rec Visits,non_rec_visits,Total Non-Recreation Visits
CHIS,1991,8,TV,26201,Total Visits,total_visits,Total Visits (Recreation + Non-Recreation)
CHIS,1991,8,TRVH,216856,Rec Hrs,rec_hrs,Total Recreation Visitor Hours
CHIS,1991,8,TH,374069,Total Hrs,total_hrs,Total Hours (Recreation + Non-Recreation)
CHIS,1991,8,CL,0,Conc Lodging,conc_lodging,Concessioner Lodging Overnight Stays
CHIS,1991,8,CCG,0,Conc Camp,conc_camp,Concessioner Campground Overnight Stays
CHIS,1991,8,TT,0,Tent Camp,tent_camp,Tent Camping Overnight Stays (NPS)
CHIS,1991,8,TRVS,0,Rec Stays,rec_stays,Total Recreation Overnight Stays
CHIS,1991,8,TTRV,0,Tent & RV,tent_rv,Total Tent and RV Camping Stays
CHIS,1991,8,BC,326,Backcountry,backcountry,Backcountry Camping Overnight Stays
CHIS,1991,8,MISC,4353,Misc Stays,misc_stays,Miscellaneous Overnight Stays
CHIS,1991,8,NROS,2916,Non-Rec Stays,non_rec_stays,Non-Recreation Overnight Stays
CHIS,1991,8,TOS,7595,Total Stays,total_stays,Total Overnight Stays
CHIS,1991,8,TNRVH,157213,Non-Rec Hrs,non_rec_hrs,Total Non-Recreation Visitor Hours
CHIS,1991,9,TRV,16067,Rec Visits,rec_visits,Total Recreation Visits
CHIS,1991,9,TNRV,5355,Non-Rec Visits,non_rec_visits,Total Non-Recreation Visits
CHIS,1991,9,TV,21422,Total Visits,total_visits,Total Visits (Recreation + Non-Recreation)
CHIS,1991,9,TRVH,167859,Rec Hrs,rec_hrs,Total Recreation Visitor Hours
CHIS,1991,9,TH,296400,Total Hrs,total_hrs,Total Hours (Recreation + Non-Recreation)
CHIS,1991,9,CL,0,Conc Lodging,conc_lodging,Concessioner Lodging Overnight Stays
CHIS,1991,9,CCG,0,Conc Camp,conc_camp,Concessioner Campground Overnight Stays
CHIS,1991,9,TT,0,Tent Camp,tent_camp,Tent Camping Overnight Stays (NPS)
CHIS,1991,9,TRVS,0,Rec Stays,rec_stays,Total Recreation Overnight Stays
CHIS,1991,9,TTRV,0,Tent & RV,tent_rv,Total Tent and RV Camping Stays
CHIS,1991,9,BC,98,Backcountry,backcountry,Backcountry Camping Overnight Stays
CHIS,1991,9,MISC,3409,Misc Stays,misc_stays,Miscellaneous Overnight Stays
CHIS,1991,9,NROS,2258,Non-Rec Stays,non_rec_stays,Non-Recreation Overnight Stays
CHIS,1991,9,TOS,5765,Total Stays,total_stays,Total Overnight Stays
CHIS,1991,9,TNRVH,128541,Non-Rec Hrs,non_rec_hrs,Total Non-Recreation Visitor Hours
CHIS,1991,10,TRV,14059,Rec Visits,rec_visits,Total Recreation Visits
CHIS,1991,10,TNRV,4686,Non-Rec Visits,non_rec_visits,Total Non-Recreation Visits
CHIS,1991,10,TV,18745,Total Visits,total_visits,Total Visits (Recreation + Non-Recreation)
CHIS,1991,10,TRVH,151220,Rec Hrs,rec_hrs,Total Recreation Visitor Hours
CHIS,1991,10,TH,263699,Total Hrs,total_hrs,Total Hours (Recreation + Non-Recreation)
CHIS,1991,10,CL,0,Conc Lodging,conc_lodging,Concessioner Lodging Overnight Stays
CHIS,1991,10,CCG,0,Conc Camp,conc_camp,Concessioner Campground Overnight Stays
CHIS,1991,10,TT,0,Tent Camp,tent_camp,Tent Camping Overnight Stays (NPS)
CHIS,1991,10,TRVS,0,Rec Stays,rec_stays,Total Recreation Overnight Stays
CHIS,1991,10,TTRV,0,Tent & RV,tent_rv,Total Tent and RV Camping Stays
CHIS,1991,10,BC,210,Backcountry,backcountry,Backcountry Camping Overnight Stays
CHIS,1991,10,MISC,3091,Misc Stays,misc_stays,Miscellaneous Overnight Stays
CHIS,1991,10,NROS,2102,Non-Rec Stays,non_rec_stays,Non-Recreation Overnight Stays
CHIS,1991,10,TOS,5403,Total Stays,total_stays,Total Overnight Stays
CHIS,1991,10,TNRVH,112479,Non-Rec Hrs,non_rec_hrs,Total Non-Recreation Visitor Hours
CHIS,1991,11,TRV,11377,Rec Visits,rec_visits,Total Recreation Visits
CHIS,1991,11,TNRV,3792,Non-Rec Visits,non_rec_visits,Total Non-Recreation Visits
CHIS,1991,11,TV,15169,Total Visits,total_visits,Total Visits (Recreation + Non-Recreation)
CHIS,1991,11,TRVH,119340,Rec Hrs,rec_hrs,Total Recreation Visitor Hours
CHIS,1991,11,TH,210359,Total Hrs,total_hrs,Total Hours (Recreation + Non-Recreation)
CHIS,1991,11,CL,0,Conc Lodging,conc_lodging,Concessioner Lodging Overnight Stays
CHIS,1991,11,CCG,0,Conc Camp,conc_camp,Concessioner Campground Overnight Stays
CHIS,1991,11,TT,0,Tent Camp,tent_camp,Tent Camping Overnight Stays (NPS)
CHIS,1991,11,TRVS,0,Rec Stays,rec_stays,Total Recreation Overnight Stays
CHIS,1991,11,TTRV,0,Tent & RV,tent_rv,Total Tent and RV Camping Stays
CHIS,1991,11,BC,115,Backcountry,backcountry,Backcountry Camping Overnight Stays
CHIS,1991,11,MISC,2378,Misc Stays,misc_stays,Miscellaneous Overnight Stays
CHIS,1991,11,NROS,4049,Non-Rec Stays,non_rec_stays,Non-Recreation Overnight Stays
CHIS,1991,11,TOS,6542,Total Stays,total_stays,Total Overnight Stays
CHIS,1991,11,TNRVH,91019,Non-Rec Hrs,non_rec_hrs,Total Non-Recreation Visitor Hours
CHIS,1991,12,TRV,9182,Rec Visits,rec_visits,Total Recreation Visits
CHIS,1991,12,TNRV,3060,Non-Rec Visits,non_rec_visits,Total Non-Recreation Visits
CHIS,1991,12,TV,12242,Total Visits,total_visits,Total Visits (Recreation + Non-Recreation)
CHIS,1991,12,TRVH,90973,Rec Hrs,rec_hrs,Total Recreation Visitor Hours
CHIS,1991,12,TH,164436,Total Hrs,total_hrs,Total Hours (Recreation + Non-Recreation)
CHIS,1991,12,CL,0,Conc Lodging,conc_lodging,Concessioner Lodging Overnight Stays
CHIS,1991,12,CCG,0,Conc Camp,conc_camp,Concessioner Campground Overnight Stays
CHIS,1991,12,TT,0,Tent Camp,tent_camp,Tent Camping Overnight Stays (NPS)
CHIS,1991,12,TRVS,0,Rec Stays,rec_stays,Total Recreation Overnight Stays
CHIS,1991,12,TTRV,0,Tent & RV,tent_rv,Total Tent and RV Camping Stays
CHIS,1991,12,BC,51,Backcountry,backcountry,Backcountry Camping Overnight Stays
CHIS,1991,12,MISC,1839,Misc Stays,misc_stays,Miscellaneous Overnight Stays
CHIS,1991,12,NROS,1204,Non-Rec Stays,non_rec_stays,Non-Recreation Overnight Stays
CHIS,1991,12,TOS,3094,Total Stays,total_stays,Total Overnight Stays
CHIS,1991,12,TNRVH,73463,Non-Rec Hrs,non_rec_hrs,Total Non-Recreation Visitor Hours
CHIS,1992,1,TRV,14090,Rec Visits,rec_visits,Total Recreation Visits
CHIS,1992,1,TNRV,1392,Non-Rec Visits,non_rec_visits,Total Non-Recreation Visits
CHIS,1992,1,TV,15482,Total Visits,total_visits,Total Visits (Recreation + Non-Recreation)
CHIS,1992,1,TRVH,107701,Rec Hrs,rec_hrs,Total Recreation Visitor Hours
CHIS,1992,1,TH,141132,Total Hrs,total_hrs,Total Hours (Recreation + Non-Recreation)
CHIS,1992,1,CL,0,Conc Lodging,conc_lodging,Concessioner Lodging Overnight Stays
CHIS,1992,1,CCG,0,Conc Camp,conc_camp,Concessioner Campground Overnight Stays
CHIS,1992,1,TT,0,Tent Camp,tent_camp,Tent Camping Overnight Stays (NPS)
CHIS,1992,1,TRVS,0,Rec Stays,rec_stays,Total Recreation Overnight Stays
CHIS,1992,1,TTRV,0,Tent & RV,tent_rv,Total Tent and RV Camping Stays
CHIS,1992,1,BC,7,Backcountry,backcountry,Backcountry Camping Overnight Stays
CHIS,1992,1,MISC,1799,Misc Stays,misc_stays,Miscellaneous Overnight Stays
CHIS,1992,1,NROS,1401,Non-Rec Stays,non_rec_stays,Non-Recreation Overnight Stays
CHIS,1992,1,TOS,3207,Total Stays,total_stays,Total Overnight Stays
CHIS,1992,1,TNRVH,33431,Non-Rec Hrs,non_rec_hrs,Total Non-Recreation Visitor Hours
CHIS,1992,2,TRV,9911,Rec Visits,rec_visits,Total Recreation Visits
CHIS,1992,2,TNRV,3303,Non-Rec Visits,non_rec_visits,Total Non-Recreation Visits
CHIS,1992,2,TV,13214,Total Visits,total_visits,Total Visits (Recreation + Non-Recreation)
CHIS,1992,2,TRVH,102232,Rec Hrs,rec_hrs,Total Recreation Visitor Hours
CHIS,1992,2,TH,181523,Total Hrs,total_hrs,Total Hours (Recreation + Non-Recreation)
CHIS,1992,2,CL,0,Conc Lodging,conc_lodging,Concessioner Lodging Overnight Stays
CHIS,1992,2,CCG,0,Conc Camp,conc_camp,Concessioner Campground Overnight Stays
CHIS,1992,2,TT,0,Tent Camp,tent_camp,Tent Camping Overnight Stays (NPS)
CHIS,1992,2,TRVS,0,Rec Stays,rec_stays,Total Recreation Overnight Stays
CHIS,1992,2,TTRV,0,Tent & RV,tent_rv,Total Tent and RV Camping Stays
CHIS,1992,2,BC,2,Backcountry,backcountry,Backcountry Camping Overnight Stays
CHIS,1992,2,MISC,1680,Misc Stays,misc_stays,Miscellaneous Overnight Stays
CHIS,1992,2,NROS,1355,Non-Rec Stays,non_rec_stays,Non-Recreation Overnight Stays
CHIS,1992,2,TOS,3037,Total Stays,total_stays,Total Overnight Stays
CHIS,1992,2,TNRVH,79291,Non-Rec Hrs,non_rec_hrs,Total Non-Recreation Visitor Hours
CHIS,1992,3,TRV,11527,Rec Visits,rec_visits,Total Recreation Visits
CHIS,1992,3,TNRV,3842,Non-Rec Visits,non_rec_visits,Total Non-Recreation Visits
CHIS,1992,3,TV,15369,Total Visits,total_visits,Total Visits (Recreation + Non-Recreation)
CHIS,1992,3,TRVH,119764,Rec Hrs,rec_hrs,Total Recreation Visitor Hours
CHIS,1992,3,TH,211981,Total Hrs,total_hrs,Total Hours (Recreation + Non-Recreation)
CHIS,1992,3,CL,0,Conc Lodging,conc_lodging,Concessioner Lodging Overnight Stays
CHIS,1992,3,CCG,0,Conc Camp,conc_camp,Concessioner Campground Overnight Stays
CHIS,1992,3,TT,0,Tent Camp,tent_camp,Tent Camping Overnight Stays (NPS)
CHIS,1992,3,TRVS,0,Rec Stays,rec_stays,Total Recreation Overnight Stays
CHIS,1992,3,TTRV,0,Tent & RV,tent_rv,Total Tent and RV Camping Stays
CHIS,1992,3,BC,50,Backcountry,backcountry,Backcountry Camping Overnight Stays
CHIS,1992,3,MISC,2052,Misc Stays,misc_stays,Miscellaneous Overnight Stays
CHIS,1992,3,NROS,1804,Non-Rec Stays,non_rec_stays,Non-Recreation Overnight Stays
CHIS,1992,3,TOS,3906,Total Stays,total_stays,Total Overnight Stays
CHIS,1992,3,TNRVH,92217,Non-Rec Hrs,non_rec_hrs,Total Non-Recreation Visitor Hours
CHIS,1992,4,TRV,13683,Rec Visits,rec_visits,Total Recreation Visits
CHIS,1992,4,TNRV,4561,Non-Rec Visits,non_rec_visits,Total Non-Recreation Visits
CHIS,1992,4,TV,18244,Total Visits,total_visits,Total Visits (Recreation + Non-Recreation)
CHIS,1992,4,TRVH,141089,Rec Hrs,rec_hrs,Total Recreation Visitor Hours
CHIS,1992,4,TH,250553,Total Hrs,total_hrs,Total Hours (Recreation + Non-Recreation)
CHIS,1992,4,CL,0,Conc Lodging,conc_lodging,Concessioner Lodging Overnight Stays
CHIS,1992,4,CCG,0,Conc Camp,conc_camp,Concessioner Campground Overnight Stays
CHIS,1992,4,TT,0,Tent Camp,tent_camp,Tent Camping Overnight Stays (NPS)
CHIS,1992,4,TRVS,0,Rec Stays,rec_stays,Total Recreation Overnight Stays
CHIS,1992,4,TTRV,0,Tent & RV,tent_rv,Total Tent and RV Camping Stays
CHIS,1992,4,BC,205,Backcountry,backcountry,Backcountry Camping Overnight Stays
CHIS,1992,4,MISC,2431,Misc Stays,misc_stays,Miscellaneous Overnight Stays
CHIS,1992,4,NROS,1988,Non-Rec Stays,non_rec_stays,Non-Recreation Overnight Stays
CHIS,1992,4,TOS,4624,Total Stays,total_stays,Total Overnight Stays
CHIS,1992,4,TNRVH,109464,Non-Rec Hrs,non_rec_hrs,Total Non-Recreation Visitor Hours
CHIS,1992,5,TRV,16830,Rec Visits,rec_visits,Total Recreation Visits
CHIS,1992,5,TNRV,5610,Non-Rec Visits,non_rec_visits,Total Non-Recreation Visits
CHIS,1992,5,TV,22440,Total Visits,total_visits,Total Visits (Recreation + Non-Recreation)
CHIS,1992,5,TRVH,185194,Rec Hrs,rec_hrs,Total Recreation Visitor Hours
CHIS,1992,5,TH,319836,Total Hrs,total_hrs,Total Hours (Recreation + Non-Recreation)
CHIS,1992,5,CL,0,Conc Lodging,conc_lodging,Concessioner Lodging Overnight Stays
CHIS,1992,5,CCG,0,Conc Camp,conc_camp,Concessioner Campground Overnight Stays
CHIS,1992,5,TT,0,Tent Camp,tent_camp,Tent Camping Overnight Stays (NPS)
CHIS,1992,5,TRVS,0,Rec Stays,rec_stays,Total Recreation Overnight Stays
CHIS,1992,5,TTRV,0,Tent & RV,tent_rv,Total Tent and RV Camping Stays
CHIS,1992,5,BC,156,Backcountry,backcountry,Backcountry Camping Overnight Stays
CHIS,1992,5,MISC,3007,Misc Stays,misc_stays,Miscellaneous Overnight Stays
CHIS,1992,5,NROS,2655,Non-Rec Stays,non_rec_stays,Non-Recreation Overnight Stays
CHIS,1992,5,TOS,5818,Total Stays,total_stays,Total Overnight Stays
CHIS,1992,5,TNRVH,134642,Non-Rec Hrs,non_rec_hrs,Total Non-Recreation Visitor Hours
CHIS,1992,6,TRV,14340,Rec Visits,rec_visits,Total Recreation Visits
CHIS,1992,6,TNRV,4780,Non-Rec Visits,non_rec_visits,Total Non-Recreation Visits
CHIS,1992,6,TV,19120,Total Visits,total_visits,Total Visits (Recreation + Non-Recreation)
CHIS,1992,6,TRVH,153951,Rec Hrs,rec_hrs,Total Recreation Visitor Hours
CHIS,1992,6,TH,268675,Total Hrs,total_hrs,Total Hours (Recreation + Non-Recreation)
CHIS,1992,6,CL,0,Conc Lodging,conc_lodging,Concessioner Lodging Overnight Stays
CHIS,1992,6,CCG,0,Conc Camp,conc_camp,Concessioner Campground Overnight Stays
CHIS,1992,6,TT,0,Tent Camp,tent_camp,Tent Camping Overnight Stays (NPS)
CHIS,1992,6,TRVS,0,Rec Stays,rec_stays,Total Recreation Overnight Stays
CHIS,1992,6,TTRV,0,Tent & RV,tent_rv,Total Tent and RV Camping Stays
CHIS,1992,6,BC,272,Backcountry,backcountry,Backcountry Camping Overnight Stays
CHIS,1992,6,MISC,2600,Misc Stays,misc_stays,Miscellaneous Overnight Stays
CHIS,1992,6,NROS,2261,Non-Rec Stays,non_rec_stays,Non-Recreation Overnight Stays
CHIS,1992,6,TOS,5133,Total Stays,total_stays,Total Overnight Stays
CHIS,1992,6,TNRVH,114724,Non-Rec Hrs,non_rec_hrs,Total Non-Recreation Visitor Hours
CHIS,1992,7,TRV,18813,Rec Visits,rec_visits,Total Recreation Visits
CHIS,1992,7,TNRV,6271,Non-Rec Visits,non_rec_visits,Total Non-Recreation Visits
CHIS,1992,7,TV,25084,Total Visits,total_visits,Total Visits (Recreation + Non-Recreation)
CHIS,1992,7,TRVH,206110,Rec Hrs,rec_hrs,Total Recreation Visitor Hours
CHIS,1992,7,TH,356616,Total Hrs,total_hrs,Total Hours (Recreation + Non-Recreation)
CHIS,1992,7,CL,0,Conc Lodging,conc_lodging,Concessioner Lodging Overnight Stays
CHIS,1992,7,CCG,0,Conc Camp,conc_camp,Concessioner Campground Overnight Stays
CHIS,1992,7,TT,0,Tent Camp,tent_camp,Tent Camping Overnight Stays (NPS)
CHIS,1992,7,TRVS,0,Rec Stays,rec_stays,Total Recreation Overnight Stays
CHIS,1992,7,TTRV,0,Tent & RV,tent_rv,Total Tent and RV Camping Stays
CHIS,1992,7,BC,171,Backcountry,backcountry,Backcountry Camping Overnight Stays
CHIS,1992,7,MISC,3470,Misc Stays,misc_stays,Miscellaneous Overnight Stays
CHIS,1992,7,NROS,3117,Non-Rec Stays,non_rec_stays,Non-Recreation Overnight Stays
CHIS,1992,7,TOS,6758,Total Stays,total_stays,Total Overnight Stays
CHIS,1992,7,TNRVH,150506,Non-Rec Hrs,non_rec_hrs,Total Non-Recreation Visitor Hours
CHIS,1992,8,TRV,11384,Rec Visits,rec_visits,Total Recreation Visits
CHIS,1992,8,TNRV,3794,Non-Rec Visits,non_rec_visits,Total Non-Recreation Visits
CHIS,1992,8,TV,15178,Total Visits,total_visits,Total Visits (Recreation + Non-Recreation)
CHIS,1992,8,TRVH,121460,Rec Hrs,rec_hrs,Total Recreation Visitor Hours
CHIS,1992,8,TH,212535,Total Hrs,total_hrs,Total Hours (Recreation + Non-Recreation)
CHIS,1992,8,CL,0,Conc Lodging,conc_lodging,Concessioner Lodging Overnight Stays
CHIS,1992,8,CCG,0,Conc Camp,conc_camp,Concessioner Campground Overnight Stays
CHIS,1992,8,TT,0,Tent Camp,tent_camp,Tent Camping Overnight Stays (NPS)
CHIS,1992,8,TRVS,0,Rec Stays,rec_stays,Total Recreation Overnight Stays
CHIS,1992,8,TTRV,0,Tent & RV,tent_rv,Total Tent and RV Camping Stays
CHIS,1992,8,BC,369,Backcountry,backcountry,Backcountry Camping Overnight Stays
CHIS,1992,8,MISC,1765,Misc Stays,misc_stays,Miscellaneous Overnight Stays
CHIS,1992,8,NROS,1740,Non-Rec Stays,non_rec_stays,Non-Recreation Overnight Stays
CHIS,1992,8,TOS,3874,Total Stays,total_stays,Total Overnight Stays
CHIS,1992,8,TNRVH,91075,Non-Rec Hrs,non_rec_hrs,Total Non-Recreation Visitor Hours
CHIS,1992,9,TRV,18785,Rec Visits,rec_visits,Total Recreation Visits
CHIS,1992,9,TNRV,6261,Non-Rec Visits,non_rec_visits,Total Non-Recreation Visits
CHIS,1992,9,TV,25046,Total Visits,total_visits,Total Visits (Recreation + Non-Recreation)
CHIS,1992,9,TRVH,203997,Rec Hrs,rec_hrs,Total Recreation Visitor Hours
CHIS,1992,9,TH,354284,Total Hrs,total_hrs,Total Hours (Recreation + Non-Recreation)
CHIS,1992,9,CL,0,Conc Lodging,conc_lodging,Concessioner Lodging Overnight Stays
CHIS,1992,9,CCG,0,Conc Camp,conc_camp,Concessioner Campground Overnight Stays
CHIS,1992,9,TT,0,Tent Camp,tent_camp,Tent Camping Overnight Stays (NPS)
CHIS,1992,9,TRVS,0,Rec Stays,rec_stays,Total Recreation Overnight Stays
CHIS,1992,9,TTRV,0,Tent & RV,tent_rv,Total Tent and RV Camping Stays
CHIS,1992,9,BC,100,Backcountry,backcountry,Backcountry Camping Overnight Stays
CHIS,1992,9,MISC,3497,Misc Stays,misc_stays,Miscellaneous Overnight Stays
CHIS,1992,9,NROS,2984,Non-Rec Stays,non_rec_stays,Non-Recreation Overnight Stays
CHIS,1992,9,TOS,6581,Total Stays,total_stays,Total Overnight Stays
CHIS,1992,9,TNRVH,150287,Non-Rec Hrs,non_rec_hrs,Total Non-Recreation Visitor Hours
CHIS,1992,10,TRV,16457,Rec Visits,rec_visits,Total Recreation Visits
CHIS,1992,10,TNRV,5485,Non-Rec Visits,non_rec_visits,Total Non-Recreation Visits
CHIS,1992,10,TV,21942,Total Visits,total_visits,Total Visits (Recreation + Non-Recreation)
CHIS,1992,10,TRVH,178406,Rec Hrs,rec_hrs,Total Recreation Visitor Hours
CHIS,1992,10,TH,310066,Total Hrs,total_hrs,Total Hours (Recreation + Non-Recreation)
CHIS,1992,10,CL,0,Conc Lodging,conc_lodging,Concessioner Lodging Overnight Stays
CHIS,1992,10,CCG,0,Conc Camp,conc_camp,Concessioner Campground Overnight Stays
CHIS,1992,10,TT,0,Tent Camp,tent_camp,Tent Camping Overnight Stays (NPS)
CHIS,1992,10,TRVS,0,Rec Stays,rec_stays,Total Recreation Overnight Stays
CHIS,1992,10,TTRV,0,Tent & RV,tent_rv,Total Tent and RV Camping Stays
CHIS,1992,10,BC,949,Backcountry,backcountry,Backcountry Camping Overnight Stays
CHIS,1992,10,MISC,306,Misc Stays,misc_stays,Miscellaneous Overnight Stays
CHIS,1992,10,NROS,2054,Non-Rec Stays,non_rec_stays,Non-Recreation Overnight Stays
CHIS,1992,10,TOS,3309,Total Stays,total_stays,Total Overnight Stays
CHIS,1992,10,TNRVH,131660,Non-Rec Hrs,non_rec_hrs,Total Non-Recreation Visitor Hours
CHIS,1992,11,TRV,13644,Rec Visits,rec_visits,Total Recreation Visits
CHIS,1992,11,TNRV,4548,Non-Rec Visits,non_rec_visits,Total Non-Recreation Visits
CHIS,1992,11,TV,18192,Total Visits,total_visits,Total Visits (Recreation + Non-Recreation)
CHIS,1992,11,TRVH,144554,Rec Hrs,rec_hrs,Total Recreation Visitor Hours
CHIS,1992,11,TH,253709,Total Hrs,total_hrs,Total Hours (Recreation + Non-Recreation)
CHIS,1992,11,CL,0,Conc Lodging,conc_lodging,Concessioner Lodging Overnight Stays
CHIS,1992,11,CCG,0,Conc Camp,conc_camp,Concessioner Campground Overnight Stays
CHIS,1992,11,TT,0,Tent Camp,tent_camp,Tent Camping Overnight Stays (NPS)
CHIS,1992,11,TRVS,0,Rec Stays,rec_stays,Total Recreation Overnight Stays
CHIS,1992,11,TTRV,0,Tent & RV,tent_rv,Total Tent and RV Camping Stays
CHIS,1992,11,BC,33,Backcountry,backcountry,Backcountry Camping Overnight Stays
CHIS,1992,11,MISC,2366,Misc Stays,misc_stays,Miscellaneous Overnight Stays
CHIS,1992,11,NROS,2073,Non-Rec Stays,non_rec_stays,Non-Recreation Overnight Stays
CHIS,1992,11,TOS,4472,Total Stays,total_stays,Total Overnight Stays
CHIS,1992,11,TNRVH,109155,Non-Rec Hrs,non_rec_hrs,Total Non-Recreation Visitor Hours
CHIS,1992,12,TRV,9717,Rec Visits,rec_visits,Total Recreation Visits
CHIS,1992,12,TNRV,3239,Non-Rec Visits,non_rec_visits,Total Non-Recreation Visits
CHIS,1992,12,TV,12956,Total Visits,total_visits,Total Visits (Recreation + Non-Recreation)
CHIS,1992,12,TRVH,101071,Rec Hrs,rec_hrs,Total Recreation Visitor Hours
CHIS,1992,12,TH,178812,Total Hrs,total_hrs,Total Hours (Recreation + Non-Recreation)
CHIS,1992,12,CL,0,Conc Lodging,conc_lodging,Concessioner Lodging Overnight Stays
CHIS,1992,12,CCG,0,Conc Camp,conc_camp,Concessioner Campground Overnight Stays
CHIS,1992,12,TT,0,Tent Camp,tent_camp,Tent Camping Overnight Stays (NPS)
CHIS,1992,12,TRVS,0,Rec Stays,rec_stays,Total Recreation Overnight Stays
CHIS,1992,12,TTRV,0,Tent & RV,tent_rv,Total Tent and RV Camping Stays
CHIS,1992,12,BC,16,Backcountry,backcountry,Backcountry Camping Overnight Stays
CHIS,1992,12,MISC,1741,Misc Stays,misc_stays,Miscellaneous Overnight Stays
CHIS,1992,12,NROS,1537,Non-Rec Stays,non_rec_stays,Non-Recreation Overnight Stays
CHIS,1992,12,TOS,3294,Total Stays,total_stays,Total Overnight Stays
CHIS,1992,12,TNRVH,77741,Non-Rec Hrs,non_rec_hrs,Total Non-Recreation Visitor Hours
CHIS,1993,1,TRV,14405,Rec Visits,rec_visits,Total Recreation Visits
CHIS,1993,1,TNRV,1280,Non-Rec Visits,non_rec_visits,Total Non-Recreation Visits
CHIS,1993,1,TV,15685,Total Visits,total_visits,Total Visits (Recreation + Non-Recreation)
CHIS,1993,1,TRVH,100110,Rec Hrs,rec_hrs,Total Recreation Visitor Hours
CHIS,1993,1,TH,130839,Total Hrs,total_hrs,Total Hours (Recreation + Non-Recreation)
CHIS,1993,1,CL,0,Conc Lodging,conc_lodging,Concessioner Lodging Overnight Stays
CHIS,1993,1,CCG,0,Conc Camp,conc_camp,Concessioner Campground Overnight Stays
CHIS,1993,1,TT,0,Tent Camp,tent_camp,Tent Camping Overnight Stays (NPS)
CHIS,1993,1,TRVS,0,Rec Stays,rec_stays,Total Recreation Overnight Stays
CHIS,1993,1,TTRV,0,Tent & RV,tent_rv,Total Tent and RV Camping Stays
CHIS,1993,1,BC,9,Backcountry,backcountry,Backcountry Camping Overnight Stays
CHIS,1993,1,MISC,1654,Misc Stays,misc_stays,Miscellaneous Overnight Stays
CHIS,1993,1,NROS,1526,Non-Rec Stays,non_rec_stays,Non-Recreation Overnight Stays
CHIS,1993,1,TOS,3189,Total Stays,total_stays,Total Overnight Stays
CHIS,1993,1,TNRVH,30729,Non-Rec Hrs,non_rec_hrs,Total Non-Recreation Visitor Hours
CHIS,1993,2,TRV,9069,Rec Visits,rec_visits,Total Recreation Visits
CHIS,1993,2,TNRV,3023,Non-Rec Visits,non_rec_visits,Total Non-Recreation Visits
CHIS,1993,2,TV,12092,Total Visits,total_visits,Total Visits (Recreation + Non-Recreation)
CHIS,1993,2,TRVH,95690,Rec Hrs,rec_hrs,Total Recreation Visitor Hours
CHIS,1993,2,TH,168246,Total Hrs,total_hrs,Total Hours (Recreation + Non-Recreation)
CHIS,1993,2,CL,0,Conc Lodging,conc_lodging,Concessioner Lodging Overnight Stays
CHIS,1993,2,CCG,0,Conc Camp,conc_camp,Concessioner Campground Overnight Stays
CHIS,1993,2,TT,0,Tent Camp,tent_camp,Tent Camping Overnight Stays (NPS)
CHIS,1993,2,TRVS,0,Rec Stays,rec_stays,Total Recreation Overnight Stays
CHIS,1993,2,TTRV,0,Tent & RV,tent_rv,Total Tent and RV Camping Stays
CHIS,1993,2,BC,7,Backcountry,backcountry,Backcountry Camping Overnight Stays
CHIS,1993,2,MISC,1547,Misc Stays,misc_stays,Miscellaneous Overnight Stays
CHIS,1993,2,NROS,1471,Non-Rec Stays,non_rec_stays,Non-Recreation Overnight Stays
CHIS,1993,2,TOS,3025,Total Stays,total_stays,Total Overnight Stays
CHIS,1993,2,TNRVH,72556,Non-Rec Hrs,non_rec_hrs,Total Non-Recreation Visitor Hours
CHIS,1993,3,TRV,8631,Rec Visits,rec_visits,Total Recreation Visits
CHIS,1993,3,TNRV,2877,Non-Rec Visits,non_rec_visits,Total Non-Recreation Visits
CHIS,1993,3,TV,11508,Total Visits,total_visits,Total Visits (Recreation + Non-Recreation)
CHIS,1993,3,TRVH,91738,Rec Hrs,rec_hrs,Total Recreation Visitor Hours
CHIS,1993,3,TH,160786,Total Hrs,total_hrs,Total Hours (Recreation + Non-Recreation)
CHIS,1993,3,CL,0,Conc Lodging,conc_lodging,Concessioner Lodging Overnight Stays
CHIS,1993,3,CCG,0,Conc Camp,conc_camp,Concessioner Campground Overnight Stays
CHIS,1993,3,TT,0,Tent Camp,tent_camp,Tent Camping Overnight Stays (NPS)
CHIS,1993,3,TRVS,0,Rec Stays,rec_stays,Total Recreation Overnight Stays
CHIS,1993,3,TTRV,0,Tent & RV,tent_rv,Total Tent and RV Camping Stays
CHIS,1993,3,BC,22,Backcountry,backcountry,Backcountry Camping Overnight Stays
CHIS,1993,3,MISC,1510,Misc Stays,misc_stays,Miscellaneous Overnight Stays
CHIS,1993,3,NROS,1398,Non-Rec Stays,non_rec_stays,Non-Recreation Overnight Stays
CHIS,1993,3,TOS,2930,Total Stays,total_stays,Total Overnight Stays
CHIS,1993,3,TNRVH,69048,Non-Rec Hrs,non_rec_hrs,Total Non-Recreation Visitor Hours
CHIS,1993,4,TRV,13048,Rec Visits,rec_visits,Total Recreation Visits
CHIS,1993,4,TNRV,4349,Non-Rec Visits,non_rec_visits,Total Non-Recreation Visits
CHIS,1993,4,TV,17397,Total Visits,total_visits,Total Visits (Recreation + Non-Recreation)
CHIS,1993,4,TRVH,142682,Rec Hrs,rec_hrs,Total Recreation Visitor Hours
CHIS,1993,4,TH,247066,Total Hrs,total_hrs,Total Hours (Recreation + Non-Recreation)
CHIS,1993,4,CL,0,Conc Lodging,conc_lodging,Concessioner Lodging Overnight Stays
CHIS,1993,4,CCG,0,Conc Camp,conc_camp,Concessioner Campground Overnight Stays
CHIS,1993,4,TT,0,Tent Camp,tent_camp,Tent Camping Overnight Stays (NPS)
CHIS,1993,4,TRVS,0,Rec Stays,rec_stays,Total Recreation Overnight Stays
CHIS,1993,4,TTRV,0,Tent & RV,tent_rv,Total Tent and RV Camping Stays
CHIS,1993,4,BC,144,Backcountry,backcountry,Backcountry Camping Overnight Stays
CHIS,1993,4,MISC,2463,Misc Stays,misc_stays,Miscellaneous Overnight Stays
CHIS,1993,4,NROS,2209,Non-Rec Stays,non_rec_stays,Non-Recreation Overnight Stays
CHIS,1993,4,TOS,4816,Total Stays,total_stays,Total Overnight Stays
CHIS,1993,4,TNRVH,104384,Non-Rec Hrs,non_rec_hrs,Total Non-Recreation Visitor Hours
CHIS,1993,5,TRV,16138,Rec Visits,rec_visits,Total Recreation Visits
CHIS,1993,5,TNRV,5379,Non-Rec Visits,non_rec_visits,Total Non-Recreation Visits
CHIS,1993,5,TV,21517,Total Visits,total_visits,Total Visits (Recreation + Non-Recreation)
CHIS,1993,5,TRVH,169270,Rec Hrs,rec_hrs,Total Recreation Visitor Hours
CHIS,1993,5,TH,298380,Total Hrs,total_hrs,Total Hours (Recreation + Non-Recreation)
CHIS,1993,5,CL,0,Conc Lodging,conc_lodging,Concessioner Lodging Overnight Stays
CHIS,1993,5,CCG,0,Conc Camp,conc_camp,Concessioner Campground Overnight Stays
CHIS,1993,5,TT,0,Tent Camp,tent_camp,Tent Camping Overnight Stays (NPS)
CHIS,1993,5,TRVS,0,Rec Stays,rec_stays,Total Recreation Overnight Stays
CHIS,1993,5,TTRV,0,Tent & RV,tent_rv,Total Tent and RV Camping Stays
CHIS,1993,5,BC,106,Backcountry,backcountry,Backcountry Camping Overnight Stays
CHIS,1993,5,MISC,2826,Misc Stays,misc_stays,Miscellaneous Overnight Stays
CHIS,1993,5,NROS,2619,Non-Rec Stays,non_rec_stays,Non-Recreation Overnight Stays
CHIS,1993,5,TOS,5551,Total Stays,total_stays,Total Overnight Stays
CHIS,1993,5,TNRVH,129110,Non-Rec Hrs,non_rec_hrs,Total Non-Recreation Visitor Hours
CHIS,1993,6,TRV,13866,Rec Visits,rec_visits,Total Recreation Visits
CHIS,1993,6,TNRV,4622,Non-Rec Visits,non_rec_visits,Total Non-Recreation Visits
CHIS,1993,6,TV,18488,Total Visits,total_visits,Total Visits (Recreation + Non-Recreation)
CHIS,1993,6,TRVH,148782,Rec Hrs,rec_hrs,Total Recreation Visitor Hours
CHIS,1993,6,TH,259712,Total Hrs,total_hrs,Total Hours (Recreation + Non-Recreation)
CHIS,1993,6,CL,0,Conc Lodging,conc_lodging,Concessioner Lodging Overnight Stays
CHIS,1993,6,CCG,0,Conc Camp,conc_camp,Concessioner Campground Overnight Stays
CHIS,1993,6,TT,0,Tent Camp,tent_camp,Tent Camping Overnight Stays (NPS)
CHIS,1993,6,TRVS,0,Rec Stays,rec_stays,Total Recreation Overnight Stays
CHIS,1993,6,TTRV,0,Tent & RV,tent_rv,Total Tent and RV Camping Stays
CHIS,1993,6,BC,330,Backcountry,backcountry,Backcountry Camping Overnight Stays
CHIS,1993,6,MISC,2549,Misc Stays,misc_stays,Miscellaneous Overnight Stays
CHIS,1993,6,NROS,2234,Non-Rec Stays,non_rec_stays,Non-Recreation Overnight Stays
CHIS,1993,6,TOS,5113,Total Stays,total_stays,Total Overnight Stays
CHIS,1993,6,TNRVH,110930,Non-Rec Hrs,non_rec_hrs,Total Non-Recreation Visitor Hours
CHIS,1993,7,TRV,23904,Rec Visits,rec_visits,Total Recreation Visits
CHIS,1993,7,TNRV,7968,Non-Rec Visits,non_rec_visits,Total Non-Recreation Visits
CHIS,1993,7,TV,31872,Total Visits,total_visits,Total Visits (Recreation + Non-Recreation)
CHIS,1993,7,TRVH,262451,Rec Hrs,rec_hrs,Total Recreation Visitor Hours
CHIS,1993,7,TH,453690,Total Hrs,total_hrs,Total Hours (Recreation + Non-Recreation)
CHIS,1993,7,CL,0,Conc Lodging,conc_lodging,Concessioner Lodging Overnight Stays
CHIS,1993,7,CCG,0,Conc Camp,conc_camp,Concessioner Campground Overnight Stays
CHIS,1993,7,TT,0,Tent Camp,tent_camp,Tent Camping Overnight Stays (NPS)
CHIS,1993,7,TRVS,0,Rec Stays,rec_stays,Total Recreation Overnight Stays
CHIS,1993,7,TTRV,0,Tent & RV,tent_rv,Total Tent and RV Camping Stays
CHIS,1993,7,BC,292,Backcountry,backcountry,Backcountry Camping Overnight Stays
CHIS,1993,7,MISC,4551,Misc Stays,misc_stays,Miscellaneous Overnight Stays
CHIS,1993,7,NROS,3745,Non-Rec Stays,non_rec_stays,Non-Recreation Overnight Stays
CHIS,1993,7,TOS,8588,Total Stays,total_stays,Total Overnight Stays
CHIS,1993,7,TNRVH,191239,Non-Rec Hrs,non_rec_hrs,Total Non-Recreation Visitor Hours
CHIS,1993,8,TRV,25913,Rec Visits,rec_visits,Total Recreation Visits
CHIS,1993,8,TNRV,8637,Non-Rec Visits,non_rec_visits,Total Non-Recreation Visits
CHIS,1993,8,TV,34550,Total Visits,total_visits,Total Visits (Recreation + Non-Recreation)
CHIS,1993,8,TRVH,295844,Rec Hrs,rec_hrs,Total Recreation Visitor Hours
CHIS,1993,8,TH,503154,Total Hrs,total_hrs,Total Hours (Recreation + Non-Recreation)
CHIS,1993,8,CL,0,Conc Lodging,conc_lodging,Concessioner Lodging Overnight Stays
CHIS,1993,8,CCG,0,Conc Camp,conc_camp,Concessioner Campground Overnight Stays
CHIS,1993,8,TT,0,Tent Camp,tent_camp,Tent Camping Overnight Stays (NPS)
CHIS,1993,8,TRVS,0,Rec Stays,rec_stays,Total Recreation Overnight Stays
CHIS,1993,8,TTRV,0,Tent & RV,tent_rv,Total Tent and RV Camping Stays
CHIS,1993,8,BC,362,Backcountry,backcountry,Backcountry Camping Overnight Stays
CHIS,1993,8,MISC,4854,Misc Stays,misc_stays,Miscellaneous Overnight Stays
CHIS,1993,8,NROS,4040,Non-Rec Stays,non_rec_stays,Non-Recreation Overnight Stays
CHIS,1993,8,TOS,9256,Total Stays,total_stays,Total Overnight Stays
CHIS,1993,8,TNRVH,207310,Non-Rec Hrs,non_rec_hrs,Total Non-Recreation Visitor Hours
CHIS,1993,9,TRV,17685,Rec Visits,rec_visits,Total Recreation Visits
CHIS,1993,9,TNRV,5895,Non-Rec Visits,non_rec_visits,Total Non-Recreation Visits
CHIS,1993,9,TV,23580,Total Visits,total_visits,Total Visits (Recreation + Non-Recreation)
CHIS,1993,9,TRVH,192778,Rec Hrs,rec_hrs,Total Recreation Visitor Hours
CHIS,1993,9,TH,334259,Total Hrs,total_hrs,Total Hours (Recreation + Non-Recreation)
CHIS,1993,9,CL,0,Conc Lodging,conc_lodging,Concessioner Lodging Overnight Stays
CHIS,1993,9,CCG,0,Conc Camp,conc_camp,Concessioner Campground Overnight Stays
CHIS,1993,9,TT,0,Tent Camp,tent_camp,Tent Camping Overnight Stays (NPS)
CHIS,1993,9,TRVS,0,Rec Stays,rec_stays,Total Recreation Overnight Stays
CHIS,1993,9,TTRV,0,Tent & RV,tent_rv,Total Tent and RV Camping Stays
CHIS,1993,9,BC,79,Backcountry,backcountry,Backcountry Camping Overnight Stays
CHIS,1993,9,MISC,3277,Misc Stays,misc_stays,Miscellaneous Overnight Stays
CHIS,1993,9,NROS,2882,Non-Rec Stays,non_rec_stays,Non-Recreation Overnight Stays
CHIS,1993,9,TOS,6238,Total Stays,total_stays,Total Overnight Stays
CHIS,1993,9,TNRVH,141481,Non-Rec Hrs,non_rec_hrs,Total Non-Recreation Visitor Hours
CHIS,1993,10,TRV,20382,Rec Visits,rec_visits,Total Recreation Visits
CHIS,1993,10,TNRV,6794,Non-Rec Visits,non_rec_visits,Total Non-Recreation Visits
CHIS,1993,10,TV,27176,Total Visits,total_visits,Total Visits (Recreation + Non-Recreation)
CHIS,1993,10,TRVH,223682,Rec Hrs,rec_hrs,Total Recreation Visitor Hours
CHIS,1993,10,TH,386738,Total Hrs,total_hrs,Total Hours (Recreation + Non-Recreation)
CHIS,1993,10,CL,0,Conc Lodging,conc_lodging,Concessioner Lodging Overnight Stays
CHIS,1993,10,CCG,0,Conc Camp,conc_camp,Concessioner Campground Overnight Stays
CHIS,1993,10,TT,0,Tent Camp,tent_camp,Tent Camping Overnight Stays (NPS)
CHIS,1993,10,TRVS,0,Rec Stays,rec_stays,Total Recreation Overnight Stays
CHIS,1993,10,TTRV,0,Tent & RV,tent_rv,Total Tent and RV Camping Stays
CHIS,1993,10,BC,256,Backcountry,backcountry,Backcountry Camping Overnight Stays
CHIS,1993,10,MISC,3856,Misc Stays,misc_stays,Miscellaneous Overnight Stays
CHIS,1993,10,NROS,3280,Non-Rec Stays,non_rec_stays,Non-Recreation Overnight Stays
CHIS,1993,10,TOS,7392,Total Stays,total_stays,Total Overnight Stays
CHIS,1993,10,TNRVH,163056,Non-Rec Hrs,non_rec_hrs,Total Non-Recreation Visitor Hours
CHIS,1993,11,TRV,13349,Rec Visits,rec_visits,Total Recreation Visits
CHIS,1993,11,TNRV,4449,Non-Rec Visits,non_rec_visits,Total Non-Recreation Visits
CHIS,1993,11,TV,17798,Total Visits,total_visits,Total Visits (Recreation + Non-Recreation)
CHIS,1993,11,TRVH,144712,Rec Hrs,rec_hrs,Total Recreation Visitor Hours
CHIS,1993,11,TH,251508,Total Hrs,total_hrs,Total Hours (Recreation + Non-Recreation)
CHIS,1993,11,CL,0,Conc Lodging,conc_lodging,Concessioner Lodging Overnight Stays
CHIS,1993,11,CCG,0,Conc Camp,conc_camp,Concessioner Campground Overnight Stays
CHIS,1993,11,TT,0,Tent Camp,tent_camp,Tent Camping Overnight Stays (NPS)
CHIS,1993,11,TRVS,0,Rec Stays,rec_stays,Total Recreation Overnight Stays
CHIS,1993,11,TTRV,0,Tent & RV,tent_rv,Total Tent and RV Camping Stays
CHIS,1993,11,BC,55,Backcountry,backcountry,Backcountry Camping Overnight Stays
CHIS,1993,11,MISC,2346,Misc Stays,misc_stays,Miscellaneous Overnight Stays
CHIS,1993,11,NROS,2087,Non-Rec Stays,non_rec_stays,Non-Recreation Overnight Stays
CHIS,1993,11,TOS,4488,Total Stays,total_stays,Total Overnight Stays
CHIS,1993,11,TNRVH,106796,Non-Rec Hrs,non_rec_hrs,Total Non-Recreation Visitor Hours
CHIS,1993,12,TRV,8477,Rec Visits,rec_visits,Total Recreation Visits
CHIS,1993,12,TNRV,2825,Non-Rec Visits,non_rec_visits,Total Non-Recreation Visits
CHIS,1993,12,TV,11302,Total Visits,total_visits,Total Visits (Recreation + Non-Recreation)
CHIS,1993,12,TRVH,89828,Rec Hrs,rec_hrs,Total Recreation Visitor Hours
CHIS,1993,12,TH,157651,Total Hrs,total_hrs,Total Hours (Recreation + Non-Recreation)
CHIS,1993,12,CL,0,Conc Lodging,conc_lodging,Concessioner Lodging Overnight Stays
CHIS,1993,12,CCG,0,Conc Camp,conc_camp,Concessioner Campground Overnight Stays
CHIS,1993,12,TT,0,Tent Camp,tent_camp,Tent Camping Overnight Stays (NPS)
CHIS,1993,12,TRVS,0,Rec Stays,rec_stays,Total Recreation Overnight Stays
CHIS,1993,12,TTRV,0,Tent & RV,tent_rv,Total Tent and RV Camping Stays
CHIS,1993,12,BC,10,Backcountry,backcountry,Backcountry Camping Overnight Stays
CHIS,1993,12,MISC,1495,Misc Stays,misc_stays,Miscellaneous Overnight Stays
CHIS,1993,12,NROS,1280,Non-Rec Stays,non_rec_stays,Non-Recreation Overnight Stays
CHIS,1993,12,TOS,2785,Total Stays,total_stays,Total Overnight Stays
CHIS,1993,12,TNRVH,67823,Non-Rec Hrs,non_rec_hrs,Total Non-Recreation Visitor Hours
CHIS,1994,1,TRV,16233,Rec Visits,rec_visits,Total Recreation Visits
CHIS,1994,1,TNRV,1445,Non-Rec Visits,non_rec_visits,Total Non-Recreation Visits
CHIS,1994,1,TV,17678,Total Visits,total_visits,Total Visits (Recreation + Non-Recreation)
CHIS,1994,1,TRVH,112983,Rec Hrs,rec_hrs,Total Recreation Visitor Hours
CHIS,1994,1,TH,147669,Total Hrs,total_hrs,Total Hours (Recreation + Non-Recreation)
CHIS,1994,1,CL,0,Conc Lodging,conc_lodging,Concessioner Lodging Overnight Stays
CHIS,1994,1,CCG,0,Conc Camp,conc_camp,Concessioner Campground Overnight Stays
CHIS,1994,1,TT,0,Tent Camp,tent_camp,Tent Camping Overnight Stays (NPS)
CHIS,1994,1,TRVS,0,Rec Stays,rec_stays,Total Recreation Overnight Stays
CHIS,1994,1,TTRV,0,Tent & RV,tent_rv,Total Tent and RV Camping Stays
CHIS,1994,1,BC,28,Backcountry,backcountry,Backcountry Camping Overnight Stays
CHIS,1994,1,MISC,1867,Misc Stays,misc_stays,Miscellaneous Overnight Stays
CHIS,1994,1,NROS,1788,Non-Rec Stays,non_rec_stays,Non-Recreation Overnight Stays
CHIS,1994,1,TOS,3683,Total Stays,total_stays,Total Overnight Stays
CHIS,1994,1,TNRVH,34686,Non-Rec Hrs,non_rec_hrs,Total Non-Recreation Visitor Hours
CHIS,1994,2,TRV,9889,Rec Visits,rec_visits,Total Recreation Visits
CHIS,1994,2,TNRV,3296,Non-Rec Visits,non_rec_visits,Total Non-Recreation Visits
CHIS,1994,2,TV,13185,Total Visits,total_visits,Total Visits (Recreation + Non-Recreation)
CHIS,1994,2,TRVH,105133,Rec Hrs,rec_hrs,Total Recreation Visitor Hours
CHIS,1994,2,TH,184252,Total Hrs,total_hrs,Total Hours (Recreation + Non-Recreation)
CHIS,1994,2,CL,0,Conc Lodging,conc_lodging,Concessioner Lodging Overnight Stays
CHIS,1994,2,CCG,0,Conc Camp,conc_camp,Concessioner Campground Overnight Stays
CHIS,1994,2,TT,0,Tent Camp,tent_camp,Tent Camping Overnight Stays (NPS)
CHIS,1994,2,TRVS,0,Rec Stays,rec_stays,Total Recreation Overnight Stays
CHIS,1994,2,TTRV,0,Tent & RV,tent_rv,Total Tent and RV Camping Stays
CHIS,1994,2,BC,28,Backcountry,backcountry,Backcountry Camping Overnight Stays
CHIS,1994,2,MISC,1716,Misc Stays,misc_stays,Miscellaneous Overnight Stays
CHIS,1994,2,NROS,1534,Non-Rec Stays,non_rec_stays,Non-Recreation Overnight Stays
CHIS,1994,2,TOS,3278,Total Stays,total_stays,Total Overnight Stays
CHIS,1994,2,TNRVH,79119,Non-Rec Hrs,non_rec_hrs,Total Non-Recreation Visitor Hours
CHIS,1994,3,TRV,10897,Rec Visits,rec_visits,Total Recreation Visits
CHIS,1994,3,TNRV,3632,Non-Rec Visits,non_rec_visits,Total Non-Recreation Visits
CHIS,1994,3,TV,14529,Total Visits,total_visits,Total Visits (Recreation + Non-Recreation)
CHIS,1994,3,TRVH,121353,Rec Hrs,rec_hrs,Total Recreation Visitor Hours
CHIS,1994,3,TH,208533,Total Hrs,total_hrs,Total Hours (Recreation + Non-Recreation)
CHIS,1994,3,CL,0,Conc Lodging,conc_lodging,Concessioner Lodging Overnight Stays
CHIS,1994,3,CCG,0,Conc Camp,conc_camp,Concessioner Campground Overnight Stays
CHIS,1994,3,TT,0,Tent Camp,tent_camp,Tent Camping Overnight Stays (NPS)
CHIS,1994,3,TRVS,0,Rec Stays,rec_stays,Total Recreation Overnight Stays
CHIS,1994,3,TTRV,0,Tent & RV,tent_rv,Total Tent and RV Camping Stays
CHIS,1994,3,BC,68,Backcountry,backcountry,Backcountry Camping Overnight Stays
CHIS,1994,3,MISC,2019,Misc Stays,misc_stays,Miscellaneous Overnight Stays
CHIS,1994,3,NROS,1761,Non-Rec Stays,non_rec_stays,Non-Recreation Overnight Stays
CHIS,1994,3,TOS,3848,Total Stays,total_stays,Total Overnight Stays
CHIS,1994,3,TNRVH,87180,Non-Rec Hrs,non_rec_hrs,Total Non-Recreation Visitor Hours
CHIS,1994,4,TRV,14224,Rec Visits,rec_visits,Total Recreation Visits
CHIS,1994,4,TNRV,4741,Non-Rec Visits,non_rec_visits,Total Non-Recreation Visits
CHIS,1994,4,TV,18965,Total Visits,total_visits,Total Visits (Recreation + Non-Recreation)
CHIS,1994,4,TRVH,159968,Rec Hrs,rec_hrs,Total Recreation Visitor Hours
CHIS,1994,4,TH,273764,Total Hrs,total_hrs,Total Hours (Recreation + Non-Recreation)
CHIS,1994,4,CL,0,Conc Lodging,conc_lodging,Concessioner Lodging Overnight Stays
CHIS,1994,4,CCG,0,Conc Camp,conc_camp,Concessioner Campground Overnight Stays
CHIS,1994,4,TT,0,Tent Camp,tent_camp,Tent Camping Overnight Stays (NPS)
CHIS,1994,4,TRVS,0,Rec Stays,rec_stays,Total Recreation Overnight Stays
CHIS,1994,4,TTRV,0,Tent & RV,tent_rv,Total Tent and RV Camping Stays
CHIS,1994,4,BC,153,Backcountry,backcountry,Backcountry Camping Overnight Stays
CHIS,1994,4,MISC,2669,Misc Stays,misc_stays,Miscellaneous Overnight Stays
CHIS,1994,4,NROS,2263,Non-Rec Stays,non_rec_stays,Non-Recreation Overnight Stays
CHIS,1994,4,TOS,5085,Total Stays,total_stays,Total Overnight Stays
CHIS,1994,4,TNRVH,113796,Non-Rec Hrs,non_rec_hrs,Total Non-Recreation Visitor Hours
CHIS,1994,5,TRV,10717,Rec Visits,rec_visits,Total Recreation Visits
CHIS,1994,5,TNRV,3572,Non-Rec Visits,non_rec_visits,Total Non-Recreation Visits
CHIS,1994,5,TV,14289,Total Visits,total_visits,Total Visits (Recreation + Non-Recreation)
CHIS,1994,5,TRVH,115559,Rec Hrs,rec_hrs,Total Recreation Visitor Hours
CHIS,1994,5,TH,201298,Total Hrs,total_hrs,Total Hours (Recreation + Non-Recreation)
CHIS,1994,5,CL,0,Conc Lodging,conc_lodging,Concessioner Lodging Overnight Stays
CHIS,1994,5,CCG,0,Conc Camp,conc_camp,Concessioner Campground Overnight Stays
CHIS,1994,5,TT,0,Tent Camp,tent_camp,Tent Camping Overnight Stays (NPS)
CHIS,1994,5,TRVS,0,Rec Stays,rec_stays,Total Recreation Overnight Stays
CHIS,1994,5,TTRV,0,Tent & RV,tent_rv,Total Tent and RV Camping Stays
CHIS,1994,5,BC,84,Backcountry,backcountry,Backcountry Camping Overnight Stays
CHIS,1994,5,MISC,1839,Misc Stays,misc_stays,Miscellaneous Overnight Stays
CHIS,1994,5,NROS,1919,Non-Rec Stays,non_rec_stays,Non-Recreation Overnight Stays
CHIS,1994,5,TOS,3842,Total Stays,total_stays,Total Overnight Stays
CHIS,1994,5,TNRVH,85739,Non-Rec Hrs,non_rec_hrs,Total Non-Recreation Visitor Hours
CHIS,1994,6,TRV,12325,Rec Visits,rec_visits,Total Recreation Visits
CHIS,1994,6,TNRV,4108,Non-Rec Visits,non_rec_visits,Total Non-Recreation Visits
CHIS,1994,6,TV,16433,Total Visits,total_visits,Total Visits (Recreation + Non-Recreation)
CHIS,1994,6,TRVH,139036,Rec Hrs,rec_hrs,Total Recreation Visitor Hours
CHIS,1994,6,TH,237641,Total Hrs,total_hrs,Total Hours (Recreation + Non-Recreation)
CHIS,1994,6,CL,0,Conc Lodging,conc_lodging,Concessioner Lodging Overnight Stays
CHIS,1994,6,CCG,0,Conc Camp,conc_camp,Concessioner Campground Overnight Stays
CHIS,1994,6,TT,0,Tent Camp,tent_camp,Tent Camping Overnight Stays (NPS)
CHIS,1994,6,TRVS,0,Rec Stays,rec_stays,Total Recreation Overnight Stays
CHIS,1994,6,TTRV,0,Tent & RV,tent_rv,Total Tent and RV Camping Stays
CHIS,1994,6,BC,154,Backcountry,backcountry,Backcountry Camping Overnight Stays
CHIS,1994,6,MISC,2263,Misc Stays,misc_stays,Miscellaneous Overnight Stays
CHIS,1994,6,NROS,1904,Non-Rec Stays,non_rec_stays,Non-Recreation Overnight Stays
CHIS,1994,6,TOS,4321,Total Stays,total_stays,Total Overnight Stays
CHIS,1994,6,TNRVH,98605,Non-Rec Hrs,non_rec_hrs,Total Non-Recreation Visitor Hours
CHIS,1994,7,TRV,23520,Rec Visits,rec_visits,Total Recreation Visits
CHIS,1994,7,TNRV,7840,Non-Rec Visits,non_rec_visits,Total Non-Recreation Visits
CHIS,1994,7,TV,31360,Total Visits,total_visits,Total Visits (Recreation + Non-Recreation)
CHIS,1994,7,TRVH,261624,Rec Hrs,rec_hrs,Total Recreation Visitor Hours
CHIS,1994,7,TH,449786,Total Hrs,total_hrs,Total Hours (Recreation + Non-Recreation)
CHIS,1994,7,CL,0,Conc Lodging,conc_lodging,Concessioner Lodging Overnight Stays
CHIS,1994,7,CCG,0,Conc Camp,conc_camp,Concessioner Campground Overnight Stays
CHIS,1994,7,TT,0,Tent Camp,tent_camp,Tent Camping Overnight Stays (NPS)
CHIS,1994,7,TRVS,0,Rec Stays,rec_stays,Total Recreation Overnight Stays
CHIS,1994,7,TTRV,0,Tent & RV,tent_rv,Total Tent and RV Camping Stays
CHIS,1994,7,BC,292,Backcountry,backcountry,Backcountry Camping Overnight Stays
CHIS,1994,7,MISC,4306,Misc Stays,misc_stays,Miscellaneous Overnight Stays
CHIS,1994,7,NROS,3720,Non-Rec Stays,non_rec_stays,Non-Recreation Overnight Stays
CHIS,1994,7,TOS,8318,Total Stays,total_stays,Total Overnight Stays
CHIS,1994,7,TNRVH,188162,Non-Rec Hrs,non_rec_hrs,Total Non-Recreation Visitor Hours
CHIS,1994,8,TRV,25357,Rec Visits,rec_visits,Total Recreation Visits
CHIS,1994,8,TNRV,8452,Non-Rec Visits,non_rec_visits,Total Non-Recreation Visits
CHIS,1994,8,TV,33809,Total Visits,total_visits,Total Visits (Recreation + Non-Recreation)
CHIS,1994,8,TRVH,310403,Rec Hrs,rec_hrs,Total Recreation Visitor Hours
CHIS,1994,8,TH,513264,Total Hrs,total_hrs,Total Hours (Recreation + Non-Recreation)
CHIS,1994,8,CL,0,Conc Lodging,conc_lodging,Concessioner Lodging Overnight Stays
CHIS,1994,8,CCG,0,Conc Camp,conc_camp,Concessioner Campground Overnight Stays
CHIS,1994,8,TT,0,Tent Camp,tent_camp,Tent Camping Overnight Stays (NPS)
CHIS,1994,8,TRVS,0,Rec Stays,rec_stays,Total Recreation Overnight Stays
CHIS,1994,8,TTRV,0,Tent & RV,tent_rv,Total Tent and RV Camping Stays
CHIS,1994,8,BC,317,Backcountry,backcountry,Backcountry Camping Overnight Stays
CHIS,1994,8,MISC,5066,Misc Stays,misc_stays,Miscellaneous Overnight Stays
CHIS,1994,8,NROS,4302,Non-Rec Stays,non_rec_stays,Non-Recreation Overnight Stays
CHIS,1994,8,TOS,9685,Total Stays,total_stays,Total Overnight Stays
CHIS,1994,8,TNRVH,202861,Non-Rec Hrs,non_rec_hrs,Total Non-Recreation Visitor Hours
CHIS,1994,9,TRV,17069,Rec Visits,rec_visits,Total Recreation Visits
CHIS,1994,9,TNRV,5689,Non-Rec Visits,non_rec_visits,Total Non-Recreation Visits
CHIS,1994,9,TV,22758,Total Visits,total_visits,Total Visits (Recreation + Non-Recreation)
CHIS,1994,9,TRVH,188837,Rec Hrs,rec_hrs,Total Recreation Visitor Hours
CHIS,1994,9,TH,325395,Total Hrs,total_hrs,Total Hours (Recreation + Non-Recreation)
CHIS,1994,9,CL,0,Conc Lodging,conc_lodging,Concessioner Lodging Overnight Stays
CHIS,1994,9,CCG,0,Conc Camp,conc_camp,Concessioner Campground Overnight Stays
CHIS,1994,9,TT,0,Tent Camp,tent_camp,Tent Camping Overnight Stays (NPS)
CHIS,1994,9,TRVS,0,Rec Stays,rec_stays,Total Recreation Overnight Stays
CHIS,1994,9,TTRV,0,Tent & RV,tent_rv,Total Tent and RV Camping Stays
CHIS,1994,9,BC,191,Backcountry,backcountry,Backcountry Camping Overnight Stays
CHIS,1994,9,MISC,3172,Misc Stays,misc_stays,Miscellaneous Overnight Stays
CHIS,1994,9,NROS,2798,Non-Rec Stays,non_rec_stays,Non-Recreation Overnight Stays
CHIS,1994,9,TOS,6161,Total Stays,total_stays,Total Overnight Stays
CHIS,1994,9,TNRVH,136558,Non-Rec Hrs,non_rec_hrs,Total Non-Recreation Visitor Hours
CHIS,1994,10,TRV,15732,Rec Visits,rec_visits,Total Recreation Visits
CHIS,1994,10,TNRV,5244,Non-Rec Visits,non_rec_visits,Total Non-Recreation Visits
CHIS,1994,10,TV,20976,Total Visits,total_visits,Total Visits (Recreation + Non-Recreation)
CHIS,1994,10,TRVH,171507,Rec Hrs,rec_hrs,Total Recreation Visitor Hours
CHIS,1994,10,TH,297367,Total Hrs,total_hrs,Total Hours (Recreation + Non-Recreation)
CHIS,1994,10,CL,0,Conc Lodging,conc_lodging,Concessioner Lodging Overnight Stays
CHIS,1994,10,CCG,0,Conc Camp,conc_camp,Concessioner Campground Overnight Stays
CHIS,1994,10,TT,0,Tent Camp,tent_camp,Tent Camping Overnight Stays (NPS)
CHIS,1994,10,TRVS,0,Rec Stays,rec_stays,Total Recreation Overnight Stays
CHIS,1994,10,TTRV,0,Tent & RV,tent_rv,Total Tent and RV Camping Stays
CHIS,1994,10,BC,169,Backcountry,backcountry,Backcountry Camping Overnight Stays
CHIS,1994,10,MISC,2810,Misc Stays,misc_stays,Miscellaneous Overnight Stays
CHIS,1994,10,NROS,2793,Non-Rec Stays,non_rec_stays,Non-Recreation Overnight Stays
CHIS,1994,10,TOS,5772,Total Stays,total_stays,Total Overnight Stays
CHIS,1994,10,TNRVH,125860,Non-Rec Hrs,non_rec_hrs,Total Non-Recreation Visitor Hours
CHIS,1994,11,TRV,10057,Rec Visits,rec_visits,Total Recreation Visits
CHIS,1994,11,TNRV,3352,Non-Rec Visits,non_rec_visits,Total Non-Recreation Visits
CHIS,1994,11,TV,13409,Total Visits,total_visits,Total Visits (Recreation + Non-Recreation)
CHIS,1994,11,TRVH,110341,Rec Hrs,rec_hrs,Total Recreation Visitor Hours
CHIS,1994,11,TH,190802,Total Hrs,total_hrs,Total Hours (Recreation + Non-Recreation)
CHIS,1994,11,CL,0,Conc Lodging,conc_lodging,Concessioner Lodging Overnight Stays
CHIS,1994,11,CCG,0,Conc Camp,conc_camp,Concessioner Campground Overnight Stays
CHIS,1994,11,TT,0,Tent Camp,tent_camp,Tent Camping Overnight Stays (NPS)
CHIS,1994,11,TRVS,0,Rec Stays,rec_stays,Total Recreation Overnight Stays
CHIS,1994,11,TTRV,0,Tent & RV,tent_rv,Total Tent and RV Camping Stays
CHIS,1994,11,BC,55,Backcountry,backcountry,Backcountry Camping Overnight Stays
CHIS,1994,11,MISC,1765,Misc Stays,misc_stays,Miscellaneous Overnight Stays
CHIS,1994,11,NROS,1528,Non-Rec Stays,non_rec_stays,Non-Recreation Overnight Stays
CHIS,1994,11,TOS,3348,Total Stays,total_stays,Total Overnight Stays
CHIS,1994,11,TNRVH,80461,Non-Rec Hrs,non_rec_hrs,Total Non-Recreation Visitor Hours
CHIS,1994,12,TRV,9206,Rec Visits,rec_visits,Total Recreation Visits
CHIS,1994,12,TNRV,3068,Non-Rec Visits,non_rec_visits,Total Non-Recreation Visits
CHIS,1994,12,TV,12274,Total Visits,total_visits,Total Visits (Recreation + Non-Recreation)
CHIS,1994,12,TRVH,98844,Rec Hrs,rec_hrs,Total Recreation Visitor Hours
CHIS,1994,12,TH,172492,Total Hrs,total_hrs,Total Hours (Recreation + Non-Recreation)
CHIS,1994,12,CL,0,Conc Lodging,conc_lodging,Concessioner Lodging Overnight Stays
CHIS,1994,12,CCG,0,Conc Camp,conc_camp,Concessioner Campground Overnight Stays
CHIS,1994,12,TT,0,Tent Camp,tent_camp,Tent Camping Overnight Stays (NPS)
CHIS,1994,12,TRVS,0,Rec Stays,rec_stays,Total Recreation Overnight Stays
CHIS,1994,12,TTRV,0,Tent & RV,tent_rv,Total Tent and RV Camping Stays
CHIS,1994,12,BC,14,Backcountry,backcountry,Backcountry Camping Overnight Stays
CHIS,1994,12,MISC,1553,Misc Stays,misc_stays,Miscellaneous Overnight Stays
CHIS,1994,12,NROS,1210,Non-Rec Stays,non_rec_stays,Non-Recreation Overnight Stays
CHIS,1994,12,TOS,2777,Total Stays,total_stays,Total Overnight Stays
CHIS,1994,12,TNRVH,73648,Non-Rec Hrs,non_rec_hrs,Total Non-Recreation Visitor Hours
CHIS,1995,1,TRV,17214,Rec Visits,rec_visits,Total Recreation Visits
CHIS,1995,1,TNRV,1435,Non-Rec Visits,non_rec_visits,Total Non-Recreation Visits
CHIS,1995,1,TV,18649,Total Visits,total_visits,Total Visits (Recreation + Non-Recreation)
CHIS,1995,1,TRVH,129533,Rec Hrs,rec_hrs,Total Recreation Visitor Hours
CHIS,1995,1,TH,163973,Total Hrs,total_hrs,Total Hours (Recreation + Non-Recreation)
CHIS,1995,1,CL,0,Conc Lodging,conc_lodging,Concessioner Lodging Overnight Stays
CHIS,1995,1,CCG,0,Conc Camp,conc_camp,Concessioner Campground Overnight Stays
CHIS,1995,1,TT,0,Tent Camp,tent_camp,Tent Camping Overnight Stays (NPS)
CHIS,1995,1,TRVS,0,Rec Stays,rec_stays,Total Recreation Overnight Stays
CHIS,1995,1,TTRV,0,Tent & RV,tent_rv,Total Tent and RV Camping Stays
CHIS,1995,1,BC,0,Backcountry,backcountry,Backcountry Camping Overnight Stays
CHIS,1995,1,MISC,4037,Misc Stays,misc_stays,Miscellaneous Overnight Stays
CHIS,1995,1,NROS,2268,Non-Rec Stays,non_rec_stays,Non-Recreation Overnight Stays
CHIS,1995,1,TOS,6305,Total Stays,total_stays,Total Overnight Stays
CHIS,1995,1,TNRVH,34440,Non-Rec Hrs,non_rec_hrs,Total Non-Recreation Visitor Hours
CHIS,1995,2,TRV,31442,Rec Visits,rec_visits,Total Recreation Visits
CHIS,1995,2,TNRV,2899,Non-Rec Visits,non_rec_visits,Total Non-Recreation Visits
CHIS,1995,2,TV,34341,Total Visits,total_visits,Total Visits (Recreation + Non-Recreation)
CHIS,1995,2,TRVH,382910,Rec Hrs,rec_hrs,Total Recreation Visitor Hours
CHIS,1995,2,TH,452486,Total Hrs,total_hrs,Total Hours (Recreation + Non-Recreation)
CHIS,1995,2,CL,0,Conc Lodging,conc_lodging,Concessioner Lodging Overnight Stays
CHIS,1995,2,CCG,0,Conc Camp,conc_camp,Concessioner Campground Overnight Stays
CHIS,1995,2,TT,0,Tent Camp,tent_camp,Tent Camping Overnight Stays (NPS)
CHIS,1995,2,TRVS,0,Rec Stays,rec_stays,Total Recreation Overnight Stays
CHIS,1995,2,TTRV,0,Tent & RV,tent_rv,Total Tent and RV Camping Stays
CHIS,1995,2,BC,108,Backcountry,backcountry,Backcountry Camping Overnight Stays
CHIS,1995,2,MISC,5229,Misc Stays,misc_stays,Miscellaneous Overnight Stays
CHIS,1995,2,NROS,6665,Non-Rec Stays,non_rec_stays,Non-Recreation Overnight Stays
CHIS,1995,2,TOS,12002,Total Stays,total_stays,Total Overnight Stays
CHIS,1995,2,TNRVH,69576,Non-Rec Hrs,non_rec_hrs,Total Non-Recreation Visitor Hours
CHIS,1995,3,TRV,35350,Rec Visits,rec_visits,Total Recreation Visits
CHIS,1995,3,TNRV,2464,Non-Rec Visits,non_rec_visits,Total Non-Recreation Visits
CHIS,1995,3,TV,37814,Total Visits,total_visits,Total Visits (Recreation + Non-Recreation)
CHIS,1995,3,TRVH,400070,Rec Hrs,rec_hrs,Total Recreation Visitor Hours
CHIS,1995,3,TH,459206,Total Hrs,total_hrs,Total Hours (Recreation + Non-Recreation)
CHIS,1995,3,CL,0,Conc Lodging,conc_lodging,Concessioner Lodging Overnight Stays
CHIS,1995,3,CCG,0,Conc Camp,conc_camp,Concessioner Campground Overnight Stays
CHIS,1995,3,TT,0,Tent Camp,tent_camp,Tent Camping Overnight Stays (NPS)
CHIS,1995,3,TRVS,0,Rec Stays,rec_stays,Total Recreation Overnight Stays
CHIS,1995,3,TTRV,0,Tent & RV,tent_rv,Total Tent and RV Camping Stays
CHIS,1995,3,BC,173,Backcountry,backcountry,Backcountry Camping Overnight Stays
CHIS,1995,3,MISC,3492,Misc Stays,misc_stays,Miscellaneous Overnight Stays
CHIS,1995,3,NROS,4077,Non-Rec Stays,non_rec_stays,Non-Recreation Overnight Stays
CHIS,1995,3,TOS,7742,Total Stays,total_stays,Total Overnight Stays
CHIS,1995,3,TNRVH,59136,Non-Rec Hrs,non_rec_hrs,Total Non-Recreation Visitor Hours
CHIS,1995,4,TRV,38046,Rec Visits,rec_visits,Total Recreation Visits
CHIS,1995,4,TNRV,2636,Non-Rec Visits,non_rec_visits,Total Non-Recreation Visits
CHIS,1995,4,TV,40682,Total Visits,total_visits,Total Visits (Recreation + Non-Recreation)
CHIS,1995,4,TRVH,439897,Rec Hrs,rec_hrs,Total Recreation Visitor Hours
CHIS,1995,4,TH,503161,Total Hrs,total_hrs,Total Hours (Recreation + Non-Recreation)
CHIS,1995,4,CL,0,Conc Lodging,conc_lodging,Concessioner Lodging Overnight Stays
CHIS,1995,4,CCG,0,Conc Camp,conc_camp,Concessioner Campground Overnight Stays
CHIS,1995,4,TT,0,Tent Camp,tent_camp,Tent Camping Overnight Stays (NPS)
CHIS,1995,4,TRVS,0,Rec Stays,rec_stays,Total Recreation Overnight Stays
CHIS,1995,4,TTRV,0,Tent & RV,tent_rv,Total Tent and RV Camping Stays
CHIS,1995,4,BC,671,Backcountry,backcountry,Backcountry Camping Overnight Stays
CHIS,1995,4,MISC,5729,Misc Stays,misc_stays,Miscellaneous Overnight Stays
CHIS,1995,4,NROS,4617,Non-Rec Stays,non_rec_stays,Non-Recreation Overnight Stays
CHIS,1995,4,TOS,11017,Total Stays,total_stays,Total Overnight Stays
CHIS,1995,4,TNRVH,63264,Non-Rec Hrs,non_rec_hrs,Total Non-Recreation Visitor Hours
CHIS,1995,5,TRV,37915,Rec Visits,rec_visits,Total Recreation Visits
CHIS,1995,5,TNRV,3124,Non-Rec Visits,non_rec_visits,Total Non-Recreation Visits
CHIS,1995,5,TV,41039,Total Visits,total_visits,Total Visits (Recreation + Non-Recreation)
CHIS,1995,5,TRVH,466955,Rec Hrs,rec_hrs,Total Recreation Visitor Hours
CHIS,1995,5,TH,541931,Total Hrs,total_hrs,Total Hours (Recreation + Non-Recreation)
CHIS,1995,5,CL,0,Conc Lodging,conc_lodging,Concessioner Lodging Overnight Stays
CHIS,1995,5,CCG,0,Conc Camp,conc_camp,Concessioner Campground Overnight Stays
CHIS,1995,5,TT,0,Tent Camp,tent_camp,Tent Camping Overnight Stays (NPS)
CHIS,1995,5,TRVS,0,Rec Stays,rec_stays,Total Recreation Overnight Stays
CHIS,1995,5,TTRV,0,Tent & RV,tent_rv,Total Tent and RV Camping Stays
CHIS,1995,5,BC,550,Backcountry,backcountry,Backcountry Camping Overnight Stays
CHIS,1995,5,MISC,7223,Misc Stays,misc_stays,Miscellaneous Overnight Stays
CHIS,1995,5,NROS,5450,Non-Rec Stays,non_rec_stays,Non-Recreation Overnight Stays
CHIS,1995,5,TOS,13223,Total Stays,total_stays,Total Overnight Stays
CHIS,1995,5,TNRVH,74976,Non-Rec Hrs,non_rec_hrs,Total Non-Recreation Visitor Hours
CHIS,1995,6,TRV,39637,Rec Visits,rec_visits,Total Recreation Visits
CHIS,1995,6,TNRV,2522,Non-Rec Visits,non_rec_visits,Total Non-Recreation Visits
CHIS,1995,6,TV,42159,Total Visits,total_visits,Total Visits (Recreation + Non-Recreation)
CHIS,1995,6,TRVH,431999,Rec Hrs,rec_hrs,Total Recreation Visitor Hours
CHIS,1995,6,TH,492527,Total Hrs,total_hrs,Total Hours (Recreation + Non-Recreation)
CHIS,1995,6,CL,0,Conc Lodging,conc_lodging,Concessioner Lodging Overnight Stays
CHIS,1995,6,CCG,0,Conc Camp,conc_camp,Concessioner Campground Overnight Stays
CHIS,1995,6,TT,0,Tent Camp,tent_camp,Tent Camping Overnight Stays (NPS)
CHIS,1995,6,TRVS,0,Rec Stays,rec_stays,Total Recreation Overnight Stays
CHIS,1995,6,TTRV,0,Tent & RV,tent_rv,Total Tent and RV Camping Stays
CHIS,1995,6,BC,641,Backcountry,backcountry,Backcountry Camping Overnight Stays
CHIS,1995,6,MISC,6710,Misc Stays,misc_stays,Miscellaneous Overnight Stays
CHIS,1995,6,NROS,4145,Non-Rec Stays,non_rec_stays,Non-Recreation Overnight Stays
CHIS,1995,6,TOS,11496,Total Stays,total_stays,Total Overnight Stays
CHIS,1995,6,TNRVH,60528,Non-Rec Hrs,non_rec_hrs,Total Non-Recreation Visitor Hours
CHIS,1995,7,TRV,72446,Rec Visits,rec_visits,Total Recreation Visits
CHIS,1995,7,TNRV,8063,Non-Rec Visits,non_rec_visits,Total Non-Recreation Visits
CHIS,1995,7,TV,80509,Total Visits,total_visits,Total Visits (Recreation + Non-Recreation)
CHIS,1995,7,TRVH,980522,Rec Hrs,rec_hrs,Total Recreation Visitor Hours
CHIS,1995,7,TH,1174034,Total Hrs,total_hrs,Total Hours (Recreation + Non-Recreation)
CHIS,1995,7,CL,0,Conc Lodging,conc_lodging,Concessioner Lodging Overnight Stays
CHIS,1995,7,CCG,0,Conc Camp,conc_camp,Concessioner Campground Overnight Stays
CHIS,1995,7,TT,0,Tent Camp,tent_camp,Tent Camping Overnight Stays (NPS)
CHIS,1995,7,TRVS,0,Rec Stays,rec_stays,Total Recreation Overnight Stays
CHIS,1995,7,TTRV,0,Tent & RV,tent_rv,Total Tent and RV Camping Stays
CHIS,1995,7,BC,1065,Backcountry,backcountry,Backcountry Camping Overnight Stays
CHIS,1995,7,MISC,15269,Misc Stays,misc_stays,Miscellaneous Overnight Stays
CHIS,1995,7,NROS,5508,Non-Rec Stays,non_rec_stays,Non-Recreation Overnight Stays
CHIS,1995,7,TOS,21842,Total Stays,total_stays,Total Overnight Stays
CHIS,1995,7,TNRVH,193512,Non-Rec Hrs,non_rec_hrs,Total Non-Recreation Visitor Hours
CHIS,1995,8,TRV,98958,Rec Visits,rec_visits,Total Recreation Visits
CHIS,1995,8,TNRV,2939,Non-Rec Visits,non_rec_visits,Total Non-Recreation Visits
CHIS,1995,8,TV,101897,Total Visits,total_visits,Total Visits (Recreation + Non-Recreation)
CHIS,1995,8,TRVH,1160528,Rec Hrs,rec_hrs,Total Recreation Visitor Hours
CHIS,1995,8,TH,1231064,Total Hrs,total_hrs,Total Hours (Recreation + Non-Recreation)
CHIS,1995,8,CL,0,Conc Lodging,conc_lodging,Concessioner Lodging Overnight Stays
CHIS,1995,8,CCG,0,Conc Camp,conc_camp,Concessioner Campground Overnight Stays
CHIS,1995,8,TT,0,Tent Camp,tent_camp,Tent Camping Overnight Stays (NPS)
CHIS,1995,8,TRVS,0,Rec Stays,rec_stays,Total Recreation Overnight Stays
CHIS,1995,8,TTRV,0,Tent & RV,tent_rv,Total Tent and RV Camping Stays
CHIS,1995,8,BC,936,Backcountry,backcountry,Backcountry Camping Overnight Stays
CHIS,1995,8,MISC,15444,Misc Stays,misc_stays,Miscellaneous Overnight Stays
CHIS,1995,8,NROS,4064,Non-Rec Stays,non_rec_stays,Non-Recreation Overnight Stays
CHIS,1995,8,TOS,20444,Total Stays,total_stays,Total Overnight Stays
CHIS,1995,8,TNRVH,70536,Non-Rec Hrs,non_rec_hrs,Total Non-Recreation Visitor Hours
CHIS,1995,9,TRV,53242,Rec Visits,rec_visits,Total Recreation Visits
CHIS,1995,9,TNRV,2572,Non-Rec Visits,non_rec_visits,Total Non-Recreation Visits
CHIS,1995,9,TV,55814,Total Visits,total_visits,Total Visits (Recreation + Non-Recreation)
CHIS,1995,9,TRVH,828362,Rec Hrs,rec_hrs,Total Recreation Visitor Hours
CHIS,1995,9,TH,890090,Total Hrs,total_hrs,Total Hours (Recreation + Non-Recreation)
CHIS,1995,9,CL,0,Conc Lodging,conc_lodging,Concessioner Lodging Overnight Stays
CHIS,1995,9,CCG,0,Conc Camp,conc_camp,Concessioner Campground Overnight Stays
CHIS,1995,9,TT,0,Tent Camp,tent_camp,Tent Camping Overnight Stays (NPS)
CHIS,1995,9,TRVS,0,Rec Stays,rec_stays,Total Recreation Overnight Stays
CHIS,1995,9,TTRV,0,Tent & RV,tent_rv,Total Tent and RV Camping Stays
CHIS,1995,9,BC,737,Backcountry,backcountry,Backcountry Camping Overnight Stays
CHIS,1995,9,MISC,14202,Misc Stays,misc_stays,Miscellaneous Overnight Stays
CHIS,1995,9,NROS,3474,Non-Rec Stays,non_rec_stays,Non-Recreation Overnight Stays
CHIS,1995,9,TOS,18413,Total Stays,total_stays,Total Overnight Stays
CHIS,1995,9,TNRVH,61728,Non-Rec Hrs,non_rec_hrs,Total Non-Recreation Visitor Hours
CHIS,1995,10,TRV,47251,Rec Visits,rec_visits,Total Recreation Visits
CHIS,1995,10,TNRV,3223,Non-Rec Visits,non_rec_visits,Total Non-Recreation Visits
CHIS,1995,10,TV,50474,Total Visits,total_visits,Total Visits (Recreation + Non-Recreation)
CHIS,1995,10,TRVH,715129,Rec Hrs,rec_hrs,Total Recreation Visitor Hours
CHIS,1995,10,TH,792481,Total Hrs,total_hrs,Total Hours (Recreation + Non-Recreation)
CHIS,1995,10,CL,0,Conc Lodging,conc_lodging,Concessioner Lodging Overnight Stays
CHIS,1995,10,CCG,0,Conc Camp,conc_camp,Concessioner Campground Overnight Stays
CHIS,1995,10,TT,0,Tent Camp,tent_camp,Tent Camping Overnight Stays (NPS)
CHIS,1995,10,TRVS,0,Rec Stays,rec_stays,Total Recreation Overnight Stays
CHIS,1995,10,TTRV,0,Tent & RV,tent_rv,Total Tent and RV Camping Stays
CHIS,1995,10,BC,303,Backcountry,backcountry,Backcountry Camping Overnight Stays
CHIS,1995,10,MISC,53748,Misc Stays,misc_stays,Miscellaneous Overnight Stays
CHIS,1995,10,NROS,6444,Non-Rec Stays,non_rec_stays,Non-Recreation Overnight Stays
CHIS,1995,10,TOS,60495,Total Stays,total_stays,Total Overnight Stays
CHIS,1995,10,TNRVH,77352,Non-Rec Hrs,non_rec_hrs,Total Non-Recreation Visitor Hours
CHIS,1995,11,TRV,43371,Rec Visits,rec_visits,Total Recreation Visits
CHIS,1995,11,TNRV,2632,Non-Rec Visits,non_rec_visits,Total Non-Recreation Visits
CHIS,1995,11,TV,46003,Total Visits,total_visits,Total Visits (Recreation + Non-Recreation)
CHIS,1995,11,TRVH,735934,Rec Hrs,rec_hrs,Total Recreation Visitor Hours
CHIS,1995,11,TH,799102,Total Hrs,total_hrs,Total Hours (Recreation + Non-Recreation)
CHIS,1995,11,CL,0,Conc Lodging,conc_lodging,Concessioner Lodging Overnight Stays
CHIS,1995,11,CCG,0,Conc Camp,conc_camp,Concessioner Campground Overnight Stays
CHIS,1995,11,TT,0,Tent Camp,tent_camp,Tent Camping Overnight Stays (NPS)
CHIS,1995,11,TRVS,0,Rec Stays,rec_stays,Total Recreation Overnight Stays
CHIS,1995,11,TTRV,0,Tent & RV,tent_rv,Total Tent and RV Camping Stays
CHIS,1995,11,BC,72,Backcountry,backcountry,Backcountry Camping Overnight Stays
CHIS,1995,11,MISC,4055,Misc Stays,misc_stays,Miscellaneous Overnight Stays
CHIS,1995,11,NROS,5144,Non-Rec Stays,non_rec_stays,Non-Recreation Overnight Stays
CHIS,1995,11,TOS,9271,Total Stays,total_stays,Total Overnight Stays
CHIS,1995,11,TNRVH,63168,Non-Rec Hrs,non_rec_hrs,Total Non-Recreation Visitor Hours
CHIS,1995,12,TRV,11010,Rec Visits,rec_visits,Total Recreation Visits
CHIS,1995,12,TNRV,1449,Non-Rec Visits,non_rec_visits,Total Non-Recreation Visits
CHIS,1995,12,TV,12459,Total Visits,total_visits,Total Visits (Recreation + Non-Recreation)
CHIS,1995,12,TRVH,70405,Rec Hrs,rec_hrs,Total Recreation Visitor Hours
CHIS,1995,12,TH,105181,Total Hrs,total_hrs,Total Hours (Recreation + Non-Recreation)
CHIS,1995,12,CL,0,Conc Lodging,conc_lodging,Concessioner Lodging Overnight Stays
CHIS,1995,12,CCG,0,Conc Camp,conc_camp,Concessioner Campground Overnight Stays
CHIS,1995,12,TT,0,Tent Camp,tent_camp,Tent Camping Overnight Stays (NPS)
CHIS,1995,12,TRVS,0,Rec Stays,rec_stays,Total Recreation Overnight Stays
CHIS,1995,12,TTRV,0,Tent & RV,tent_rv,Total Tent and RV Camping Stays
CHIS,1995,12,BC,2,Backcountry,backcountry,Backcountry Camping Overnight Stays
CHIS,1995,12,MISC,1067,Misc Stays,misc_stays,Miscellaneous Overnight Stays
CHIS,1995,12,NROS,2246,Non-Rec Stays,non_rec_stays,Non-Recreation Overnight Stays
CHIS,1995,12,TOS,3315,Total Stays,total_stays,Total Overnight Stays
CHIS,1995,12,TNRVH,34776,Non-Rec Hrs,non_rec_hrs,Total Non-Recreation Visitor Hours
CHIS,1996,1,TRV,30975,Rec Visits,rec_visits,Total Recreation Visits
CHIS,1996,1,TNRV,2182,Non-Rec Visits,non_rec_visits,Total Non-Recreation Visits
CHIS,1996,1,TV,33157,Total Visits,total_visits,Total Visits (Recreation + Non-Recreation)
CHIS,1996,1,TRVH,403950,Rec Hrs,rec_hrs,Total Recreation Visitor Hours
CHIS,1996,1,TH,456318,Total Hrs,total_hrs,Total Hours (Recreation + Non-Recreation)
CHIS,1996,1,CL,0,Conc Lodging,conc_lodging,Concessioner Lodging Overnight Stays
CHIS,1996,1,CCG,0,Conc Camp,conc_camp,Concessioner Campground Overnight Stays
CHIS,1996,1,TT,0,Tent Camp,tent_camp,Tent Camping Overnight Stays (NPS)
CHIS,1996,1,TRVS,0,Rec Stays,rec_stays,Total Recreation Overnight Stays
CHIS,1996,1,TTRV,0,Tent & RV,tent_rv,Total Tent and RV Camping Stays
CHIS,1996,1,BC,17,Backcountry,backcountry,Backcountry Camping Overnight Stays
CHIS,1996,1,MISC,2885,Misc Stays,misc_stays,Miscellaneous Overnight Stays
CHIS,1996,1,NROS,3920,Non-Rec Stays,non_rec_stays,Non-Recreation Overnight Stays
CHIS,1996,1,TOS,6822,Total Stays,total_stays,Total Overnight Stays
CHIS,1996,1,TNRVH,52368,Non-Rec Hrs,non_rec_hrs,Total Non-Recreation Visitor Hours
CHIS,1996,2,TRV,33763,Rec Visits,rec_visits,Total Recreation Visits
CHIS,1996,2,TNRV,2248,Non-Rec Visits,non_rec_visits,Total Non-Recreation Visits
CHIS,1996,2,TV,36011,Total Visits,total_visits,Total Visits (Recreation + Non-Recreation)
CHIS,1996,2,TRVH,388859,Rec Hrs,rec_hrs,Total Recreation Visitor Hours
CHIS,1996,2,TH,442811,Total Hrs,total_hrs,Total Hours (Recreation + Non-Recreation)
CHIS,1996,2,CL,0,Conc Lodging,conc_lodging,Concessioner Lodging Overnight Stays
CHIS,1996,2,CCG,0,Conc Camp,conc_camp,Concessioner Campground Overnight Stays
CHIS,1996,2,TT,0,Tent Camp,tent_camp,Tent Camping Overnight Stays (NPS)
CHIS,1996,2,TRVS,0,Rec Stays,rec_stays,Total Recreation Overnight Stays
CHIS,1996,2,TTRV,0,Tent & RV,tent_rv,Total Tent and RV Camping Stays
CHIS,1996,2,BC,90,Backcountry,backcountry,Backcountry Camping Overnight Stays
CHIS,1996,2,MISC,2237,Misc Stays,misc_stays,Miscellaneous Overnight Stays
CHIS,1996,2,NROS,4023,Non-Rec Stays,non_rec_stays,Non-Recreation Overnight Stays
CHIS,1996,2,TOS,6350,Total Stays,total_stays,Total Overnight Stays
CHIS,1996,2,TNRVH,53952,Non-Rec Hrs,non_rec_hrs,Total Non-Recreation Visitor Hours
CHIS,1996,3,TRV,44735,Rec Visits,rec_visits,Total Recreation Visits
CHIS,1996,3,TNRV,2646,Non-Rec Visits,non_rec_visits,Total Non-Recreation Visits
CHIS,1996,3,TV,47381,Total Visits,total_visits,Total Visits (Recreation + Non-Recreation)
CHIS,1996,3,TRVH,424779,Rec Hrs,rec_hrs,Total Recreation Visitor Hours
CHIS,1996,3,TH,488283,Total Hrs,total_hrs,Total Hours (Recreation + Non-Recreation)
CHIS,1996,3,CL,0,Conc Lodging,conc_lodging,Concessioner Lodging Overnight Stays
CHIS,1996,3,CCG,0,Conc Camp,conc_camp,Concessioner Campground Overnight Stays
CHIS,1996,3,TT,0,Tent Camp,tent_camp,Tent Camping Overnight Stays (NPS)
CHIS,1996,3,TRVS,0,Rec Stays,rec_stays,Total Recreation Overnight Stays
CHIS,1996,3,TTRV,0,Tent & RV,tent_rv,Total Tent and RV Camping Stays
CHIS,1996,3,BC,213,Backcountry,backcountry,Backcountry Camping Overnight Stays
CHIS,1996,3,MISC,3353,Misc Stays,misc_stays,Miscellaneous Overnight Stays
CHIS,1996,3,NROS,3726,Non-Rec Stays,non_rec_stays,Non-Recreation Overnight Stays
CHIS,1996,3,TOS,7292,Total Stays,total_stays,Total Overnight Stays
CHIS,1996,3,TNRVH,63504,Non-Rec Hrs,non_rec_hrs,Total Non-Recreation Visitor Hours
CHIS,1996,4,TRV,29569,Rec Visits,rec_visits,Total Recreation Visits
CHIS,1996,4,TNRV,2428,Non-Rec Visits,non_rec_visits,Total Non-Recreation Visits
CHIS,1996,4,TV,31997,Total Visits,total_visits,Total Visits (Recreation + Non-Recreation)
CHIS,1996,4,TRVH,256955,Rec Hrs,rec_hrs,Total Recreation Visitor Hours
CHIS,1996,4,TH,315227,Total Hrs,total_hrs,Total Hours (Recreation + Non-Recreation)
CHIS,1996,4,CL,0,Conc Lodging,conc_lodging,Concessioner Lodging Overnight Stays
CHIS,1996,4,CCG,0,Conc Camp,conc_camp,Concessioner Campground Overnight Stays
CHIS,1996,4,TT,0,Tent Camp,tent_camp,Tent Camping Overnight Stays (NPS)
CHIS,1996,4,TRVS,0,Rec Stays,rec_stays,Total Recreation Overnight Stays
CHIS,1996,4,TTRV,0,Tent & RV,tent_rv,Total Tent and RV Camping Stays
CHIS,1996,4,BC,385,Backcountry,backcountry,Backcountry Camping Overnight Stays
CHIS,1996,4,MISC,2642,Misc Stays,misc_stays,Miscellaneous Overnight Stays
CHIS,1996,4,NROS,2781,Non-Rec Stays,non_rec_stays,Non-Recreation Overnight Stays
CHIS,1996,4,TOS,5808,Total Stays,total_stays,Total Overnight Stays
CHIS,1996,4,TNRVH,58272,Non-Rec Hrs,non_rec_hrs,Total Non-Recreation Visitor Hours
CHIS,1996,5,TRV,49880,Rec Visits,rec_visits,Total Recreation Visits
CHIS,1996,5,TNRV,2350,Non-Rec Visits,non_rec_visits,Total Non-Recreation Visits
CHIS,1996,5,TV,52230,Total Visits,total_visits,Total Visits (Recreation + Non-Recreation)
CHIS,1996,5,TRVH,762229,Rec Hrs,rec_hrs,Total Recreation Visitor Hours
CHIS,1996,5,TH,818629,Total Hrs,total_hrs,Total Hours (Recreation + Non-Recreation)
CHIS,1996,5,CL,0,Conc Lodging,conc_lodging,Concessioner Lodging Overnight Stays
CHIS,1996,5,CCG,0,Conc Camp,conc_camp,Concessioner Campground Overnight Stays
CHIS,1996,5,TT,0,Tent Camp,tent_camp,Tent Camping Overnight Stays (NPS)
CHIS,1996,5,TRVS,0,Rec Stays,rec_stays,Total Recreation Overnight Stays
CHIS,1996,5,TTRV,0,Tent & RV,tent_rv,Total Tent and RV Camping Stays
CHIS,1996,5,BC,591,Backcountry,backcountry,Backcountry Camping Overnight Stays
CHIS,1996,5,MISC,6714,Misc Stays,misc_stays,Miscellaneous Overnight Stays
CHIS,1996,5,NROS,3245,Non-Rec Stays,non_rec_stays,Non-Recreation Overnight Stays
CHIS,1996,5,TOS,10550,Total Stays,total_stays,Total Overnight Stays
CHIS,1996,5,TNRVH,56400,Non-Rec Hrs,non_rec_hrs,Total Non-Recreation Visitor Hours
CHIS,1996,6,TRV,58675,Rec Visits,rec_visits,Total Recreation Visits
CHIS,1996,6,TNRV,2482,Non-Rec Visits,non_rec_visits,Total Non-Recreation Visits
CHIS,1996,6,TV,61157,Total Visits,total_visits,Total Visits (Recreation + Non-Recreation)
CHIS,1996,6,TRVH,753596,Rec Hrs,rec_hrs,Total Recreation Visitor Hours
CHIS,1996,6,TH,813164,Total Hrs,total_hrs,Total Hours (Recreation + Non-Recreation)
CHIS,1996,6,CL,0,Conc Lodging,conc_lodging,Concessioner Lodging Overnight Stays
CHIS,1996,6,CCG,0,Conc Camp,conc_camp,Concessioner Campground Overnight Stays
CHIS,1996,6,TT,0,Tent Camp,tent_camp,Tent Camping Overnight Stays (NPS)
CHIS,1996,6,TRVS,0,Rec Stays,rec_stays,Total Recreation Overnight Stays
CHIS,1996,6,TTRV,0,Tent & RV,tent_rv,Total Tent and RV Camping Stays
CHIS,1996,6,BC,530,Backcountry,backcountry,Backcountry Camping Overnight Stays
CHIS,1996,6,MISC,7317,Misc Stays,misc_stays,Miscellaneous Overnight Stays
CHIS,1996,6,NROS,3303,Non-Rec Stays,non_rec_stays,Non-Recreation Overnight Stays
CHIS,1996,6,TOS,11150,Total Stays,total_stays,Total Overnight Stays
CHIS,1996,6,TNRVH,59568,Non-Rec Hrs,non_rec_hrs,Total Non-Recreation Visitor Hours
CHIS,1996,7,TRV,58793,Rec Visits,rec_visits,Total Recreation Visits
CHIS,1996,7,TNRV,2614,Non-Rec Visits,non_rec_visits,Total Non-Recreation Visits
CHIS,1996,7,TV,61407,Total Visits,total_visits,Total Visits (Recreation + Non-Recreation)
CHIS,1996,7,TRVH,673728,Rec Hrs,rec_hrs,Total Recreation Visitor Hours
CHIS,1996,7,TH,736464,Total Hrs,total_hrs,Total Hours (Recreation + Non-Recreation)
CHIS,1996,7,CL,0,Conc Lodging,conc_lodging,Concessioner Lodging Overnight Stays
CHIS,1996,7,CCG,0,Conc Camp,conc_camp,Concessioner Campground Overnight Stays
CHIS,1996,7,TT,0,Tent Camp,tent_camp,Tent Camping Overnight Stays (NPS)
CHIS,1996,7,TRVS,0,Rec Stays,rec_stays,Total Recreation Overnight Stays
CHIS,1996,7,TTRV,0,Tent & RV,tent_rv,Total Tent and RV Camping Stays
CHIS,1996,7,BC,1005,Backcountry,backcountry,Backcountry Camping Overnight Stays
CHIS,1996,7,MISC,14648,Misc Stays,misc_stays,Miscellaneous Overnight Stays
CHIS,1996,7,NROS,3600,Non-Rec Stays,non_rec_stays,Non-Recreation Overnight Stays
CHIS,1996,7,TOS,19253,Total Stays,total_stays,Total Overnight Stays
CHIS,1996,7,TNRVH,62736,Non-Rec Hrs,non_rec_hrs,Total Non-Recreation Visitor Hours
CHIS,1996,8,TRV,59818,Rec Visits,rec_visits,Total Recreation Visits
CHIS,1996,8,TNRV,2349,Non-Rec Visits,non_rec_visits,Total Non-Recreation Visits
CHIS,1996,8,TV,62167,Total Visits,total_visits,Total Visits (Recreation + Non-Recreation)
CHIS,1996,8,TRVH,714068,Rec Hrs,rec_hrs,Total Recreation Visitor Hours
CHIS,1996,8,TH,770444,Total Hrs,total_hrs,Total Hours (Recreation + Non-Recreation)
CHIS,1996,8,CL,0,Conc Lodging,conc_lodging,Concessioner Lodging Overnight Stays
CHIS,1996,8,CCG,0,Conc Camp,conc_camp,Concessioner Campground Overnight Stays
CHIS,1996,8,TT,0,Tent Camp,tent_camp,Tent Camping Overnight Stays (NPS)
CHIS,1996,8,TRVS,0,Rec Stays,rec_stays,Total Recreation Overnight Stays
CHIS,1996,8,TTRV,0,Tent & RV,tent_rv,Total Tent and RV Camping Stays
CHIS,1996,8,BC,1334,Backcountry,backcountry,Backcountry Camping Overnight Stays
CHIS,1996,8,MISC,14697,Misc Stays,misc_stays,Miscellaneous Overnight Stays
CHIS,1996,8,NROS,3362,Non-Rec Stays,non_rec_stays,Non-Recreation Overnight Stays
CHIS,1996,8,TOS,19393,Total Stays,total_stays,Total Overnight Stays
CHIS,1996,8,TNRVH,56376,Non-Rec Hrs,non_rec_hrs,Total Non-Recreation Visitor Hours
CHIS,1996,9,TRV,44349,Rec Visits,rec_visits,Total Recreation Visits
CHIS,1996,9,TNRV,3410,Non-Rec Visits,non_rec_visits,Total Non-Recreation Visits
CHIS,1996,9,TV,47759,Total Visits,total_visits,Total Visits (Recreation + Non-Recreation)
CHIS,1996,9,TRVH,561572,Rec Hrs,rec_hrs,Total Recreation Visitor Hours
CHIS,1996,9,TH,643412,Total Hrs,total_hrs,Total Hours (Recreation + Non-Recreation)
CHIS,1996,9,CL,0,Conc Lodging,conc_lodging,Concessioner Lodging Overnight Stays
CHIS,1996,9,CCG,0,Conc Camp,conc_camp,Concessioner Campground Overnight Stays
CHIS,1996,9,TT,0,Tent Camp,tent_camp,Tent Camping Overnight Stays (NPS)
CHIS,1996,9,TRVS,0,Rec Stays,rec_stays,Total Recreation Overnight Stays
CHIS,1996,9,TTRV,0,Tent & RV,tent_rv,Total Tent and RV Camping Stays
CHIS,1996,9,BC,552,Backcountry,backcountry,Backcountry Camping Overnight Stays
CHIS,1996,9,MISC,14711,Misc Stays,misc_stays,Miscellaneous Overnight Stays
CHIS,1996,9,NROS,5045,Non-Rec Stays,non_rec_stays,Non-Recreation Overnight Stays
CHIS,1996,9,TOS,20308,Total Stays,total_stays,Total Overnight Stays
CHIS,1996,9,TNRVH,81840,Non-Rec Hrs,non_rec_hrs,Total Non-Recreation Visitor Hours
CHIS,1996,10,TRV,29946,Rec Visits,rec_visits,Total Recreation Visits
CHIS,1996,10,TNRV,2803,Non-Rec Visits,non_rec_visits,Total Non-Recreation Visits
CHIS,1996,10,TV,32749,Total Visits,total_visits,Total Visits (Recreation + Non-Recreation)
CHIS,1996,10,TRVH,305738,Rec Hrs,rec_hrs,Total Recreation Visitor Hours
CHIS,1996,10,TH,373010,Total Hrs,total_hrs,Total Hours (Recreation + Non-Recreation)
CHIS,1996,10,CL,0,Conc Lodging,conc_lodging,Concessioner Lodging Overnight Stays
CHIS,1996,10,CCG,0,Conc Camp,conc_camp,Concessioner Campground Overnight Stays
CHIS,1996,10,TT,0,Tent Camp,tent_camp,Tent Camping Overnight Stays (NPS)
CHIS,1996,10,TRVS,0,Rec Stays,rec_stays,Total Recreation Overnight Stays
CHIS,1996,10,TTRV,0,Tent & RV,tent_rv,Total Tent and RV Camping Stays
CHIS,1996,10,BC,1008,Backcountry,backcountry,Backcountry Camping Overnight Stays
CHIS,1996,10,MISC,5931,Misc Stays,misc_stays,Miscellaneous Overnight Stays
CHIS,1996,10,NROS,3551,Non-Rec Stays,non_rec_stays,Non-Recreation Overnight Stays
CHIS,1996,10,TOS,10490,Total Stays,total_stays,Total Overnight Stays
CHIS,1996,10,TNRVH,67272,Non-Rec Hrs,non_rec_hrs,Total Non-Recreation Visitor Hours
CHIS,1996,11,TRV,32510,Rec Visits,rec_visits,Total Recreation Visits
CHIS,1996,11,TNRV,5513,Non-Rec Visits,non_rec_visits,Total Non-Recreation Visits
CHIS,1996,11,TV,38023,Total Visits,total_visits,Total Visits (Recreation + Non-Recreation)
CHIS,1996,11,TRVH,351115,Rec Hrs,rec_hrs,Total Recreation Visitor Hours
CHIS,1996,11,TH,483427,Total Hrs,total_hrs,Total Hours (Recreation + Non-Recreation)
CHIS,1996,11,CL,0,Conc Lodging,conc_lodging,Concessioner Lodging Overnight Stays
CHIS,1996,11,CCG,0,Conc Camp,conc_camp,Concessioner Campground Overnight Stays
CHIS,1996,11,TT,0,Tent Camp,tent_camp,Tent Camping Overnight Stays (NPS)
CHIS,1996,11,TRVS,0,Rec Stays,rec_stays,Total Recreation Overnight Stays
CHIS,1996,11,TTRV,0,Tent & RV,tent_rv,Total Tent and RV Camping Stays
CHIS,1996,11,BC,440,Backcountry,backcountry,Backcountry Camping Overnight Stays
CHIS,1996,11,MISC,10427,Misc Stays,misc_stays,Miscellaneous Overnight Stays
CHIS,1996,11,NROS,13032,Non-Rec Stays,non_rec_stays,Non-Recreation Overnight Stays
CHIS,1996,11,TOS,23899,Total Stays,total_stays,Total Overnight Stays
CHIS,1996,11,TNRVH,132312,Non-Rec Hrs,non_rec_hrs,Total Non-Recreation Visitor Hours
CHIS,1996,12,TRV,17702,Rec Visits,rec_visits,Total Recreation Visits
CHIS,1996,12,TNRV,1598,Non-Rec Visits,non_rec_visits,Total Non-Recreation Visits
CHIS,1996,12,TV,19300,Total Visits,total_visits,Total Visits (Recreation + Non-Recreation)
CHIS,1996,12,TRVH,53592,Rec Hrs,rec_hrs,Total Recreation Visitor Hours
CHIS,1996,12,TH,91944,Total Hrs,total_hrs,Total Hours (Recreation + Non-Recreation)
CHIS,1996,12,CL,0,Conc Lodging,conc_lodging,Concessioner Lodging Overnight Stays
CHIS,1996,12,CCG,0,Conc Camp,conc_camp,Concessioner Campground Overnight Stays
CHIS,1996,12,TT,0,Tent Camp,tent_camp,Tent Camping Overnight Stays (NPS)
CHIS,1996,12,TRVS,0,Rec Stays,rec_stays,Total Recreation Overnight Stays
CHIS,1996,12,TTRV,0,Tent & RV,tent_rv,Total Tent and RV Camping Stays
CHIS,1996,12,BC,0,Backcountry,backcountry,Backcountry Camping Overnight Stays
CHIS,1996,12,MISC,0,Misc Stays,misc_stays,Miscellaneous Overnight Stays
CHIS,1996,12,NROS,2835,Non-Rec Stays,non_rec_stays,Non-Recreation Overnight Stays
CHIS,1996,12,TOS,2835,Total Stays,total_stays,Total Overnight Stays
CHIS,1996,12,TNRVH,38352,Non-Rec Hrs,non_rec_hrs,Total Non-Recreation Visitor Hours
CHIS,1997,1,TRV,50357,Rec Visits,rec_visits,Total Recreation Visits
CHIS,1997,1,TNRV,1685,Non-Rec Visits,non_rec_visits,Total Non-Recreation Visits
CHIS,1997,1,TV,52042,Total Visits,total_visits,Total Visits (Recreation + Non-Recreation)
CHIS,1997,1,TRVH,714110,Rec Hrs,rec_hrs,Total Recreation Visitor Hours
CHIS,1997,1,TH,754550,Total Hrs,total_hrs,Total Hours (Recreation + Non-Recreation)
CHIS,1997,1,CL,0,Conc Lodging,conc_lodging,Concessioner Lodging Overnight Stays
CHIS,1997,1,CCG,0,Conc Camp,conc_camp,Concessioner Campground Overnight Stays
CHIS,1997,1,TT,0,Tent Camp,tent_camp,Tent Camping Overnight Stays (NPS)
CHIS,1997,1,TRVS,0,Rec Stays,rec_stays,Total Recreation Overnight Stays
CHIS,1997,1,TTRV,0,Tent & RV,tent_rv,Total Tent and RV Camping Stays
CHIS,1997,1,BC,181,Backcountry,backcountry,Backcountry Camping Overnight Stays
CHIS,1997,1,MISC,1917,Misc Stays,misc_stays,Miscellaneous Overnight Stays
CHIS,1997,1,NROS,3591,Non-Rec Stays,non_rec_stays,Non-Recreation Overnight Stays
CHIS,1997,1,TOS,5689,Total Stays,total_stays,Total Overnight Stays
CHIS,1997,1,TNRVH,40440,Non-Rec Hrs,non_rec_hrs,Total Non-Recreation Visitor Hours
CHIS,1997,2,TRV,34209,Rec Visits,rec_visits,Total Recreation Visits
CHIS,1997,2,TNRV,1674,Non-Rec Visits,non_rec_visits,Total Non-Recreation Visits
CHIS,1997,2,TV,35883,Total Visits,total_visits,Total Visits (Recreation + Non-Recreation)
CHIS,1997,2,TRVH,287568,Rec Hrs,rec_hrs,Total Recreation Visitor Hours
CHIS,1997,2,TH,327744,Total Hrs,total_hrs,Total Hours (Recreation + Non-Recreation)
CHIS,1997,2,CL,0,Conc Lodging,conc_lodging,Concessioner Lodging Overnight Stays
CHIS,1997,2,CCG,0,Conc Camp,conc_camp,Concessioner Campground Overnight Stays
CHIS,1997,2,TT,0,Tent Camp,tent_camp,Tent Camping Overnight Stays (NPS)
CHIS,1997,2,TRVS,0,Rec Stays,rec_stays,Total Recreation Overnight Stays
CHIS,1997,2,TTRV,0,Tent & RV,tent_rv,Total Tent and RV Camping Stays
CHIS,1997,2,BC,185,Backcountry,backcountry,Backcountry Camping Overnight Stays
CHIS,1997,2,MISC,2592,Misc Stays,misc_stays,Miscellaneous Overnight Stays
CHIS,1997,2,NROS,2714,Non-Rec Stays,non_rec_stays,Non-Recreation Overnight Stays
CHIS,1997,2,TOS,5491,Total Stays,total_stays,Total Overnight Stays
CHIS,1997,2,TNRVH,40176,Non-Rec Hrs,non_rec_hrs,Total Non-Recreation Visitor Hours
CHIS,1997,3,TRV,42654,Rec Visits,rec_visits,Total Recreation Visits
CHIS,1997,3,TNRV,2255,Non-Rec Visits,non_rec_visits,Total Non-Recreation Visits
CHIS,1997,3,TV,44909,Total Visits,total_visits,Total Visits (Recreation + Non-Recreation)
CHIS,1997,3,TRVH,477670,Rec Hrs,rec_hrs,Total Recreation Visitor Hours
CHIS,1997,3,TH,531790,Total Hrs,total_hrs,Total Hours (Recreation + Non-Recreation)
CHIS,1997,3,CL,0,Conc Lodging,conc_lodging,Concessioner Lodging Overnight Stays
CHIS,1997,3,CCG,0,Conc Camp,conc_camp,Concessioner Campground Overnight Stays
CHIS,1997,3,TT,0,Tent Camp,tent_camp,Tent Camping Overnight Stays (NPS)
CHIS,1997,3,TRVS,0,Rec Stays,rec_stays,Total Recreation Overnight Stays
CHIS,1997,3,TTRV,0,Tent & RV,tent_rv,Total Tent and RV Camping Stays
CHIS,1997,3,BC,762,Backcountry,backcountry,Backcountry Camping Overnight Stays
CHIS,1997,3,MISC,2943,Misc Stays,misc_stays,Miscellaneous Overnight Stays
CHIS,1997,3,NROS,4734,Non-Rec Stays,non_rec_stays,Non-Recreation Overnight Stays
CHIS,1997,3,TOS,8439,Total Stays,total_stays,Total Overnight Stays
CHIS,1997,3,TNRVH,54120,Non-Rec Hrs,non_rec_hrs,Total Non-Recreation Visitor Hours
CHIS,1997,4,TRV,38662,Rec Visits,rec_visits,Total Recreation Visits
CHIS,1997,4,TNRV,2189,Non-Rec Visits,non_rec_visits,Total Non-Recreation Visits
CHIS,1997,4,TV,40851,Total Visits,total_visits,Total Visits (Recreation + Non-Recreation)
CHIS,1997,4,TRVH,337547,Rec Hrs,rec_hrs,Total Recreation Visitor Hours
CHIS,1997,4,TH,390083,Total Hrs,total_hrs,Total Hours (Recreation + Non-Recreation)
CHIS,1997,4,CL,0,Conc Lodging,conc_lodging,Concessioner Lodging Overnight Stays
CHIS,1997,4,CCG,0,Conc Camp,conc_camp,Concessioner Campground Overnight Stays
CHIS,1997,4,TT,0,Tent Camp,tent_camp,Tent Camping Overnight Stays (NPS)
CHIS,1997,4,TRVS,0,Rec Stays,rec_stays,Total Recreation Overnight Stays
CHIS,1997,4,TTRV,0,Tent & RV,tent_rv,Total Tent and RV Camping Stays
CHIS,1997,4,BC,577,Backcountry,backcountry,Backcountry Camping Overnight Stays
CHIS,1997,4,MISC,5252,Misc Stays,misc_stays,Miscellaneous Overnight Stays
CHIS,1997,4,NROS,3321,Non-Rec Stays,non_rec_stays,Non-Recreation Overnight Stays
CHIS,1997,4,TOS,9150,Total Stays,total_stays,Total Overnight Stays
CHIS,1997,4,TNRVH,52536,Non-Rec Hrs,non_rec_hrs,Total Non-Recreation Visitor Hours
CHIS,1997,5,TRV,44930,Rec Visits,rec_visits,Total Recreation Visits
CHIS,1997,5,TNRV,2192,Non-Rec Visits,non_rec_visits,Total Non-Recreation Visits
CHIS,1997,5,TV,47122,Total Visits,total_visits,Total Visits (Recreation + Non-Recreation)
CHIS,1997,5,TRVH,469821,Rec Hrs,rec_hrs,Total Recreation Visitor Hours
CHIS,1997,5,TH,522429,Total Hrs,total_hrs,Total Hours (Recreation + Non-Recreation)
CHIS,1997,5,CL,0,Conc Lodging,conc_lodging,Concessioner Lodging Overnight Stays
CHIS,1997,5,CCG,0,Conc Camp,conc_camp,Concessioner Campground Overnight Stays
CHIS,1997,5,TT,0,Tent Camp,tent_camp,Tent Camping Overnight Stays (NPS)
CHIS,1997,5,TRVS,0,Rec Stays,rec_stays,Total Recreation Overnight Stays
CHIS,1997,5,TTRV,0,Tent & RV,tent_rv,Total Tent and RV Camping Stays
CHIS,1997,5,BC,1064,Backcountry,backcountry,Backcountry Camping Overnight Stays
CHIS,1997,5,MISC,7965,Misc Stays,misc_stays,Miscellaneous Overnight Stays
CHIS,1997,5,NROS,1530,Non-Rec Stays,non_rec_stays,Non-Recreation Overnight Stays
CHIS,1997,5,TOS,10559,Total Stays,total_stays,Total Overnight Stays
CHIS,1997,5,TNRVH,52608,Non-Rec Hrs,non_rec_hrs,Total Non-Recreation Visitor Hours
CHIS,1997,6,TRV,43013,Rec Visits,rec_visits,Total Recreation Visits
CHIS,1997,6,TNRV,2144,Non-Rec Visits,non_rec_visits,Total Non-Recreation Visits
CHIS,1997,6,TV,45157,Total Visits,total_visits,Total Visits (Recreation + Non-Recreation)
CHIS,1997,6,TRVH,375244,Rec Hrs,rec_hrs,Total Recreation Visitor Hours
CHIS,1997,6,TH,426700,Total Hrs,total_hrs,Total Hours (Recreation + Non-Recreation)
CHIS,1997,6,CL,0,Conc Lodging,conc_lodging,Concessioner Lodging Overnight Stays
CHIS,1997,6,CCG,0,Conc Camp,conc_camp,Concessioner Campground Overnight Stays
CHIS,1997,6,TT,0,Tent Camp,tent_camp,Tent Camping Overnight Stays (NPS)
CHIS,1997,6,TRVS,0,Rec Stays,rec_stays,Total Recreation Overnight Stays
CHIS,1997,6,TTRV,0,Tent & RV,tent_rv,Total Tent and RV Camping Stays
CHIS,1997,6,BC,859,Backcountry,backcountry,Backcountry Camping Overnight Stays
CHIS,1997,6,MISC,5958,Misc Stays,misc_stays,Miscellaneous Overnight Stays
CHIS,1997,6,NROS,1422,Non-Rec Stays,non_rec_stays,Non-Recreation Overnight Stays
CHIS,1997,6,TOS,8239,Total Stays,total_stays,Total Overnight Stays
CHIS,1997,6,TNRVH,51456,Non-Rec Hrs,non_rec_hrs,Total Non-Recreation Visitor Hours
CHIS,1997,7,TRV,55698,Rec Visits,rec_visits,Total Recreation Visits
CHIS,1997,7,TNRV,9516,Non-Rec Visits,non_rec_visits,Total Non-Recreation Visits
CHIS,1997,7,TV,65214,Total Visits,total_visits,Total Visits (Recreation + Non-Recreation)
CHIS,1997,7,TRVH,612933,Rec Hrs,rec_hrs,Total Recreation Visitor Hours
CHIS,1997,7,TH,841317,Total Hrs,total_hrs,Total Hours (Recreation + Non-Recreation)
CHIS,1997,7,CL,0,Conc Lodging,conc_lodging,Concessioner Lodging Overnight Stays
CHIS,1997,7,CCG,0,Conc Camp,conc_camp,Concessioner Campground Overnight Stays
CHIS,1997,7,TT,0,Tent Camp,tent_camp,Tent Camping Overnight Stays (NPS)
CHIS,1997,7,TRVS,0,Rec Stays,rec_stays,Total Recreation Overnight Stays
CHIS,1997,7,TTRV,0,Tent & RV,tent_rv,Total Tent and RV Camping Stays
CHIS,1997,7,BC,1372,Backcountry,backcountry,Backcountry Camping Overnight Stays
CHIS,1997,7,MISC,19053,Misc Stays,misc_stays,Miscellaneous Overnight Stays
CHIS,1997,7,NROS,3150,Non-Rec Stays,non_rec_stays,Non-Recreation Overnight Stays
CHIS,1997,7,TOS,23575,Total Stays,total_stays,Total Overnight Stays
CHIS,1997,7,TNRVH,228384,Non-Rec Hrs,non_rec_hrs,Total Non-Recreation Visitor Hours
CHIS,1997,8,TRV,61455,Rec Visits,rec_visits,Total Recreation Visits
CHIS,1997,8,TNRV,3469,Non-Rec Visits,non_rec_visits,Total Non-Recreation Visits
CHIS,1997,8,TV,64924,Total Visits,total_visits,Total Visits (Recreation + Non-Recreation)
CHIS,1997,8,TRVH,677585,Rec Hrs,rec_hrs,Total Recreation Visitor Hours
CHIS,1997,8,TH,760841,Total Hrs,total_hrs,Total Hours (Recreation + Non-Recreation)
CHIS,1997,8,CL,0,Conc Lodging,conc_lodging,Concessioner Lodging Overnight Stays
CHIS,1997,8,CCG,0,Conc Camp,conc_camp,Concessioner Campground Overnight Stays
CHIS,1997,8,TT,0,Tent Camp,tent_camp,Tent Camping Overnight Stays (NPS)
CHIS,1997,8,TRVS,0,Rec Stays,rec_stays,Total Recreation Overnight Stays
CHIS,1997,8,TTRV,0,Tent & RV,tent_rv,Total Tent and RV Camping Stays
CHIS,1997,8,BC,1804,Backcountry,backcountry,Backcountry Camping Overnight Stays
CHIS,1997,8,MISC,24008,Misc Stays,misc_stays,Miscellaneous Overnight Stays
CHIS,1997,8,NROS,2475,Non-Rec Stays,non_rec_stays,Non-Recreation Overnight Stays
CHIS,1997,8,TOS,28287,Total Stays,total_stays,Total Overnight Stays
CHIS,1997,8,TNRVH,83256,Non-Rec Hrs,non_rec_hrs,Total Non-Recreation Visitor Hours
CHIS,1997,9,TRV,39266,Rec Visits,rec_visits,Total Recreation Visits
CHIS,1997,9,TNRV,4521,Non-Rec Visits,non_rec_visits,Total Non-Recreation Visits
CHIS,1997,9,TV,43787,Total Visits,total_visits,Total Visits (Recreation + Non-Recreation)
CHIS,1997,9,TRVH,449624,Rec Hrs,rec_hrs,Total Recreation Visitor Hours
CHIS,1997,9,TH,558128,Total Hrs,total_hrs,Total Hours (Recreation + Non-Recreation)
CHIS,1997,9,CL,0,Conc Lodging,conc_lodging,Concessioner Lodging Overnight Stays
CHIS,1997,9,CCG,0,Conc Camp,conc_camp,Concessioner Campground Overnight Stays
CHIS,1997,9,TT,0,Tent Camp,tent_camp,Tent Camping Overnight Stays (NPS)
CHIS,1997,9,TRVS,0,Rec Stays,rec_stays,Total Recreation Overnight Stays
CHIS,1997,9,TTRV,0,Tent & RV,tent_rv,Total Tent and RV Camping Stays
CHIS,1997,9,BC,1083,Backcountry,backcountry,Backcountry Camping Overnight Stays
CHIS,1997,9,MISC,8159,Misc Stays,misc_stays,Miscellaneous Overnight Stays
CHIS,1997,9,NROS,3929,Non-Rec Stays,non_rec_stays,Non-Recreation Overnight Stays
CHIS,1997,9,TOS,13171,Total Stays,total_stays,Total Overnight Stays
CHIS,1997,9,TNRVH,108504,Non-Rec Hrs,non_rec_hrs,Total Non-Recreation Visitor Hours
CHIS,1997,10,TRV,30128,Rec Visits,rec_visits,Total Recreation Visits
CHIS,1997,10,TNRV,2160,Non-Rec Visits,non_rec_visits,Total Non-Recreation Visits
CHIS,1997,10,TV,32288,Total Visits,total_visits,Total Visits (Recreation + Non-Recreation)
CHIS,1997,10,TRVH,257677,Rec Hrs,rec_hrs,Total Recreation Visitor Hours
CHIS,1997,10,TH,309517,Total Hrs,total_hrs,Total Hours (Recreation + Non-Recreation)
CHIS,1997,10,CL,0,Conc Lodging,conc_lodging,Concessioner Lodging Overnight Stays
CHIS,1997,10,CCG,0,Conc Camp,conc_camp,Concessioner Campground Overnight Stays
CHIS,1997,10,TT,0,Tent Camp,tent_camp,Tent Camping Overnight Stays (NPS)
CHIS,1997,10,TRVS,0,Rec Stays,rec_stays,Total Recreation Overnight Stays
CHIS,1997,10,TTRV,0,Tent & RV,tent_rv,Total Tent and RV Camping Stays
CHIS,1997,10,BC,919,Backcountry,backcountry,Backcountry Camping Overnight Stays
CHIS,1997,10,MISC,3686,Misc Stays,misc_stays,Miscellaneous Overnight Stays
CHIS,1997,10,NROS,2534,Non-Rec Stays,non_rec_stays,Non-Recreation Overnight Stays
CHIS,1997,10,TOS,7139,Total Stays,total_stays,Total Overnight Stays
CHIS,1997,10,TNRVH,51840,Non-Rec Hrs,non_rec_hrs,Total Non-Recreation Visitor Hours
CHIS,1997,11,TRV,30279,Rec Visits,rec_visits,Total Recreation Visits
CHIS,1997,11,TNRV,2394,Non-Rec Visits,non_rec_visits,Total Non-Recreation Visits
CHIS,1997,11,TV,32673,Total Visits,total_visits,Total Visits (Recreation + Non-Recreation)
CHIS,1997,11,TRVH,280668,Rec Hrs,rec_hrs,Total Recreation Visitor Hours
CHIS,1997,11,TH,338124,Total Hrs,total_hrs,Total Hours (Recreation + Non-Recreation)
CHIS,1997,11,CL,0,Conc Lodging,conc_lodging,Concessioner Lodging Overnight Stays
CHIS,1997,11,CCG,0,Conc Camp,conc_camp,Concessioner Campground Overnight Stays
CHIS,1997,11,TT,0,Tent Camp,tent_camp,Tent Camping Overnight Stays (NPS)
CHIS,1997,11,TRVS,0,Rec Stays,rec_stays,Total Recreation Overnight Stays
CHIS,1997,11,TTRV,0,Tent & RV,tent_rv,Total Tent and RV Camping Stays
CHIS,1997,11,BC,452,Backcountry,backcountry,Backcountry Camping Overnight Stays
CHIS,1997,11,MISC,3488,Misc Stays,misc_stays,Miscellaneous Overnight Stays
CHIS,1997,11,NROS,2255,Non-Rec Stays,non_rec_stays,Non-Recreation Overnight Stays
CHIS,1997,11,TOS,6195,Total Stays,total_stays,Total Overnight Stays
CHIS,1997,11,TNRVH,57456,Non-Rec Hrs,non_rec_hrs,Total Non-Recreation Visitor Hours
CHIS,1997,12,TRV,18106,Rec Visits,rec_visits,Total Recreation Visits
CHIS,1997,12,TNRV,565,Non-Rec Visits,non_rec_visits,Total Non-Recreation Visits
CHIS,1997,12,TV,18671,Total Visits,total_visits,Total Visits (Recreation + Non-Recreation)
CHIS,1997,12,TRVH,77145,Rec Hrs,rec_hrs,Total Recreation Visitor Hours
CHIS,1997,12,TH,90705,Total Hrs,total_hrs,Total Hours (Recreation + Non-Recreation)
CHIS,1997,12,CL,0,Conc Lodging,conc_lodging,Concessioner Lodging Overnight Stays
CHIS,1997,12,CCG,0,Conc Camp,conc_camp,Concessioner Campground Overnight Stays
CHIS,1997,12,TT,0,Tent Camp,tent_camp,Tent Camping Overnight Stays (NPS)
CHIS,1997,12,TRVS,0,Rec Stays,rec_stays,Total Recreation Overnight Stays
CHIS,1997,12,TTRV,0,Tent & RV,tent_rv,Total Tent and RV Camping Stays
CHIS,1997,12,BC,29,Backcountry,backcountry,Backcountry Camping Overnight Stays
CHIS,1997,12,MISC,1265,Misc Stays,misc_stays,Miscellaneous Overnight Stays
CHIS,1997,12,NROS,275,Non-Rec Stays,non_rec_stays,Non-Recreation Overnight Stays
CHIS,1997,12,TOS,1569,Total Stays,total_stays,Total Overnight Stays
CHIS,1997,12,TNRVH,13560,Non-Rec Hrs,non_rec_hrs,Total Non-Recreation Visitor Hours
CHIS,1999,1,TRV,35545,Rec Visits,rec_visits,Total Recreation Visits
CHIS,1999,1,TNRV,5019,Non-Rec Visits,non_rec_visits,Total Non-Recreation Visits
CHIS,1999,1,TV,40564,Total Visits,total_visits,Total Visits (Recreation + Non-Recreation)
CHIS,1999,1,TRVH,357995,Rec Hrs,rec_hrs,Total Recreation Visitor Hours
CHIS,1999,1,TH,478451,Total Hrs,total_hrs,Total Hours (Recreation + Non-Recreation)
CHIS,1999,1,CL,0,Conc Lodging,conc_lodging,Concessioner Lodging Overnight Stays
CHIS,1999,1,CCG,0,Conc Camp,conc_camp,Concessioner Campground Overnight Stays
CHIS,1999,1,TT,0,Tent Camp,tent_camp,Tent Camping Overnight Stays (NPS)
CHIS,1999,1,TRVS,0,Rec Stays,rec_stays,Total Recreation Overnight Stays
CHIS,1999,1,TTRV,0,Tent & RV,tent_rv,Total Tent and RV Camping Stays
CHIS,1999,1,BC,65,Backcountry,backcountry,Backcountry Camping Overnight Stays
CHIS,1999,1,MISC,2939,Misc Stays,misc_stays,Miscellaneous Overnight Stays
CHIS,1999,1,NROS,6116,Non-Rec Stays,non_rec_stays,Non-Recreation Overnight Stays
CHIS,1999,1,TOS,9120,Total Stays,total_stays,Total Overnight Stays
CHIS,1999,1,TNRVH,120456,Non-Rec Hrs,non_rec_hrs,Total Non-Recreation Visitor Hours
CHIS,1999,2,TRV,33800,Rec Visits,rec_visits,Total Recreation Visits
CHIS,1999,2,TNRV,2229,Non-Rec Visits,non_rec_visits,Total Non-Recreation Visits
CHIS,1999,2,TV,36029,Total Visits,total_visits,Total Visits (Recreation + Non-Recreation)
CHIS,1999,2,TRVH,280054,Rec Hrs,rec_hrs,Total Recreation Visitor Hours
CHIS,1999,2,TH,333550,Total Hrs,total_hrs,Total Hours (Recreation + Non-Recreation)
CHIS,1999,2,CL,0,Conc Lodging,conc_lodging,Concessioner Lodging Overnight Stays
CHIS,1999,2,CCG,0,Conc Camp,conc_camp,Concessioner Campground Overnight Stays
CHIS,1999,2,TT,0,Tent Camp,tent_camp,Tent Camping Overnight Stays (NPS)
CHIS,1999,2,TRVS,0,Rec Stays,rec_stays,Total Recreation Overnight Stays
CHIS,1999,2,TTRV,0,Tent & RV,tent_rv,Total Tent and RV Camping Stays
CHIS,1999,2,BC,277,Backcountry,backcountry,Backcountry Camping Overnight Stays
CHIS,1999,2,MISC,3083,Misc Stays,misc_stays,Miscellaneous Overnight Stays
CHIS,1999,2,NROS,2970,Non-Rec Stays,non_rec_stays,Non-Recreation Overnight Stays
CHIS,1999,2,TOS,6330,Total Stays,total_stays,Total Overnight Stays
CHIS,1999,2,TNRVH,53496,Non-Rec Hrs,non_rec_hrs,Total Non-Recreation Visitor Hours
CHIS,1999,3,TRV,45707,Rec Visits,rec_visits,Total Recreation Visits
CHIS,1999,3,TNRV,3150,Non-Rec Visits,non_rec_visits,Total Non-Recreation Visits
CHIS,1999,3,TV,48857,Total Visits,total_visits,Total Visits (Recreation + Non-Recreation)
CHIS,1999,3,TRVH,514718,Rec Hrs,rec_hrs,Total Recreation Visitor Hours
CHIS,1999,3,TH,590318,Total Hrs,total_hrs,Total Hours (Recreation + Non-Recreation)
CHIS,1999,3,CL,0,Conc Lodging,conc_lodging,Concessioner Lodging Overnight Stays
CHIS,1999,3,CCG,0,Conc Camp,conc_camp,Concessioner Campground Overnight Stays
CHIS,1999,3,TT,0,Tent Camp,tent_camp,Tent Camping Overnight Stays (NPS)
CHIS,1999,3,TRVS,0,Rec Stays,rec_stays,Total Recreation Overnight Stays
CHIS,1999,3,TTRV,0,Tent & RV,tent_rv,Total Tent and RV Camping Stays
CHIS,1999,3,BC,269,Backcountry,backcountry,Backcountry Camping Overnight Stays
CHIS,1999,3,MISC,2871,Misc Stays,misc_stays,Miscellaneous Overnight Stays
CHIS,1999,3,NROS,2043,Non-Rec Stays,non_rec_stays,Non-Recreation Overnight Stays
CHIS,1999,3,TOS,5183,Total Stays,total_stays,Total Overnight Stays
CHIS,1999,3,TNRVH,75600,Non-Rec Hrs,non_rec_hrs,Total Non-Recreation Visitor Hours
CHIS,2001,1,TRV,32316,Rec Visits,rec_visits,Total Recreation Visits
CHIS,2001,1,TNRV,513,Non-Rec Visits,non_rec_visits,Total Non-Recreation Visits
CHIS,2001,1,TV,32829,Total Visits,total_visits,Total Visits (Recreation + Non-Recreation)
CHIS,2001,1,TRVH,214515,Rec Hrs,rec_hrs,Total Recreation Visitor Hours
CHIS,2001,1,TH,226827,Total Hrs,total_hrs,Total Hours (Recreation + Non-Recreation)
CHIS,2001,1,CL,0,Conc Lodging,conc_lodging,Concessioner Lodging Overnight Stays
CHIS,2001,1,CCG,0,Conc Camp,conc_camp,Concessioner Campground Overnight Stays
CHIS,2001,1,TT,0,Tent Camp,tent_camp,Tent Camping Overnight Stays (NPS)
CHIS,2001,1,TRVS,0,Rec Stays,rec_stays,Total Recreation Overnight Stays
CHIS,2001,1,TTRV,0,Tent & RV,tent_rv,Total Tent and RV Camping Stays
CHIS,2001,1,BC,92,Backcountry,backcountry,Backcountry Camping Overnight Stays
CHIS,2001,1,MISC,1049,Misc Stays,misc_stays,Miscellaneous Overnight Stays
CHIS,2001,1,NROS,1476,Non-Rec Stays,non_rec_stays,Non-Recreation Overnight Stays
CHIS,2001,1,TOS,2617,Total Stays,total_stays,Total Overnight Stays
CHIS,2001,1,TNRVH,12312,Non-Rec Hrs,non_rec_hrs,Total Non-Recreation Visitor Hours
CHIS,2001,2,TRV,27664,Rec Visits,rec_visits,Total Recreation Visits
CHIS,2001,2,TNRV,921,Non-Rec Visits,non_rec_visits,Total Non-Recreation Visits
CHIS,2001,2,TV,28585,Total Visits,total_visits,Total Visits (Recreation + Non-Recreation)
CHIS,2001,2,TRVH,208329,Rec Hrs,rec_hrs,Total Recreation Visitor Hours
CHIS,2001,2,TH,230433,Total Hrs,total_hrs,Total Hours (Recreation + Non-Recreation)
CHIS,2001,2,CL,0,Conc Lodging,conc_lodging,Concessioner Lodging Overnight Stays
CHIS,2001,2,CCG,0,Conc Camp,conc_camp,Concessioner Campground Overnight Stays
CHIS,2001,2,TT,0,Tent Camp,tent_camp,Tent Camping Overnight Stays (NPS)
CHIS,2001,2,TRVS,0,Rec Stays,rec_stays,Total Recreation Overnight Stays
CHIS,2001,2,TTRV,0,Tent & RV,tent_rv,Total Tent and RV Camping Stays
CHIS,2001,2,BC,123,Backcountry,backcountry,Backcountry Camping Overnight Stays
CHIS,2001,2,MISC,495,Misc Stays,misc_stays,Miscellaneous Overnight Stays
CHIS,2001,2,NROS,1026,Non-Rec Stays,non_rec_stays,Non-Recreation Overnight Stays
CHIS,2001,2,TOS,1644,Total Stays,total_stays,Total Overnight Stays
CHIS,2001,2,TNRVH,22104,Non-Rec Hrs,non_rec_hrs,Total Non-Recreation Visitor Hours
CHIS,2001,3,TRV,32570,Rec Visits,rec_visits,Total Recreation Visits
CHIS,2001,3,TNRV,900,Non-Rec Visits,non_rec_visits,Total Non-Recreation Visits
CHIS,2001,3,TV,33470,Total Visits,total_visits,Total Visits (Recreation + Non-Recreation)
CHIS,2001,3,TRVH,236375,Rec Hrs,rec_hrs,Total Recreation Visitor Hours
CHIS,2001,3,TH,257975,Total Hrs,total_hrs,Total Hours (Recreation + Non-Recreation)
CHIS,2001,3,CL,0,Conc Lodging,conc_lodging,Concessioner Lodging Overnight Stays
CHIS,2001,3,CCG,0,Conc Camp,conc_camp,Concessioner Campground Overnight Stays
CHIS,2001,3,TT,0,Tent Camp,tent_camp,Tent Camping Overnight Stays (NPS)
CHIS,2001,3,TRVS,0,Rec Stays,rec_stays,Total Recreation Overnight Stays
CHIS,2001,3,TTRV,0,Tent & RV,tent_rv,Total Tent and RV Camping Stays
CHIS,2001,3,BC,286,Backcountry,backcountry,Backcountry Camping Overnight Stays
CHIS,2001,3,MISC,590,Misc Stays,misc_stays,Miscellaneous Overnight Stays
CHIS,2001,3,NROS,572,Non-Rec Stays,non_rec_stays,Non-Recreation Overnight Stays
CHIS,2001,3,TOS,1448,Total Stays,total_stays,Total Overnight Stays
CHIS,2001,3,TNRVH,21600,Non-Rec Hrs,non_rec_hrs,Total Non-Recreation Visitor Hours
CHIS,2001,4,TRV,42779,Rec Visits,rec_visits,Total Recreation Visits
CHIS,2001,4,TNRV,1206,Non-Rec Visits,non_rec_visits,Total Non-Recreation Visits
CHIS,2001,4,TV,43985,Total Visits,total_visits,Total Visits (Recreation + Non-Recreation)
CHIS,2001,4,TRVH,386507,Rec Hrs,rec_hrs,Total Recreation Visitor Hours
CHIS,2001,4,TH,415451,Total Hrs,total_hrs,Total Hours (Recreation + Non-Recreation)
CHIS,2001,4,CL,0,Conc Lodging,conc_lodging,Concessioner Lodging Overnight Stays
CHIS,2001,4,CCG,0,Conc Camp,conc_camp,Concessioner Campground Overnight Stays
CHIS,2001,4,TT,0,Tent Camp,tent_camp,Tent Camping Overnight Stays (NPS)
CHIS,2001,4,TRVS,0,Rec Stays,rec_stays,Total Recreation Overnight Stays
CHIS,2001,4,TTRV,0,Tent & RV,tent_rv,Total Tent and RV Camping Stays
CHIS,2001,4,BC,138,Backcountry,backcountry,Backcountry Camping Overnight Stays
CHIS,2001,4,MISC,1571,Misc Stays,misc_stays,Miscellaneous Overnight Stays
CHIS,2001,4,NROS,1391,Non-Rec Stays,non_rec_stays,Non-Recreation Overnight Stays
CHIS,2001,4,TOS,3100,Total Stays,total_stays,Total Overnight Stays
CHIS,2001,4,TNRVH,28944,Non-Rec Hrs,non_rec_hrs,Total Non-Recreation Visitor Hours
CHIS,2001,5,TRV,57457,Rec Visits,rec_visits,Total Recreation Visits
CHIS,2001,5,TNRV,2675,Non-Rec Visits,non_rec_visits,Total Non-Recreation Visits
CHIS,2001,5,TV,60132,Total Visits,total_visits,Total Visits (Recreation + Non-Recreation)
CHIS,2001,5,TRVH,704811,Rec Hrs,rec_hrs,Total Recreation Visitor Hours
CHIS,2001,5,TH,769011,Total Hrs,total_hrs,Total Hours (Recreation + Non-Recreation)
CHIS,2001,5,CL,0,Conc Lodging,conc_lodging,Concessioner Lodging Overnight Stays
CHIS,2001,5,CCG,0,Conc Camp,conc_camp,Concessioner Campground Overnight Stays
CHIS,2001,5,TT,0,Tent Camp,tent_camp,Tent Camping Overnight Stays (NPS)
CHIS,2001,5,TRVS,0,Rec Stays,rec_stays,Total Recreation Overnight Stays
CHIS,2001,5,TTRV,0,Tent & RV,tent_rv,Total Tent and RV Camping Stays
CHIS,2001,5,BC,1237,Backcountry,backcountry,Backcountry Camping Overnight Stays
CHIS,2001,5,MISC,10854,Misc Stays,misc_stays,Miscellaneous Overnight Stays
CHIS,2001,5,NROS,2993,Non-Rec Stays,non_rec_stays,Non-Recreation Overnight Stays
CHIS,2001,5,TOS,15084,Total Stays,total_stays,Total Overnight Stays
CHIS,2001,5,TNRVH,64200,Non-Rec Hrs,non_rec_hrs,Total Non-Recreation Visitor Hours
CHIS,2001,6,TRV,52617,Rec Visits,rec_visits,Total Recreation Visits
CHIS,2001,6,TNRV,1792,Non-Rec Visits,non_rec_visits,Total Non-Recreation Visits
CHIS,2001,6,TV,54409,Total Visits,total_visits,Total Visits (Recreation + Non-Recreation)
CHIS,2001,6,TRVH,542988,Rec Hrs,rec_hrs,Total Recreation Visitor Hours
CHIS,2001,6,TH,585996,Total Hrs,total_hrs,Total Hours (Recreation + Non-Recreation)
CHIS,2001,6,CL,0,Conc Lodging,conc_lodging,Concessioner Lodging Overnight Stays
CHIS,2001,6,CCG,0,Conc Camp,conc_camp,Concessioner Campground Overnight Stays
CHIS,2001,6,TT,0,Tent Camp,tent_camp,Tent Camping Overnight Stays (NPS)
CHIS,2001,6,TRVS,0,Rec Stays,rec_stays,Total Recreation Overnight Stays
CHIS,2001,6,TTRV,0,Tent & RV,tent_rv,Total Tent and RV Camping Stays
CHIS,2001,6,BC,1345,Backcountry,backcountry,Backcountry Camping Overnight Stays
CHIS,2001,6,MISC,8555,Misc Stays,misc_stays,Miscellaneous Overnight Stays
CHIS,2001,6,NROS,2340,Non-Rec Stays,non_rec_stays,Non-Recreation Overnight Stays
CHIS,2001,6,TOS,12240,Total Stays,total_stays,Total Overnight Stays
CHIS,2001,6,TNRVH,43008,Non-Rec Hrs,non_rec_hrs,Total Non-Recreation Visitor Hours
CHIS,2001,7,TRV,60541,Rec Visits,rec_visits,Total Recreation Visits
CHIS,2001,7,TNRV,2406,Non-Rec Visits,non_rec_visits,Total Non-Recreation Visits
CHIS,2001,7,TV,62947,Total Visits,total_visits,Total Visits (Recreation + Non-Recreation)
CHIS,2001,7,TRVH,714890,Rec Hrs,rec_hrs,Total Recreation Visitor Hours
CHIS,2001,7,TH,772634,Total Hrs,total_hrs,Total Hours (Recreation + Non-Recreation)
CHIS,2001,7,CL,0,Conc Lodging,conc_lodging,Concessioner Lodging Overnight Stays
CHIS,2001,7,CCG,0,Conc Camp,conc_camp,Concessioner Campground Overnight Stays
CHIS,2001,7,TT,0,Tent Camp,tent_camp,Tent Camping Overnight Stays (NPS)
CHIS,2001,7,TRVS,0,Rec Stays,rec_stays,Total Recreation Overnight Stays
CHIS,2001,7,TTRV,0,Tent & RV,tent_rv,Total Tent and RV Camping Stays
CHIS,2001,7,BC,1583,Backcountry,backcountry,Backcountry Camping Overnight Stays
CHIS,2001,7,MISC,13073,Misc Stays,misc_stays,Miscellaneous Overnight Stays
CHIS,2001,7,NROS,3335,Non-Rec Stays,non_rec_stays,Non-Recreation Overnight Stays
CHIS,2001,7,TOS,17991,Total Stays,total_stays,Total Overnight Stays
CHIS,2001,7,TNRVH,57744,Non-Rec Hrs,non_rec_hrs,Total Non-Recreation Visitor Hours
CHIS,2001,8,TRV,66809,Rec Visits,rec_visits,Total Recreation Visits
CHIS,2001,8,TNRV,2010,Non-Rec Visits,non_rec_visits,Total Non-Recreation Visits
CHIS,2001,8,TV,68819,Total Visits,total_visits,Total Visits (Recreation + Non-Recreation)
CHIS,2001,8,TRVH,838142,Rec Hrs,rec_hrs,Total Recreation Visitor Hours
CHIS,2001,8,TH,886382,Total Hrs,total_hrs,Total Hours (Recreation + Non-Recreation)
CHIS,2001,8,CL,0,Conc Lodging,conc_lodging,Concessioner Lodging Overnight Stays
CHIS,2001,8,CCG,0,Conc Camp,conc_camp,Concessioner Campground Overnight Stays
CHIS,2001,8,TT,0,Tent Camp,tent_camp,Tent Camping Overnight Stays (NPS)
CHIS,2001,8,TRVS,0,Rec Stays,rec_stays,Total Recreation Overnight Stays
CHIS,2001,8,TTRV,0,Tent & RV,tent_rv,Total Tent and RV Camping Stays
CHIS,2001,8,BC,2359,Backcountry,backcountry,Backcountry Camping Overnight Stays
CHIS,2001,8,MISC,15683,Misc Stays,misc_stays,Miscellaneous Overnight Stays
CHIS,2001,8,NROS,2534,Non-Rec Stays,non_rec_stays,Non-Recreation Overnight Stays
CHIS,2001,8,TOS,20576,Total Stays,total_stays,Total Overnight Stays
CHIS,2001,8,TNRVH,48240,Non-Rec Hrs,non_rec_hrs,Total Non-Recreation Visitor Hours
CHIS,2001,9,TRV,45530,Rec Visits,rec_visits,Total Recreation Visits
CHIS,2001,9,TNRV,1711,Non-Rec Visits,non_rec_visits,Total Non-Recreation Visits
CHIS,2001,9,TV,47241,Total Visits,total_visits,Total Visits (Recreation + Non-Recreation)
CHIS,2001,9,TRVH,557621,Rec Hrs,rec_hrs,Total Recreation Visitor Hours
CHIS,2001,9,TH,598685,Total Hrs,total_hrs,Total Hours (Recreation + Non-Recreation)
CHIS,2001,9,CL,0,Conc Lodging,conc_lodging,Concessioner Lodging Overnight Stays
CHIS,2001,9,CCG,0,Conc Camp,conc_camp,Concessioner Campground Overnight Stays
CHIS,2001,9,TT,0,Tent Camp,tent_camp,Tent Camping Overnight Stays (NPS)
CHIS,2001,9,TRVS,0,Rec Stays,rec_stays,Total Recreation Overnight Stays
CHIS,2001,9,TTRV,0,Tent & RV,tent_rv,Total Tent and RV Camping Stays
CHIS,2001,9,BC,1797,Backcountry,backcountry,Backcountry Camping Overnight Stays
CHIS,2001,9,MISC,16002,Misc Stays,misc_stays,Miscellaneous Overnight Stays
CHIS,2001,9,NROS,4419,Non-Rec Stays,non_rec_stays,Non-Recreation Overnight Stays
CHIS,2001,9,TOS,22218,Total Stays,total_stays,Total Overnight Stays
CHIS,2001,9,TNRVH,41064,Non-Rec Hrs,non_rec_hrs,Total Non-Recreation Visitor Hours
CHIS,2001,10,TRV,43007,Rec Visits,rec_visits,Total Recreation Visits
CHIS,2001,10,TNRV,2122,Non-Rec Visits,non_rec_visits,Total Non-Recreation Visits
CHIS,2001,10,TV,45129,Total Visits,total_visits,Total Visits (Recreation + Non-Recreation)
CHIS,2001,10,TRVH,566796,Rec Hrs,rec_hrs,Total Recreation Visitor Hours
CHIS,2001,10,TH,617724,Total Hrs,total_hrs,Total Hours (Recreation + Non-Recreation)
CHIS,2001,10,CL,0,Conc Lodging,conc_lodging,Concessioner Lodging Overnight Stays
CHIS,2001,10,CCG,0,Conc Camp,conc_camp,Concessioner Campground Overnight Stays
CHIS,2001,10,TT,0,Tent Camp,tent_camp,Tent Camping Overnight Stays (NPS)
CHIS,2001,10,TRVS,0,Rec Stays,rec_stays,Total Recreation Overnight Stays
CHIS,2001,10,TTRV,0,Tent & RV,tent_rv,Total Tent and RV Camping Stays
CHIS,2001,10,BC,807,Backcountry,backcountry,Backcountry Camping Overnight Stays
CHIS,2001,10,MISC,14742,Misc Stays,misc_stays,Miscellaneous Overnight Stays
CHIS,2001,10,NROS,3965,Non-Rec Stays,non_rec_stays,Non-Recreation Overnight Stays
CHIS,2001,10,TOS,19514,Total Stays,total_stays,Total Overnight Stays
CHIS,2001,10,TNRVH,50928,Non-Rec Hrs,non_rec_hrs,Total Non-Recreation Visitor Hours
CHIS,2001,11,TRV,29532,Rec Visits,rec_visits,Total Recreation Visits
CHIS,2001,11,TNRV,1314,Non-Rec Visits,non_rec_visits,Total Non-Recreation Visits
CHIS,2001,11,TV,30846,Total Visits,total_visits,Total Visits (Recreation + Non-Recreation)
CHIS,2001,11,TRVH,215566,Rec Hrs,rec_hrs,Total Recreation Visitor Hours
CHIS,2001,11,TH,247102,Total Hrs,total_hrs,Total Hours (Recreation + Non-Recreation)
CHIS,2001,11,CL,0,Conc Lodging,conc_lodging,Concessioner Lodging Overnight Stays
CHIS,2001,11,CCG,0,Conc Camp,conc_camp,Concessioner Campground Overnight Stays
CHIS,2001,11,TT,0,Tent Camp,tent_camp,Tent Camping Overnight Stays (NPS)
CHIS,2001,11,TRVS,0,Rec Stays,rec_stays,Total Recreation Overnight Stays
CHIS,2001,11,TTRV,0,Tent & RV,tent_rv,Total Tent and RV Camping Stays
CHIS,2001,11,BC,400,Backcountry,backcountry,Backcountry Camping Overnight Stays
CHIS,2001,11,MISC,3096,Misc Stays,misc_stays,Miscellaneous Overnight Stays
CHIS,2001,11,NROS,1890,Non-Rec Stays,non_rec_stays,Non-Recreation Overnight Stays
CHIS,2001,11,TOS,5386,Total Stays,total_stays,Total Overnight Stays
CHIS,2001,11,TNRVH,31536,Non-Rec Hrs,non_rec_hrs,Total Non-Recreation Visitor Hours
CHIS,2001,12,TRV,29606,Rec Visits,rec_visits,Total Recreation Visits
CHIS,2001,12,TNRV,636,Non-Rec Visits,non_rec_visits,Total Non-Recreation Visits
CHIS,2001,12,TV,30242,Total Visits,total_visits,Total Visits (Recreation + Non-Recreation)
CHIS,2001,12,TRVH,131549,Rec Hrs,rec_hrs,Total Recreation Visitor Hours
CHIS,2001,12,TH,146813,Total Hrs,total_hrs,Total Hours (Recreation + Non-Recreation)
CHIS,2001,12,CL,0,Conc Lodging,conc_lodging,Concessioner Lodging Overnight Stays
CHIS,2001,12,CCG,0,Conc Camp,conc_camp,Concessioner Campground Overnight Stays
CHIS,2001,12,TT,0,Tent Camp,tent_camp,Tent Camping Overnight Stays (NPS)
CHIS,2001,12,TRVS,0,Rec Stays,rec_stays,Total Recreation Overnight Stays
CHIS,2001,12,TTRV,0,Tent & RV,tent_rv,Total Tent and RV Camping Stays
CHIS,2001,12,BC,159,Backcountry,backcountry,Backcountry Camping Overnight Stays
CHIS,2001,12,MISC,1625,Misc Stays,misc_stays,Miscellaneous Overnight Stays
CHIS,2001,12,NROS,1305,Non-Rec Stays,non_rec_stays,Non-Recreation Overnight Stays
CHIS,2001,12,TOS,3089,Total Stays,total_stays,Total Overnight Stays
CHIS,2001,12,TNRVH,15264,Non-Rec Hrs,non_rec_hrs,Total Non-Recreation Visitor Hours
CHIS,1999,4,TRV,51502,Rec Visits,rec_visits,Total Recreation Visits
CHIS,1999,4,TNRV,4115,Non-Rec Visits,non_rec_visits,Total Non-Recreation Visits
CHIS,1999,4,TV,55617,Total Visits,total_visits,Total Visits (Recreation + Non-Recreation)
CHIS,1999,4,TRVH,444153,Rec Hrs,rec_hrs,Total Recreation Visitor Hours
CHIS,1999,4,TH,542913,Total Hrs,total_hrs,Total Hours (Recreation + Non-Recreation)
CHIS,1999,4,CL,0,Conc Lodging,conc_lodging,Concessioner Lodging Overnight Stays
CHIS,1999,4,CCG,0,Conc Camp,conc_camp,Concessioner Campground Overnight Stays
CHIS,1999,4,TT,0,Tent Camp,tent_camp,Tent Camping Overnight Stays (NPS)
CHIS,1999,4,TRVS,0,Rec Stays,rec_stays,Total Recreation Overnight Stays
CHIS,1999,4,TTRV,0,Tent & RV,tent_rv,Total Tent and RV Camping Stays
CHIS,1999,4,BC,603,Backcountry,backcountry,Backcountry Camping Overnight Stays
CHIS,1999,4,MISC,2642,Misc Stays,misc_stays,Miscellaneous Overnight Stays
CHIS,1999,4,NROS,6989,Non-Rec Stays,non_rec_stays,Non-Recreation Overnight Stays
CHIS,1999,4,TOS,10234,Total Stays,total_stays,Total Overnight Stays
CHIS,1999,4,TNRVH,98760,Non-Rec Hrs,non_rec_hrs,Total Non-Recreation Visitor Hours
CHIS,1999,5,TRV,67729,Rec Visits,rec_visits,Total Recreation Visits
CHIS,1999,5,TNRV,4428,Non-Rec Visits,non_rec_visits,Total Non-Recreation Visits
CHIS,1999,5,TV,72157,Total Visits,total_visits,Total Visits (Recreation + Non-Recreation)
CHIS,1999,5,TRVH,664550,Rec Hrs,rec_hrs,Total Recreation Visitor Hours
CHIS,1999,5,TH,770822,Total Hrs,total_hrs,Total Hours (Recreation + Non-Recreation)
CHIS,1999,5,CL,0,Conc Lodging,conc_lodging,Concessioner Lodging Overnight Stays
CHIS,1999,5,CCG,0,Conc Camp,conc_camp,Concessioner Campground Overnight Stays
CHIS,1999,5,TT,0,Tent Camp,tent_camp,Tent Camping Overnight Stays (NPS)
CHIS,1999,5,TRVS,0,Rec Stays,rec_stays,Total Recreation Overnight Stays
CHIS,1999,5,TTRV,0,Tent & RV,tent_rv,Total Tent and RV Camping Stays
CHIS,1999,5,BC,1143,Backcountry,backcountry,Backcountry Camping Overnight Stays
CHIS,1999,5,MISC,13464,Misc Stays,misc_stays,Miscellaneous Overnight Stays
CHIS,1999,5,NROS,7079,Non-Rec Stays,non_rec_stays,Non-Recreation Overnight Stays
CHIS,1999,5,TOS,21686,Total Stays,total_stays,Total Overnight Stays
CHIS,1999,5,TNRVH,106272,Non-Rec Hrs,non_rec_hrs,Total Non-Recreation Visitor Hours
CHIS,1999,6,TRV,49562,Rec Visits,rec_visits,Total Recreation Visits
CHIS,1999,6,TNRV,3372,Non-Rec Visits,non_rec_visits,Total Non-Recreation Visits
CHIS,1999,6,TV,52934,Total Visits,total_visits,Total Visits (Recreation + Non-Recreation)
CHIS,1999,6,TRVH,514006,Rec Hrs,rec_hrs,Total Recreation Visitor Hours
CHIS,1999,6,TH,594934,Total Hrs,total_hrs,Total Hours (Recreation + Non-Recreation)
CHIS,1999,6,CL,0,Conc Lodging,conc_lodging,Concessioner Lodging Overnight Stays
CHIS,1999,6,CCG,0,Conc Camp,conc_camp,Concessioner Campground Overnight Stays
CHIS,1999,6,TT,0,Tent Camp,tent_camp,Tent Camping Overnight Stays (NPS)
CHIS,1999,6,TRVS,0,Rec Stays,rec_stays,Total Recreation Overnight Stays
CHIS,1999,6,TTRV,0,Tent & RV,tent_rv,Total Tent and RV Camping Stays
CHIS,1999,6,BC,837,Backcountry,backcountry,Backcountry Camping Overnight Stays
CHIS,1999,6,MISC,7191,Misc Stays,misc_stays,Miscellaneous Overnight Stays
CHIS,1999,6,NROS,4176,Non-Rec Stays,non_rec_stays,Non-Recreation Overnight Stays
CHIS,1999,6,TOS,12204,Total Stays,total_stays,Total Overnight Stays
CHIS,1999,6,TNRVH,80928,Non-Rec Hrs,non_rec_hrs,Total Non-Recreation Visitor Hours
CHIS,1999,7,TRV,82870,Rec Visits,rec_visits,Total Recreation Visits
CHIS,1999,7,TNRV,6530,Non-Rec Visits,non_rec_visits,Total Non-Recreation Visits
CHIS,1999,7,TV,89400,Total Visits,total_visits,Total Visits (Recreation + Non-Recreation)
CHIS,1999,7,TRVH,1109216,Rec Hrs,rec_hrs,Total Recreation Visitor Hours
CHIS,1999,7,TH,1265936,Total Hrs,total_hrs,Total Hours (Recreation + Non-Recreation)
CHIS,1999,7,CL,0,Conc Lodging,conc_lodging,Concessioner Lodging Overnight Stays
CHIS,1999,7,CCG,0,Conc Camp,conc_camp,Concessioner Campground Overnight Stays
CHIS,1999,7,TT,0,Tent Camp,tent_camp,Tent Camping Overnight Stays (NPS)
CHIS,1999,7,TRVS,0,Rec Stays,rec_stays,Total Recreation Overnight Stays
CHIS,1999,7,TTRV,0,Tent & RV,tent_rv,Total Tent and RV Camping Stays
CHIS,1999,7,BC,1416,Backcountry,backcountry,Backcountry Camping Overnight Stays
CHIS,1999,7,MISC,14819,Misc Stays,misc_stays,Miscellaneous Overnight Stays
CHIS,1999,7,NROS,6503,Non-Rec Stays,non_rec_stays,Non-Recreation Overnight Stays
CHIS,1999,7,TOS,22738,Total Stays,total_stays,Total Overnight Stays
CHIS,1999,7,TNRVH,156720,Non-Rec Hrs,non_rec_hrs,Total Non-Recreation Visitor Hours
CHIS,1999,8,TRV,68762,Rec Visits,rec_visits,Total Recreation Visits
CHIS,1999,8,TNRV,4855,Non-Rec Visits,non_rec_visits,Total Non-Recreation Visits
CHIS,1999,8,TV,73617,Total Visits,total_visits,Total Visits (Recreation + Non-Recreation)
CHIS,1999,8,TRVH,989802,Rec Hrs,rec_hrs,Total Recreation Visitor Hours
CHIS,1999,8,TH,1106322,Total Hrs,total_hrs,Total Hours (Recreation + Non-Recreation)
CHIS,1999,8,CL,0,Conc Lodging,conc_lodging,Concessioner Lodging Overnight Stays
CHIS,1999,8,CCG,0,Conc Camp,conc_camp,Concessioner Campground Overnight Stays
CHIS,1999,8,TT,0,Tent Camp,tent_camp,Tent Camping Overnight Stays (NPS)
CHIS,1999,8,TRVS,0,Rec Stays,rec_stays,Total Recreation Overnight Stays
CHIS,1999,8,TTRV,0,Tent & RV,tent_rv,Total Tent and RV Camping Stays
CHIS,1999,8,BC,2005,Backcountry,backcountry,Backcountry Camping Overnight Stays
CHIS,1999,8,MISC,17906,Misc Stays,misc_stays,Miscellaneous Overnight Stays
CHIS,1999,8,NROS,2340,Non-Rec Stays,non_rec_stays,Non-Recreation Overnight Stays
CHIS,1999,8,TOS,22251,Total Stays,total_stays,Total Overnight Stays
CHIS,1999,8,TNRVH,116520,Non-Rec Hrs,non_rec_hrs,Total Non-Recreation Visitor Hours
CHIS,1998,1,TRV,28012,Rec Visits,rec_visits,Total Recreation Visits
CHIS,1998,1,TNRV,1148,Non-Rec Visits,non_rec_visits,Total Non-Recreation Visits
CHIS,1998,1,TV,29160,Total Visits,total_visits,Total Visits (Recreation + Non-Recreation)
CHIS,1998,1,TRVH,191501,Rec Hrs,rec_hrs,Total Recreation Visitor Hours
CHIS,1998,1,TH,219053,Total Hrs,total_hrs,Total Hours (Recreation + Non-Recreation)
CHIS,1998,1,CL,0,Conc Lodging,conc_lodging,Concessioner Lodging Overnight Stays
CHIS,1998,1,CCG,0,Conc Camp,conc_camp,Concessioner Campground Overnight Stays
CHIS,1998,1,TT,0,Tent Camp,tent_camp,Tent Camping Overnight Stays (NPS)
CHIS,1998,1,TRVS,0,Rec Stays,rec_stays,Total Recreation Overnight Stays
CHIS,1998,1,TTRV,0,Tent & RV,tent_rv,Total Tent and RV Camping Stays
CHIS,1998,1,BC,4,Backcountry,backcountry,Backcountry Camping Overnight Stays
CHIS,1998,1,MISC,2282,Misc Stays,misc_stays,Miscellaneous Overnight Stays
CHIS,1998,1,NROS,2313,Non-Rec Stays,non_rec_stays,Non-Recreation Overnight Stays
CHIS,1998,1,TOS,4599,Total Stays,total_stays,Total Overnight Stays
CHIS,1998,1,TNRVH,27552,Non-Rec Hrs,non_rec_hrs,Total Non-Recreation Visitor Hours
CHIS,1998,2,TRV,18921,Rec Visits,rec_visits,Total Recreation Visits
CHIS,1998,2,TNRV,752,Non-Rec Visits,non_rec_visits,Total Non-Recreation Visits
CHIS,1998,2,TV,19673,Total Visits,total_visits,Total Visits (Recreation + Non-Recreation)
CHIS,1998,2,TRVH,74176,Rec Hrs,rec_hrs,Total Recreation Visitor Hours
CHIS,1998,2,TH,92224,Total Hrs,total_hrs,Total Hours (Recreation + Non-Recreation)
CHIS,1998,2,CL,0,Conc Lodging,conc_lodging,Concessioner Lodging Overnight Stays
CHIS,1998,2,CCG,0,Conc Camp,conc_camp,Concessioner Campground Overnight Stays
CHIS,1998,2,TT,0,Tent Camp,tent_camp,Tent Camping Overnight Stays (NPS)
CHIS,1998,2,TRVS,0,Rec Stays,rec_stays,Total Recreation Overnight Stays
CHIS,1998,2,TTRV,0,Tent & RV,tent_rv,Total Tent and RV Camping Stays
CHIS,1998,2,BC,1,Backcountry,backcountry,Backcountry Camping Overnight Stays
CHIS,1998,2,MISC,1017,Misc Stays,misc_stays,Miscellaneous Overnight Stays
CHIS,1998,2,NROS,891,Non-Rec Stays,non_rec_stays,Non-Recreation Overnight Stays
CHIS,1998,2,TOS,1909,Total Stays,total_stays,Total Overnight Stays
CHIS,1998,2,TNRVH,18048,Non-Rec Hrs,non_rec_hrs,Total Non-Recreation Visitor Hours
CHIS,1998,3,TRV,42505,Rec Visits,rec_visits,Total Recreation Visits
CHIS,1998,3,TNRV,1048,Non-Rec Visits,non_rec_visits,Total Non-Recreation Visits
CHIS,1998,3,TV,43553,Total Visits,total_visits,Total Visits (Recreation + Non-Recreation)
CHIS,1998,3,TRVH,365493,Rec Hrs,rec_hrs,Total Recreation Visitor Hours
CHIS,1998,3,TH,390645,Total Hrs,total_hrs,Total Hours (Recreation + Non-Recreation)
CHIS,1998,3,CL,0,Conc Lodging,conc_lodging,Concessioner Lodging Overnight Stays
CHIS,1998,3,CCG,0,Conc Camp,conc_camp,Concessioner Campground Overnight Stays
CHIS,1998,3,TT,0,Tent Camp,tent_camp,Tent Camping Overnight Stays (NPS)
CHIS,1998,3,TRVS,0,Rec Stays,rec_stays,Total Recreation Overnight Stays
CHIS,1998,3,TTRV,0,Tent & RV,tent_rv,Total Tent and RV Camping Stays
CHIS,1998,3,BC,148,Backcountry,backcountry,Backcountry Camping Overnight Stays
CHIS,1998,3,MISC,1836,Misc Stays,misc_stays,Miscellaneous Overnight Stays
CHIS,1998,3,NROS,1085,Non-Rec Stays,non_rec_stays,Non-Recreation Overnight Stays
CHIS,1998,3,TOS,3069,Total Stays,total_stays,Total Overnight Stays
CHIS,1998,3,TNRVH,25152,Non-Rec Hrs,non_rec_hrs,Total Non-Recreation Visitor Hours
CHIS,1998,4,TRV,47879,Rec Visits,rec_visits,Total Recreation Visits
CHIS,1998,4,TNRV,2308,Non-Rec Visits,non_rec_visits,Total Non-Recreation Visits
CHIS,1998,4,TV,50187,Total Visits,total_visits,Total Visits (Recreation + Non-Recreation)
CHIS,1998,4,TRVH,411234,Rec Hrs,rec_hrs,Total Recreation Visitor Hours
CHIS,1998,4,TH,466626,Total Hrs,total_hrs,Total Hours (Recreation + Non-Recreation)
CHIS,1998,4,CL,0,Conc Lodging,conc_lodging,Concessioner Lodging Overnight Stays
CHIS,1998,4,CCG,0,Conc Camp,conc_camp,Concessioner Campground Overnight Stays
CHIS,1998,4,TT,0,Tent Camp,tent_camp,Tent Camping Overnight Stays (NPS)
CHIS,1998,4,TRVS,0,Rec Stays,rec_stays,Total Recreation Overnight Stays
CHIS,1998,4,TTRV,0,Tent & RV,tent_rv,Total Tent and RV Camping Stays
CHIS,1998,4,BC,211,Backcountry,backcountry,Backcountry Camping Overnight Stays
CHIS,1998,4,MISC,1913,Misc Stays,misc_stays,Miscellaneous Overnight Stays
CHIS,1998,4,NROS,1062,Non-Rec Stays,non_rec_stays,Non-Recreation Overnight Stays
CHIS,1998,4,TOS,3186,Total Stays,total_stays,Total Overnight Stays
CHIS,1998,4,TNRVH,55392,Non-Rec Hrs,non_rec_hrs,Total Non-Recreation Visitor Hours
CHIS,1998,5,TRV,66763,Rec Visits,rec_visits,Total Recreation Visits
CHIS,1998,5,TNRV,4157,Non-Rec Visits,non_rec_visits,Total Non-Recreation Visits
CHIS,1998,5,TV,70920,Total Visits,total_visits,Total Visits (Recreation + Non-Recreation)
CHIS,1998,5,TRVH,693098,Rec Hrs,rec_hrs,Total Recreation Visitor Hours
CHIS,1998,5,TH,792866,Total Hrs,total_hrs,Total Hours (Recreation + Non-Recreation)
CHIS,1998,5,CL,0,Conc Lodging,conc_lodging,Concessioner Lodging Overnight Stays
CHIS,1998,5,CCG,0,Conc Camp,conc_camp,Concessioner Campground Overnight Stays
CHIS,1998,5,TT,0,Tent Camp,tent_camp,Tent Camping Overnight Stays (NPS)
CHIS,1998,5,TRVS,0,Rec Stays,rec_stays,Total Recreation Overnight Stays
CHIS,1998,5,TTRV,0,Tent & RV,tent_rv,Total Tent and RV Camping Stays
CHIS,1998,5,BC,1177,Backcountry,backcountry,Backcountry Camping Overnight Stays
CHIS,1998,5,MISC,5598,Misc Stays,misc_stays,Miscellaneous Overnight Stays
CHIS,1998,5,NROS,1494,Non-Rec Stays,non_rec_stays,Non-Recreation Overnight Stays
CHIS,1998,5,TOS,8269,Total Stays,total_stays,Total Overnight Stays
CHIS,1998,5,TNRVH,99768,Non-Rec Hrs,non_rec_hrs,Total Non-Recreation Visitor Hours
CHIS,1998,6,TRV,58043,Rec Visits,rec_visits,Total Recreation Visits
CHIS,1998,6,TNRV,4653,Non-Rec Visits,non_rec_visits,Total Non-Recreation Visits
CHIS,1998,6,TV,62696,Total Visits,total_visits,Total Visits (Recreation + Non-Recreation)
CHIS,1998,6,TRVH,703112,Rec Hrs,rec_hrs,Total Recreation Visitor Hours
CHIS,1998,6,TH,814784,Total Hrs,total_hrs,Total Hours (Recreation + Non-Recreation)
CHIS,1998,6,CL,0,Conc Lodging,conc_lodging,Concessioner Lodging Overnight Stays
CHIS,1998,6,CCG,0,Conc Camp,conc_camp,Concessioner Campground Overnight Stays
CHIS,1998,6,TT,0,Tent Camp,tent_camp,Tent Camping Overnight Stays (NPS)
CHIS,1998,6,TRVS,0,Rec Stays,rec_stays,Total Recreation Overnight Stays
CHIS,1998,6,TTRV,0,Tent & RV,tent_rv,Total Tent and RV Camping Stays
CHIS,1998,6,BC,1487,Backcountry,backcountry,Backcountry Camping Overnight Stays
CHIS,1998,6,MISC,9923,Misc Stays,misc_stays,Miscellaneous Overnight Stays
CHIS,1998,6,NROS,2385,Non-Rec Stays,non_rec_stays,Non-Recreation Overnight Stays
CHIS,1998,6,TOS,13795,Total Stays,total_stays,Total Overnight Stays
CHIS,1998,6,TNRVH,111672,Non-Rec Hrs,non_rec_hrs,Total Non-Recreation Visitor Hours
CHIS,1998,7,TRV,64375,Rec Visits,rec_visits,Total Recreation Visits
CHIS,1998,7,TNRV,4277,Non-Rec Visits,non_rec_visits,Total Non-Recreation Visits
CHIS,1998,7,TV,68652,Total Visits,total_visits,Total Visits (Recreation + Non-Recreation)
CHIS,1998,7,TRVH,761801,Rec Hrs,rec_hrs,Total Recreation Visitor Hours
CHIS,1998,7,TH,864449,Total Hrs,total_hrs,Total Hours (Recreation + Non-Recreation)
CHIS,1998,7,CL,0,Conc Lodging,conc_lodging,Concessioner Lodging Overnight Stays
CHIS,1998,7,CCG,0,Conc Camp,conc_camp,Concessioner Campground Overnight Stays
CHIS,1998,7,TT,0,Tent Camp,tent_camp,Tent Camping Overnight Stays (NPS)
CHIS,1998,7,TRVS,0,Rec Stays,rec_stays,Total Recreation Overnight Stays
CHIS,1998,7,TTRV,0,Tent & RV,tent_rv,Total Tent and RV Camping Stays
CHIS,1998,7,BC,1590,Backcountry,backcountry,Backcountry Camping Overnight Stays
CHIS,1998,7,MISC,13239,Misc Stays,misc_stays,Miscellaneous Overnight Stays
CHIS,1998,7,NROS,1197,Non-Rec Stays,non_rec_stays,Non-Recreation Overnight Stays
CHIS,1998,7,TOS,16026,Total Stays,total_stays,Total Overnight Stays
CHIS,1998,7,TNRVH,102648,Non-Rec Hrs,non_rec_hrs,Total Non-Recreation Visitor Hours
CHIS,1998,8,TRV,75567,Rec Visits,rec_visits,Total Recreation Visits
CHIS,1998,8,TNRV,6025,Non-Rec Visits,non_rec_visits,Total Non-Recreation Visits
CHIS,1998,8,TV,81592,Total Visits,total_visits,Total Visits (Recreation + Non-Recreation)
CHIS,1998,8,TRVH,1064423,Rec Hrs,rec_hrs,Total Recreation Visitor Hours
CHIS,1998,8,TH,1209023,Total Hrs,total_hrs,Total Hours (Recreation + Non-Recreation)
CHIS,1998,8,CL,0,Conc Lodging,conc_lodging,Concessioner Lodging Overnight Stays
CHIS,1998,8,CCG,0,Conc Camp,conc_camp,Concessioner Campground Overnight Stays
CHIS,1998,8,TT,0,Tent Camp,tent_camp,Tent Camping Overnight Stays (NPS)
CHIS,1998,8,TRVS,0,Rec Stays,rec_stays,Total Recreation Overnight Stays
CHIS,1998,8,TTRV,0,Tent & RV,tent_rv,Total Tent and RV Camping Stays
CHIS,1998,8,BC,2120,Backcountry,backcountry,Backcountry Camping Overnight Stays
CHIS,1998,8,MISC,22122,Misc Stays,misc_stays,Miscellaneous Overnight Stays
CHIS,1998,8,NROS,5315,Non-Rec Stays,non_rec_stays,Non-Recreation Overnight Stays
CHIS,1998,8,TOS,29557,Total Stays,total_stays,Total Overnight Stays
CHIS,1998,8,TNRVH,144600,Non-Rec Hrs,non_rec_hrs,Total Non-Recreation Visitor Hours
CHIS,1998,9,TRV,58488,Rec Visits,rec_visits,Total Recreation Visits
CHIS,1998,9,TNRV,5375,Non-Rec Visits,non_rec_visits,Total Non-Recreation Visits
CHIS,1998,9,TV,63863,Total Visits,total_visits,Total Visits (Recreation + Non-Recreation)
CHIS,1998,9,TRVH,868102,Rec Hrs,rec_hrs,Total Recreation Visitor Hours
CHIS,1998,9,TH,997102,Total Hrs,total_hrs,Total Hours (Recreation + Non-Recreation)
CHIS,1998,9,CL,0,Conc Lodging,conc_lodging,Concessioner Lodging Overnight Stays
CHIS,1998,9,CCG,0,Conc Camp,conc_camp,Concessioner Campground Overnight Stays
CHIS,1998,9,TT,0,Tent Camp,tent_camp,Tent Camping Overnight Stays (NPS)
CHIS,1998,9,TRVS,0,Rec Stays,rec_stays,Total Recreation Overnight Stays
CHIS,1998,9,TTRV,0,Tent & RV,tent_rv,Total Tent and RV Camping Stays
CHIS,1998,9,BC,3138,Backcountry,backcountry,Backcountry Camping Overnight Stays
CHIS,1998,9,MISC,19125,Misc Stays,misc_stays,Miscellaneous Overnight Stays
CHIS,1998,9,NROS,2754,Non-Rec Stays,non_rec_stays,Non-Recreation Overnight Stays
CHIS,1998,9,TOS,25017,Total Stays,total_stays,Total Overnight Stays
CHIS,1998,9,TNRVH,129000,Non-Rec Hrs,non_rec_hrs,Total Non-Recreation Visitor Hours
CHIS,1998,10,TRV,49207,Rec Visits,rec_visits,Total Recreation Visits
CHIS,1998,10,TNRV,5021,Non-Rec Visits,non_rec_visits,Total Non-Recreation Visits
CHIS,1998,10,TV,54228,Total Visits,total_visits,Total Visits (Recreation + Non-Recreation)
CHIS,1998,10,TRVH,681698,Rec Hrs,rec_hrs,Total Recreation Visitor Hours
CHIS,1998,10,TH,802202,Total Hrs,total_hrs,Total Hours (Recreation + Non-Recreation)
CHIS,1998,10,CL,0,Conc Lodging,conc_lodging,Concessioner Lodging Overnight Stays
CHIS,1998,10,CCG,0,Conc Camp,conc_camp,Concessioner Campground Overnight Stays
CHIS,1998,10,TT,0,Tent Camp,tent_camp,Tent Camping Overnight Stays (NPS)
CHIS,1998,10,TRVS,0,Rec Stays,rec_stays,Total Recreation Overnight Stays
CHIS,1998,10,TTRV,0,Tent & RV,tent_rv,Total Tent and RV Camping Stays
CHIS,1998,10,BC,967,Backcountry,backcountry,Backcountry Camping Overnight Stays
CHIS,1998,10,MISC,10035,Misc Stays,misc_stays,Miscellaneous Overnight Stays
CHIS,1998,10,NROS,2183,Non-Rec Stays,non_rec_stays,Non-Recreation Overnight Stays
CHIS,1998,10,TOS,13185,Total Stays,total_stays,Total Overnight Stays
CHIS,1998,10,TNRVH,120504,Non-Rec Hrs,non_rec_hrs,Total Non-Recreation Visitor Hours
CHIS,1998,11,TRV,43226,Rec Visits,rec_visits,Total Recreation Visits
CHIS,1998,11,TNRV,6223,Non-Rec Visits,non_rec_visits,Total Non-Recreation Visits
CHIS,1998,11,TV,49449,Total Visits,total_visits,Total Visits (Recreation + Non-Recreation)
CHIS,1998,11,TRVH,574586,Rec Hrs,rec_hrs,Total Recreation Visitor Hours
CHIS,1998,11,TH,723938,Total Hrs,total_hrs,Total Hours (Recreation + Non-Recreation)
CHIS,1998,11,CL,0,Conc Lodging,conc_lodging,Concessioner Lodging Overnight Stays
CHIS,1998,11,CCG,0,Conc Camp,conc_camp,Concessioner Campground Overnight Stays
CHIS,1998,11,TT,0,Tent Camp,tent_camp,Tent Camping Overnight Stays (NPS)
CHIS,1998,11,TRVS,0,Rec Stays,rec_stays,Total Recreation Overnight Stays
CHIS,1998,11,TTRV,0,Tent & RV,tent_rv,Total Tent and RV Camping Stays
CHIS,1998,11,BC,403,Backcountry,backcountry,Backcountry Camping Overnight Stays
CHIS,1998,11,MISC,2516,Misc Stays,misc_stays,Miscellaneous Overnight Stays
CHIS,1998,11,NROS,2421,Non-Rec Stays,non_rec_stays,Non-Recreation Overnight Stays
CHIS,1998,11,TOS,5340,Total Stays,total_stays,Total Overnight Stays
CHIS,1998,11,TNRVH,149352,Non-Rec Hrs,non_rec_hrs,Total Non-Recreation Visitor Hours
CHIS,1998,12,TRV,21284,Rec Visits,rec_visits,Total Recreation Visits
CHIS,1998,12,TNRV,733,Non-Rec Visits,non_rec_visits,Total Non-Recreation Visits
CHIS,1998,12,TV,22017,Total Visits,total_visits,Total Visits (Recreation + Non-Recreation)
CHIS,1998,12,TRVH,112544,Rec Hrs,rec_hrs,Total Recreation Visitor Hours
CHIS,1998,12,TH,130136,Total Hrs,total_hrs,Total Hours (Recreation + Non-Recreation)
CHIS,1998,12,CL,0,Conc Lodging,conc_lodging,Concessioner Lodging Overnight Stays
CHIS,1998,12,CCG,0,Conc Camp,conc_camp,Concessioner Campground Overnight Stays
CHIS,1998,12,TT,0,Tent Camp,tent_camp,Tent Camping Overnight Stays (NPS)
CHIS,1998,12,TRVS,0,Rec Stays,rec_stays,Total Recreation Overnight Stays
CHIS,1998,12,TTRV,0,Tent & RV,tent_rv,Total Tent and RV Camping Stays
CHIS,1998,12,BC,68,Backcountry,backcountry,Backcountry Camping Overnight Stays
CHIS,1998,12,MISC,4235,Misc Stays,misc_stays,Miscellaneous Overnight Stays
CHIS,1998,12,NROS,887,Non-Rec Stays,non_rec_stays,Non-Recreation Overnight Stays
CHIS,1998,12,TOS,5190,Total Stays,total_stays,Total Overnight Stays
CHIS,1998,12,TNRVH,17592,Non-Rec Hrs,non_rec_hrs,Total Non-Recreation Visitor Hours
CHIS,1999,9,TRV,51389,Rec Visits,rec_visits,Total Recreation Visits
CHIS,1999,9,TNRV,3500,Non-Rec Visits,non_rec_visits,Total Non-Recreation Visits
CHIS,1999,9,TV,54889,Total Visits,total_visits,Total Visits (Recreation + Non-Recreation)
CHIS,1999,9,TRVH,684520,Rec Hrs,rec_hrs,Total Recreation Visitor Hours
CHIS,1999,9,TH,768520,Total Hrs,total_hrs,Total Hours (Recreation + Non-Recreation)
CHIS,1999,9,CL,0,Conc Lodging,conc_lodging,Concessioner Lodging Overnight Stays
CHIS,1999,9,CCG,0,Conc Camp,conc_camp,Concessioner Campground Overnight Stays
CHIS,1999,9,TT,0,Tent Camp,tent_camp,Tent Camping Overnight Stays (NPS)
CHIS,1999,9,TRVS,0,Rec Stays,rec_stays,Total Recreation Overnight Stays
CHIS,1999,9,TTRV,0,Tent & RV,tent_rv,Total Tent and RV Camping Stays
CHIS,1999,9,BC,1304,Backcountry,backcountry,Backcountry Camping Overnight Stays
CHIS,1999,9,MISC,9257,Misc Stays,misc_stays,Miscellaneous Overnight Stays
CHIS,1999,9,NROS,5751,Non-Rec Stays,non_rec_stays,Non-Recreation Overnight Stays
CHIS,1999,9,TOS,16312,Total Stays,total_stays,Total Overnight Stays
CHIS,1999,9,TNRVH,84000,Non-Rec Hrs,non_rec_hrs,Total Non-Recreation Visitor Hours
CHIS,1999,10,TRV,53603,Rec Visits,rec_visits,Total Recreation Visits
CHIS,1999,10,TNRV,5540,Non-Rec Visits,non_rec_visits,Total Non-Recreation Visits
CHIS,1999,10,TV,59143,Total Visits,total_visits,Total Visits (Recreation + Non-Recreation)
CHIS,1999,10,TRVH,822914,Rec Hrs,rec_hrs,Total Recreation Visitor Hours
CHIS,1999,10,TH,955874,Total Hrs,total_hrs,Total Hours (Recreation + Non-Recreation)
CHIS,1999,10,CL,0,Conc Lodging,conc_lodging,Concessioner Lodging Overnight Stays
CHIS,1999,10,CCG,0,Conc Camp,conc_camp,Concessioner Campground Overnight Stays
CHIS,1999,10,TT,0,Tent Camp,tent_camp,Tent Camping Overnight Stays (NPS)
CHIS,1999,10,TRVS,0,Rec Stays,rec_stays,Total Recreation Overnight Stays
CHIS,1999,10,TTRV,0,Tent & RV,tent_rv,Total Tent and RV Camping Stays
CHIS,1999,10,BC,984,Backcountry,backcountry,Backcountry Camping Overnight Stays
CHIS,1999,10,MISC,12771,Misc Stays,misc_stays,Miscellaneous Overnight Stays
CHIS,1999,10,NROS,11147,Non-Rec Stays,non_rec_stays,Non-Recreation Overnight Stays
CHIS,1999,10,TOS,24902,Total Stays,total_stays,Total Overnight Stays
CHIS,1999,10,TNRVH,132960,Non-Rec Hrs,non_rec_hrs,Total Non-Recreation Visitor Hours
CHIS,1999,11,TRV,37893,Rec Visits,rec_visits,Total Recreation Visits
CHIS,1999,11,TNRV,3317,Non-Rec Visits,non_rec_visits,Total Non-Recreation Visits
CHIS,1999,11,TV,41210,Total Visits,total_visits,Total Visits (Recreation + Non-Recreation)
CHIS,1999,11,TRVH,449710,Rec Hrs,rec_hrs,Total Recreation Visitor Hours
CHIS,1999,11,TH,529318,Total Hrs,total_hrs,Total Hours (Recreation + Non-Recreation)
CHIS,1999,11,CL,0,Conc Lodging,conc_lodging,Concessioner Lodging Overnight Stays
CHIS,1999,11,CCG,0,Conc Camp,conc_camp,Concessioner Campground Overnight Stays
CHIS,1999,11,TT,0,Tent Camp,tent_camp,Tent Camping Overnight Stays (NPS)
CHIS,1999,11,TRVS,0,Rec Stays,rec_stays,Total Recreation Overnight Stays
CHIS,1999,11,TTRV,0,Tent & RV,tent_rv,Total Tent and RV Camping Stays
CHIS,1999,11,BC,319,Backcountry,backcountry,Backcountry Camping Overnight Stays
CHIS,1999,11,MISC,3960,Misc Stays,misc_stays,Miscellaneous Overnight Stays
CHIS,1999,11,NROS,4163,Non-Rec Stays,non_rec_stays,Non-Recreation Overnight Stays
CHIS,1999,11,TOS,8442,Total Stays,total_stays,Total Overnight Stays
CHIS,1999,11,TNRVH,79608,Non-Rec Hrs,non_rec_hrs,Total Non-Recreation Visitor Hours
CHIS,1999,12,TRV,28695,Rec Visits,rec_visits,Total Recreation Visits
CHIS,1999,12,TNRV,1782,Non-Rec Visits,non_rec_visits,Total Non-Recreation Visits
CHIS,1999,12,TV,30477,Total Visits,total_visits,Total Visits (Recreation + Non-Recreation)
CHIS,1999,12,TRVH,241397,Rec Hrs,rec_hrs,Total Recreation Visitor Hours
CHIS,1999,12,TH,284165,Total Hrs,total_hrs,Total Hours (Recreation + Non-Recreation)
CHIS,1999,12,CL,0,Conc Lodging,conc_lodging,Concessioner Lodging Overnight Stays
CHIS,1999,12,CCG,0,Conc Camp,conc_camp,Concessioner Campground Overnight Stays
CHIS,1999,12,TT,0,Tent Camp,tent_camp,Tent Camping Overnight Stays (NPS)
CHIS,1999,12,TRVS,0,Rec Stays,rec_stays,Total Recreation Overnight Stays
CHIS,1999,12,TTRV,0,Tent & RV,tent_rv,Total Tent and RV Camping Stays
CHIS,1999,12,BC,237,Backcountry,backcountry,Backcountry Camping Overnight Stays
CHIS,1999,12,MISC,2084,Misc Stays,misc_stays,Miscellaneous Overnight Stays
CHIS,1999,12,NROS,2138,Non-Rec Stays,non_rec_stays,Non-Recreation Overnight Stays
CHIS,1999,12,TOS,4459,Total Stays,total_stays,Total Overnight Stays
CHIS,1999,12,TNRVH,42768,Non-Rec Hrs,non_rec_hrs,Total Non-Recreation Visitor Hours
CHIS,2000,1,TRV,25593,Rec Visits,rec_visits,Total Recreation Visits
CHIS,2000,1,TNRV,1081,Non-Rec Visits,non_rec_visits,Total Non-Recreation Visits
CHIS,2000,1,TV,26674,Total Visits,total_visits,Total Visits (Recreation + Non-Recreation)
CHIS,2000,1,TRVH,154626,Rec Hrs,rec_hrs,Total Recreation Visitor Hours
CHIS,2000,1,TH,180570,Total Hrs,total_hrs,Total Hours (Recreation + Non-Recreation)
CHIS,2000,1,CL,0,Conc Lodging,conc_lodging,Concessioner Lodging Overnight Stays
CHIS,2000,1,CCG,0,Conc Camp,conc_camp,Concessioner Campground Overnight Stays
CHIS,2000,1,TT,0,Tent Camp,tent_camp,Tent Camping Overnight Stays (NPS)
CHIS,2000,1,TRVS,0,Rec Stays,rec_stays,Total Recreation Overnight Stays
CHIS,2000,1,TTRV,0,Tent & RV,tent_rv,Total Tent and RV Camping Stays
CHIS,2000,1,BC,206,Backcountry,backcountry,Backcountry Camping Overnight Stays
CHIS,2000,1,MISC,2390,Misc Stays,misc_stays,Miscellaneous Overnight Stays
CHIS,2000,1,NROS,1836,Non-Rec Stays,non_rec_stays,Non-Recreation Overnight Stays
CHIS,2000,1,TOS,4432,Total Stays,total_stays,Total Overnight Stays
CHIS,2000,1,TNRVH,25944,Non-Rec Hrs,non_rec_hrs,Total Non-Recreation Visitor Hours
CHIS,2000,2,TRV,22835,Rec Visits,rec_visits,Total Recreation Visits
CHIS,2000,2,TNRV,3968,Non-Rec Visits,non_rec_visits,Total Non-Recreation Visits
CHIS,2000,2,TV,26803,Total Visits,total_visits,Total Visits (Recreation + Non-Recreation)
CHIS,2000,2,TRVH,95665,Rec Hrs,rec_hrs,Total Recreation Visitor Hours
CHIS,2000,2,TH,190897,Total Hrs,total_hrs,Total Hours (Recreation + Non-Recreation)
CHIS,2000,2,CL,0,Conc Lodging,conc_lodging,Concessioner Lodging Overnight Stays
CHIS,2000,2,CCG,0,Conc Camp,conc_camp,Concessioner Campground Overnight Stays
CHIS,2000,2,TT,0,Tent Camp,tent_camp,Tent Camping Overnight Stays (NPS)
CHIS,2000,2,TRVS,0,Rec Stays,rec_stays,Total Recreation Overnight Stays
CHIS,2000,2,TTRV,0,Tent & RV,tent_rv,Total Tent and RV Camping Stays
CHIS,2000,2,BC,41,Backcountry,backcountry,Backcountry Camping Overnight Stays
CHIS,2000,2,MISC,671,Misc Stays,misc_stays,Miscellaneous Overnight Stays
CHIS,2000,2,NROS,11646,Non-Rec Stays,non_rec_stays,Non-Recreation Overnight Stays
CHIS,2000,2,TOS,12358,Total Stays,total_stays,Total Overnight Stays
CHIS,2000,2,TNRVH,95232,Non-Rec Hrs,non_rec_hrs,Total Non-Recreation Visitor Hours
CHIS,2000,3,TRV,36054,Rec Visits,rec_visits,Total Recreation Visits
CHIS,2000,3,TNRV,1035,Non-Rec Visits,non_rec_visits,Total Non-Recreation Visits
CHIS,2000,3,TV,37089,Total Visits,total_visits,Total Visits (Recreation + Non-Recreation)
CHIS,2000,3,TRVH,274793,Rec Hrs,rec_hrs,Total Recreation Visitor Hours
CHIS,2000,3,TH,299633,Total Hrs,total_hrs,Total Hours (Recreation + Non-Recreation)
CHIS,2000,3,CL,0,Conc Lodging,conc_lodging,Concessioner Lodging Overnight Stays
CHIS,2000,3,CCG,0,Conc Camp,conc_camp,Concessioner Campground Overnight Stays
CHIS,2000,3,TT,0,Tent Camp,tent_camp,Tent Camping Overnight Stays (NPS)
CHIS,2000,3,TRVS,0,Rec Stays,rec_stays,Total Recreation Overnight Stays
CHIS,2000,3,TTRV,0,Tent & RV,tent_rv,Total Tent and RV Camping Stays
CHIS,2000,3,BC,393,Backcountry,backcountry,Backcountry Camping Overnight Stays
CHIS,2000,3,MISC,783,Misc Stays,misc_stays,Miscellaneous Overnight Stays
CHIS,2000,3,NROS,1458,Non-Rec Stays,non_rec_stays,Non-Recreation Overnight Stays
CHIS,2000,3,TOS,2634,Total Stays,total_stays,Total Overnight Stays
CHIS,2000,3,TNRVH,24840,Non-Rec Hrs,non_rec_hrs,Total Non-Recreation Visitor Hours
CHIS,2000,4,TRV,40524,Rec Visits,rec_visits,Total Recreation Visits
CHIS,2000,4,TNRV,937,Non-Rec Visits,non_rec_visits,Total Non-Recreation Visits
CHIS,2000,4,TV,41461,Total Visits,total_visits,Total Visits (Recreation + Non-Recreation)
CHIS,2000,4,TRVH,290840,Rec Hrs,rec_hrs,Total Recreation Visitor Hours
CHIS,2000,4,TH,313328,Total Hrs,total_hrs,Total Hours (Recreation + Non-Recreation)
CHIS,2000,4,CL,0,Conc Lodging,conc_lodging,Concessioner Lodging Overnight Stays
CHIS,2000,4,CCG,0,Conc Camp,conc_camp,Concessioner Campground Overnight Stays
CHIS,2000,4,TT,0,Tent Camp,tent_camp,Tent Camping Overnight Stays (NPS)
CHIS,2000,4,TRVS,0,Rec Stays,rec_stays,Total Recreation Overnight Stays
CHIS,2000,4,TTRV,0,Tent & RV,tent_rv,Total Tent and RV Camping Stays
CHIS,2000,4,BC,844,Backcountry,backcountry,Backcountry Camping Overnight Stays
CHIS,2000,4,MISC,1742,Misc Stays,misc_stays,Miscellaneous Overnight Stays
CHIS,2000,4,NROS,990,Non-Rec Stays,non_rec_stays,Non-Recreation Overnight Stays
CHIS,2000,4,TOS,3576,Total Stays,total_stays,Total Overnight Stays
CHIS,2000,4,TNRVH,22488,Non-Rec Hrs,non_rec_hrs,Total Non-Recreation Visitor Hours
CHIS,2000,5,TRV,53695,Rec Visits,rec_visits,Total Recreation Visits
CHIS,2000,5,TNRV,1814,Non-Rec Visits,non_rec_visits,Total Non-Recreation Visits
CHIS,2000,5,TV,55509,Total Visits,total_visits,Total Visits (Recreation + Non-Recreation)
CHIS,2000,5,TRVH,598481,Rec Hrs,rec_hrs,Total Recreation Visitor Hours
CHIS,2000,5,TH,642017,Total Hrs,total_hrs,Total Hours (Recreation + Non-Recreation)
CHIS,2000,5,CL,0,Conc Lodging,conc_lodging,Concessioner Lodging Overnight Stays
CHIS,2000,5,CCG,0,Conc Camp,conc_camp,Concessioner Campground Overnight Stays
CHIS,2000,5,TT,0,Tent Camp,tent_camp,Tent Camping Overnight Stays (NPS)
CHIS,2000,5,TRVS,0,Rec Stays,rec_stays,Total Recreation Overnight Stays
CHIS,2000,5,TTRV,0,Tent & RV,tent_rv,Total Tent and RV Camping Stays
CHIS,2000,5,BC,1143,Backcountry,backcountry,Backcountry Camping Overnight Stays
CHIS,2000,5,MISC,6309,Misc Stays,misc_stays,Miscellaneous Overnight Stays
CHIS,2000,5,NROS,2133,Non-Rec Stays,non_rec_stays,Non-Recreation Overnight Stays
CHIS,2000,5,TOS,9585,Total Stays,total_stays,Total Overnight Stays
CHIS,2000,5,TNRVH,43536,Non-Rec Hrs,non_rec_hrs,Total Non-Recreation Visitor Hours
CHIS,2000,6,TRV,51410,Rec Visits,rec_visits,Total Recreation Visits
CHIS,2000,6,TNRV,2056,Non-Rec Visits,non_rec_visits,Total Non-Recreation Visits
CHIS,2000,6,TV,53466,Total Visits,total_visits,Total Visits (Recreation + Non-Recreation)
CHIS,2000,6,TRVH,490863,Rec Hrs,rec_hrs,Total Recreation Visitor Hours
CHIS,2000,6,TH,540207,Total Hrs,total_hrs,Total Hours (Recreation + Non-Recreation)
CHIS,2000,6,CL,0,Conc Lodging,conc_lodging,Concessioner Lodging Overnight Stays
CHIS,2000,6,CCG,0,Conc Camp,conc_camp,Concessioner Campground Overnight Stays
CHIS,2000,6,TT,0,Tent Camp,tent_camp,Tent Camping Overnight Stays (NPS)
CHIS,2000,6,TRVS,0,Rec Stays,rec_stays,Total Recreation Overnight Stays
CHIS,2000,6,TTRV,0,Tent & RV,tent_rv,Total Tent and RV Camping Stays
CHIS,2000,6,BC,1183,Backcountry,backcountry,Backcountry Camping Overnight Stays
CHIS,2000,6,MISC,7290,Misc Stays,misc_stays,Miscellaneous Overnight Stays
CHIS,2000,6,NROS,2480,Non-Rec Stays,non_rec_stays,Non-Recreation Overnight Stays
CHIS,2000,6,TOS,10953,Total Stays,total_stays,Total Overnight Stays
CHIS,2000,6,TNRVH,49344,Non-Rec Hrs,non_rec_hrs,Total Non-Recreation Visitor Hours
CHIS,2000,7,TRV,58609,Rec Visits,rec_visits,Total Recreation Visits
CHIS,2000,7,TNRV,2326,Non-Rec Visits,non_rec_visits,Total Non-Recreation Visits
CHIS,2000,7,TV,60935,Total Visits,total_visits,Total Visits (Recreation + Non-Recreation)
CHIS,2000,7,TRVH,640250,Rec Hrs,rec_hrs,Total Recreation Visitor Hours
CHIS,2000,7,TH,696074,Total Hrs,total_hrs,Total Hours (Recreation + Non-Recreation)
CHIS,2000,7,CL,0,Conc Lodging,conc_lodging,Concessioner Lodging Overnight Stays
CHIS,2000,7,CCG,0,Conc Camp,conc_camp,Concessioner Campground Overnight Stays
CHIS,2000,7,TT,0,Tent Camp,tent_camp,Tent Camping Overnight Stays (NPS)
CHIS,2000,7,TRVS,0,Rec Stays,rec_stays,Total Recreation Overnight Stays
CHIS,2000,7,TTRV,0,Tent & RV,tent_rv,Total Tent and RV Camping Stays
CHIS,2000,7,BC,1768,Backcountry,backcountry,Backcountry Camping Overnight Stays
CHIS,2000,7,MISC,10305,Misc Stays,misc_stays,Miscellaneous Overnight Stays
CHIS,2000,7,NROS,1643,Non-Rec Stays,non_rec_stays,Non-Recreation Overnight Stays
CHIS,2000,7,TOS,13716,Total Stays,total_stays,Total Overnight Stays
CHIS,2000,7,TNRVH,55824,Non-Rec Hrs,non_rec_hrs,Total Non-Recreation Visitor Hours
CHIS,2000,8,TRV,59677,Rec Visits,rec_visits,Total Recreation Visits
CHIS,2000,8,TNRV,2232,Non-Rec Visits,non_rec_visits,Total Non-Recreation Visits
CHIS,2000,8,TV,61909,Total Visits,total_visits,Total Visits (Recreation + Non-Recreation)
CHIS,2000,8,TRVH,641469,Rec Hrs,rec_hrs,Total Recreation Visitor Hours
CHIS,2000,8,TH,695037,Total Hrs,total_hrs,Total Hours (Recreation + Non-Recreation)
CHIS,2000,8,CL,0,Conc Lodging,conc_lodging,Concessioner Lodging Overnight Stays
CHIS,2000,8,CCG,0,Conc Camp,conc_camp,Concessioner Campground Overnight Stays
CHIS,2000,8,TT,0,Tent Camp,tent_camp,Tent Camping Overnight Stays (NPS)
CHIS,2000,8,TRVS,0,Rec Stays,rec_stays,Total Recreation Overnight Stays
CHIS,2000,8,TTRV,0,Tent & RV,tent_rv,Total Tent and RV Camping Stays
CHIS,2000,8,BC,2172,Backcountry,backcountry,Backcountry Camping Overnight Stays
CHIS,2000,8,MISC,11444,Misc Stays,misc_stays,Miscellaneous Overnight Stays
CHIS,2000,8,NROS,3218,Non-Rec Stays,non_rec_stays,Non-Recreation Overnight Stays
CHIS,2000,8,TOS,16834,Total Stays,total_stays,Total Overnight Stays
CHIS,2000,8,TNRVH,53568,Non-Rec Hrs,non_rec_hrs,Total Non-Recreation Visitor Hours
CHIS,2000,9,TRV,55317,Rec Visits,rec_visits,Total Recreation Visits
CHIS,2000,9,TNRV,1588,Non-Rec Visits,non_rec_visits,Total Non-Recreation Visits
CHIS,2000,9,TV,56905,Total Visits,total_visits,Total Visits (Recreation + Non-Recreation)
CHIS,2000,9,TRVH,554801,Rec Hrs,rec_hrs,Total Recreation Visitor Hours
CHIS,2000,9,TH,592913,Total Hrs,total_hrs,Total Hours (Recreation + Non-Recreation)
CHIS,2000,9,CL,0,Conc Lodging,conc_lodging,Concessioner Lodging Overnight Stays
CHIS,2000,9,CCG,0,Conc Camp,conc_camp,Concessioner Campground Overnight Stays
CHIS,2000,9,TT,0,Tent Camp,tent_camp,Tent Camping Overnight Stays (NPS)
CHIS,2000,9,TRVS,0,Rec Stays,rec_stays,Total Recreation Overnight Stays
CHIS,2000,9,TTRV,0,Tent & RV,tent_rv,Total Tent and RV Camping Stays
CHIS,2000,9,BC,1235,Backcountry,backcountry,Backcountry Camping Overnight Stays
CHIS,2000,9,MISC,9590,Misc Stays,misc_stays,Miscellaneous Overnight Stays
CHIS,2000,9,NROS,963,Non-Rec Stays,non_rec_stays,Non-Recreation Overnight Stays
CHIS,2000,9,TOS,11788,Total Stays,total_stays,Total Overnight Stays
CHIS,2000,9,TNRVH,38112,Non-Rec Hrs,non_rec_hrs,Total Non-Recreation Visitor Hours
CHIS,2000,10,TRV,25547,Rec Visits,rec_visits,Total Recreation Visits
CHIS,2000,10,TNRV,1353,Non-Rec Visits,non_rec_visits,Total Non-Recreation Visits
CHIS,2000,10,TV,26900,Total Visits,total_visits,Total Visits (Recreation + Non-Recreation)
CHIS,2000,10,TRVH,246034,Rec Hrs,rec_hrs,Total Recreation Visitor Hours
CHIS,2000,10,TH,278506,Total Hrs,total_hrs,Total Hours (Recreation + Non-Recreation)
CHIS,2000,10,CL,0,Conc Lodging,conc_lodging,Concessioner Lodging Overnight Stays
CHIS,2000,10,CCG,0,Conc Camp,conc_camp,Concessioner Campground Overnight Stays
CHIS,2000,10,TT,0,Tent Camp,tent_camp,Tent Camping Overnight Stays (NPS)
CHIS,2000,10,TRVS,0,Rec Stays,rec_stays,Total Recreation Overnight Stays
CHIS,2000,10,TTRV,0,Tent & RV,tent_rv,Total Tent and RV Camping Stays
CHIS,2000,10,BC,731,Backcountry,backcountry,Backcountry Camping Overnight Stays
CHIS,2000,10,MISC,3411,Misc Stays,misc_stays,Miscellaneous Overnight Stays
CHIS,2000,10,NROS,1593,Non-Rec Stays,non_rec_stays,Non-Recreation Overnight Stays
CHIS,2000,10,TOS,5735,Total Stays,total_stays,Total Overnight Stays
CHIS,2000,10,TNRVH,32472,Non-Rec Hrs,non_rec_hrs,Total Non-Recreation Visitor Hours
CHIS,2000,11,TRV,25772,Rec Visits,rec_visits,Total Recreation Visits
CHIS,2000,11,TNRV,1007,Non-Rec Visits,non_rec_visits,Total Non-Recreation Visits
CHIS,2000,11,TV,26779,Total Visits,total_visits,Total Visits (Recreation + Non-Recreation)
CHIS,2000,11,TRVH,156760,Rec Hrs,rec_hrs,Total Recreation Visitor Hours
CHIS,2000,11,TH,180928,Total Hrs,total_hrs,Total Hours (Recreation + Non-Recreation)
CHIS,2000,11,CL,0,Conc Lodging,conc_lodging,Concessioner Lodging Overnight Stays
CHIS,2000,11,CCG,0,Conc Camp,conc_camp,Concessioner Campground Overnight Stays
CHIS,2000,11,TT,0,Tent Camp,tent_camp,Tent Camping Overnight Stays (NPS)
CHIS,2000,11,TRVS,0,Rec Stays,rec_stays,Total Recreation Overnight Stays
CHIS,2000,11,TTRV,0,Tent & RV,tent_rv,Total Tent and RV Camping Stays
CHIS,2000,11,BC,319,Backcountry,backcountry,Backcountry Camping Overnight Stays
CHIS,2000,11,MISC,2466,Misc Stays,misc_stays,Miscellaneous Overnight Stays
CHIS,2000,11,NROS,1998,Non-Rec Stays,non_rec_stays,Non-Recreation Overnight Stays
CHIS,2000,11,TOS,4783,Total Stays,total_stays,Total Overnight Stays
CHIS,2000,11,TNRVH,24168,Non-Rec Hrs,non_rec_hrs,Total Non-Recreation Visitor Hours
CHIS,2000,12,TRV,27538,Rec Visits,rec_visits,Total Recreation Visits
CHIS,2000,12,TNRV,816,Non-Rec Visits,non_rec_visits,Total Non-Recreation Visits
CHIS,2000,12,TV,28354,Total Visits,total_visits,Total Visits (Recreation + Non-Recreation)
CHIS,2000,12,TRVH,125558,Rec Hrs,rec_hrs,Total Recreation Visitor Hours
CHIS,2000,12,TH,145142,Total Hrs,total_hrs,Total Hours (Recreation + Non-Recreation)
CHIS,2000,12,CL,0,Conc Lodging,conc_lodging,Concessioner Lodging Overnight Stays
CHIS,2000,12,CCG,0,Conc Camp,conc_camp,Concessioner Campground Overnight Stays
CHIS,2000,12,TT,0,Tent Camp,tent_camp,Tent Camping Overnight Stays (NPS)
CHIS,2000,12,TRVS,0,Rec Stays,rec_stays,Total Recreation Overnight Stays
CHIS,2000,12,TTRV,0,Tent & RV,tent_rv,Total Tent and RV Camping Stays
CHIS,2000,12,BC,192,Backcountry,backcountry,Backcountry Camping Overnight Stays
CHIS,2000,12,MISC,2655,Misc Stays,misc_stays,Miscellaneous Overnight Stays
CHIS,2000,12,NROS,1773,Non-Rec Stays,non_rec_stays,Non-Recreation Overnight Stays
CHIS,2000,12,TOS,4620,Total Stays,total_stays,Total Overnight Stays
CHIS,2000,12,TNRVH,19584,Non-Rec Hrs,non_rec_hrs,Total Non-Recreation Visitor Hours
CHIS,2004,1,TRV,37978,Rec Visits,rec_visits,Total Recreation Visits
CHIS,2004,1,TNRV,918,Non-Rec Visits,non_rec_visits,Total Non-Recreation Visits
CHIS,2004,1,TV,38896,Total Visits,total_visits,Total Visits (Recreation + Non-Recreation)
CHIS,2004,1,TRVH,304946,Rec Hrs,rec_hrs,Total Recreation Visitor Hours
CHIS,2004,1,TH,326978,Total Hrs,total_hrs,Total Hours (Recreation + Non-Recreation)
CHIS,2004,1,CL,0,Conc Lodging,conc_lodging,Concessioner Lodging Overnight Stays
CHIS,2004,1,CCG,0,Conc Camp,conc_camp,Concessioner Campground Overnight Stays
CHIS,2004,1,TT,0,Tent Camp,tent_camp,Tent Camping Overnight Stays (NPS)
CHIS,2004,1,TRVS,0,Rec Stays,rec_stays,Total Recreation Overnight Stays
CHIS,2004,1,TTRV,0,Tent & RV,tent_rv,Total Tent and RV Camping Stays
CHIS,2004,1,BC,320,Backcountry,backcountry,Backcountry Camping Overnight Stays
CHIS,2004,1,MISC,1926,Misc Stays,misc_stays,Miscellaneous Overnight Stays
CHIS,2004,1,NROS,2421,Non-Rec Stays,non_rec_stays,Non-Recreation Overnight Stays
CHIS,2004,1,TOS,4667,Total Stays,total_stays,Total Overnight Stays
CHIS,2004,1,TNRVH,22032,Non-Rec Hrs,non_rec_hrs,Total Non-Recreation Visitor Hours
CHIS,2004,2,TRV,30637,Rec Visits,rec_visits,Total Recreation Visits
CHIS,2004,2,TNRV,938,Non-Rec Visits,non_rec_visits,Total Non-Recreation Visits
CHIS,2004,2,TV,31575,Total Visits,total_visits,Total Visits (Recreation + Non-Recreation)
CHIS,2004,2,TRVH,221036,Rec Hrs,rec_hrs,Total Recreation Visitor Hours
CHIS,2004,2,TH,243548,Total Hrs,total_hrs,Total Hours (Recreation + Non-Recreation)
CHIS,2004,2,CL,0,Conc Lodging,conc_lodging,Concessioner Lodging Overnight Stays
CHIS,2004,2,CCG,0,Conc Camp,conc_camp,Concessioner Campground Overnight Stays
CHIS,2004,2,TT,0,Tent Camp,tent_camp,Tent Camping Overnight Stays (NPS)
CHIS,2004,2,TRVS,0,Rec Stays,rec_stays,Total Recreation Overnight Stays
CHIS,2004,2,TTRV,0,Tent & RV,tent_rv,Total Tent and RV Camping Stays
CHIS,2004,2,BC,191,Backcountry,backcountry,Backcountry Camping Overnight Stays
CHIS,2004,2,MISC,1877,Misc Stays,misc_stays,Miscellaneous Overnight Stays
CHIS,2004,2,NROS,864,Non-Rec Stays,non_rec_stays,Non-Recreation Overnight Stays
CHIS,2004,2,TOS,2932,Total Stays,total_stays,Total Overnight Stays
CHIS,2004,2,TNRVH,22512,Non-Rec Hrs,non_rec_hrs,Total Non-Recreation Visitor Hours
CHIS,2004,3,TRV,40684,Rec Visits,rec_visits,Total Recreation Visits
CHIS,2004,3,TNRV,632,Non-Rec Visits,non_rec_visits,Total Non-Recreation Visits
CHIS,2004,3,TV,41316,Total Visits,total_visits,Total Visits (Recreation + Non-Recreation)
CHIS,2004,3,TRVH,348634,Rec Hrs,rec_hrs,Total Recreation Visitor Hours
CHIS,2004,3,TH,363802,Total Hrs,total_hrs,Total Hours (Recreation + Non-Recreation)
CHIS,2004,3,CL,0,Conc Lodging,conc_lodging,Concessioner Lodging Overnight Stays
CHIS,2004,3,CCG,0,Conc Camp,conc_camp,Concessioner Campground Overnight Stays
CHIS,2004,3,TT,0,Tent Camp,tent_camp,Tent Camping Overnight Stays (NPS)
CHIS,2004,3,TRVS,0,Rec Stays,rec_stays,Total Recreation Overnight Stays
CHIS,2004,3,TTRV,0,Tent & RV,tent_rv,Total Tent and RV Camping Stays
CHIS,2004,3,BC,372,Backcountry,backcountry,Backcountry Camping Overnight Stays
CHIS,2004,3,MISC,3002,Misc Stays,misc_stays,Miscellaneous Overnight Stays
CHIS,2004,3,NROS,887,Non-Rec Stays,non_rec_stays,Non-Recreation Overnight Stays
CHIS,2004,3,TOS,4261,Total Stays,total_stays,Total Overnight Stays
CHIS,2004,3,TNRVH,15168,Non-Rec Hrs,non_rec_hrs,Total Non-Recreation Visitor Hours
CHIS,2004,4,TRV,56831,Rec Visits,rec_visits,Total Recreation Visits
CHIS,2004,4,TNRV,1194,Non-Rec Visits,non_rec_visits,Total Non-Recreation Visits
CHIS,2004,4,TV,58025,Total Visits,total_visits,Total Visits (Recreation + Non-Recreation)
CHIS,2004,4,TRVH,612107,Rec Hrs,rec_hrs,Total Recreation Visitor Hours
CHIS,2004,4,TH,640763,Total Hrs,total_hrs,Total Hours (Recreation + Non-Recreation)
CHIS,2004,4,CL,0,Conc Lodging,conc_lodging,Concessioner Lodging Overnight Stays
CHIS,2004,4,CCG,0,Conc Camp,conc_camp,Concessioner Campground Overnight Stays
CHIS,2004,4,TT,0,Tent Camp,tent_camp,Tent Camping Overnight Stays (NPS)
CHIS,2004,4,TRVS,0,Rec Stays,rec_stays,Total Recreation Overnight Stays
CHIS,2004,4,TTRV,0,Tent & RV,tent_rv,Total Tent and RV Camping Stays
CHIS,2004,4,BC,1807,Backcountry,backcountry,Backcountry Camping Overnight Stays
CHIS,2004,4,MISC,6453,Misc Stays,misc_stays,Miscellaneous Overnight Stays
CHIS,2004,4,NROS,2376,Non-Rec Stays,non_rec_stays,Non-Recreation Overnight Stays
CHIS,2004,4,TOS,10636,Total Stays,total_stays,Total Overnight Stays
CHIS,2004,4,TNRVH,28656,Non-Rec Hrs,non_rec_hrs,Total Non-Recreation Visitor Hours
CHIS,2004,5,TRV,61310,Rec Visits,rec_visits,Total Recreation Visits
CHIS,2004,5,TNRV,1376,Non-Rec Visits,non_rec_visits,Total Non-Recreation Visits
CHIS,2004,5,TV,62686,Total Visits,total_visits,Total Visits (Recreation + Non-Recreation)
CHIS,2004,5,TRVH,664304,Rec Hrs,rec_hrs,Total Recreation Visitor Hours
CHIS,2004,5,TH,697328,Total Hrs,total_hrs,Total Hours (Recreation + Non-Recreation)
CHIS,2004,5,CL,0,Conc Lodging,conc_lodging,Concessioner Lodging Overnight Stays
CHIS,2004,5,CCG,0,Conc Camp,conc_camp,Concessioner Campground Overnight Stays
CHIS,2004,5,TT,0,Tent Camp,tent_camp,Tent Camping Overnight Stays (NPS)
CHIS,2004,5,TRVS,0,Rec Stays,rec_stays,Total Recreation Overnight Stays
CHIS,2004,5,TTRV,0,Tent & RV,tent_rv,Total Tent and RV Camping Stays
CHIS,2004,5,BC,1874,Backcountry,backcountry,Backcountry Camping Overnight Stays
CHIS,2004,5,MISC,15309,Misc Stays,misc_stays,Miscellaneous Overnight Stays
CHIS,2004,5,NROS,1895,Non-Rec Stays,non_rec_stays,Non-Recreation Overnight Stays
CHIS,2004,5,TOS,19078,Total Stays,total_stays,Total Overnight Stays
CHIS,2004,5,TNRVH,33024,Non-Rec Hrs,non_rec_hrs,Total Non-Recreation Visitor Hours
CHIS,2004,6,TRV,58033,Rec Visits,rec_visits,Total Recreation Visits
CHIS,2004,6,TNRV,1046,Non-Rec Visits,non_rec_visits,Total Non-Recreation Visits
CHIS,2004,6,TV,59079,Total Visits,total_visits,Total Visits (Recreation + Non-Recreation)
CHIS,2004,6,TRVH,561590,Rec Hrs,rec_hrs,Total Recreation Visitor Hours
CHIS,2004,6,TH,586694,Total Hrs,total_hrs,Total Hours (Recreation + Non-Recreation)
CHIS,2004,6,CL,0,Conc Lodging,conc_lodging,Concessioner Lodging Overnight Stays
CHIS,2004,6,CCG,0,Conc Camp,conc_camp,Concessioner Campground Overnight Stays
CHIS,2004,6,TT,0,Tent Camp,tent_camp,Tent Camping Overnight Stays (NPS)
CHIS,2004,6,TRVS,0,Rec Stays,rec_stays,Total Recreation Overnight Stays
CHIS,2004,6,TTRV,0,Tent & RV,tent_rv,Total Tent and RV Camping Stays
CHIS,2004,6,BC,1917,Backcountry,backcountry,Backcountry Camping Overnight Stays
CHIS,2004,6,MISC,7133,Misc Stays,misc_stays,Miscellaneous Overnight Stays
CHIS,2004,6,NROS,1427,Non-Rec Stays,non_rec_stays,Non-Recreation Overnight Stays
CHIS,2004,6,TOS,10477,Total Stays,total_stays,Total Overnight Stays
CHIS,2004,6,TNRVH,25104,Non-Rec Hrs,non_rec_hrs,Total Non-Recreation Visitor Hours
CHIS,2004,7,TRV,62994,Rec Visits,rec_visits,Total Recreation Visits
CHIS,2004,7,TNRV,1673,Non-Rec Visits,non_rec_visits,Total Non-Recreation Visits
CHIS,2004,7,TV,64667,Total Visits,total_visits,Total Visits (Recreation + Non-Recreation)
CHIS,2004,7,TRVH,690620,Rec Hrs,rec_hrs,Total Recreation Visitor Hours
CHIS,2004,7,TH,730772,Total Hrs,total_hrs,Total Hours (Recreation + Non-Recreation)
CHIS,2004,7,CL,0,Conc Lodging,conc_lodging,Concessioner Lodging Overnight Stays
CHIS,2004,7,CCG,0,Conc Camp,conc_camp,Concessioner Campground Overnight Stays
CHIS,2004,7,TT,0,Tent Camp,tent_camp,Tent Camping Overnight Stays (NPS)
CHIS,2004,7,TRVS,0,Rec Stays,rec_stays,Total Recreation Overnight Stays
CHIS,2004,7,TTRV,0,Tent & RV,tent_rv,Total Tent and RV Camping Stays
CHIS,2004,7,BC,707,Backcountry,backcountry,Backcountry Camping Overnight Stays
CHIS,2004,7,MISC,5459,Misc Stays,misc_stays,Miscellaneous Overnight Stays
CHIS,2004,7,NROS,1859,Non-Rec Stays,non_rec_stays,Non-Recreation Overnight Stays
CHIS,2004,7,TOS,8025,Total Stays,total_stays,Total Overnight Stays
CHIS,2004,7,TNRVH,40152,Non-Rec Hrs,non_rec_hrs,Total Non-Recreation Visitor Hours
CHIS,2004,8,TRV,79304,Rec Visits,rec_visits,Total Recreation Visits
CHIS,2004,8,TNRV,2234,Non-Rec Visits,non_rec_visits,Total Non-Recreation Visits
CHIS,2004,8,TV,81538,Total Visits,total_visits,Total Visits (Recreation + Non-Recreation)
CHIS,2004,8,TRVH,1118779,Rec Hrs,rec_hrs,Total Recreation Visitor Hours
CHIS,2004,8,TH,1172395,Total Hrs,total_hrs,Total Hours (Recreation + Non-Recreation)
CHIS,2004,8,CL,0,Conc Lodging,conc_lodging,Concessioner Lodging Overnight Stays
CHIS,2004,8,CCG,0,Conc Camp,conc_camp,Concessioner Campground Overnight Stays
CHIS,2004,8,TT,0,Tent Camp,tent_camp,Tent Camping Overnight Stays (NPS)
CHIS,2004,8,TRVS,0,Rec Stays,rec_stays,Total Recreation Overnight Stays
CHIS,2004,8,TTRV,0,Tent & RV,tent_rv,Total Tent and RV Camping Stays
CHIS,2004,8,BC,4310,Backcountry,backcountry,Backcountry Camping Overnight Stays
CHIS,2004,8,MISC,14490,Misc Stays,misc_stays,Miscellaneous Overnight Stays
CHIS,2004,8,NROS,1499,Non-Rec Stays,non_rec_stays,Non-Recreation Overnight Stays
CHIS,2004,8,TOS,20299,Total Stays,total_stays,Total Overnight Stays
CHIS,2004,8,TNRVH,53616,Non-Rec Hrs,non_rec_hrs,Total Non-Recreation Visitor Hours
CHIS,2004,9,TRV,61629,Rec Visits,rec_visits,Total Recreation Visits
CHIS,2004,9,TNRV,1399,Non-Rec Visits,non_rec_visits,Total Non-Recreation Visits
CHIS,2004,9,TV,63028,Total Visits,total_visits,Total Visits (Recreation + Non-Recreation)
CHIS,2004,9,TRVH,771122,Rec Hrs,rec_hrs,Total Recreation Visitor Hours
CHIS,2004,9,TH,804698,Total Hrs,total_hrs,Total Hours (Recreation + Non-Recreation)
CHIS,2004,9,CL,0,Conc Lodging,conc_lodging,Concessioner Lodging Overnight Stays
CHIS,2004,9,CCG,0,Conc Camp,conc_camp,Concessioner Campground Overnight Stays
CHIS,2004,9,TT,0,Tent Camp,tent_camp,Tent Camping Overnight Stays (NPS)
CHIS,2004,9,TRVS,0,Rec Stays,rec_stays,Total Recreation Overnight Stays
CHIS,2004,9,TTRV,0,Tent & RV,tent_rv,Total Tent and RV Camping Stays
CHIS,2004,9,BC,3089,Backcountry,backcountry,Backcountry Camping Overnight Stays
CHIS,2004,9,MISC,17861,Misc Stays,misc_stays,Miscellaneous Overnight Stays
CHIS,2004,9,NROS,1593,Non-Rec Stays,non_rec_stays,Non-Recreation Overnight Stays
CHIS,2004,9,TOS,22543,Total Stays,total_stays,Total Overnight Stays
CHIS,2004,9,TNRVH,33576,Non-Rec Hrs,non_rec_hrs,Total Non-Recreation Visitor Hours
CHIS,2004,10,TRV,26026,Rec Visits,rec_visits,Total Recreation Visits
CHIS,2004,10,TNRV,1743,Non-Rec Visits,non_rec_visits,Total Non-Recreation Visits
CHIS,2004,10,TV,27769,Total Visits,total_visits,Total Visits (Recreation + Non-Recreation)
CHIS,2004,10,TRVH,428850,Rec Hrs,rec_hrs,Total Recreation Visitor Hours
CHIS,2004,10,TH,470682,Total Hrs,total_hrs,Total Hours (Recreation + Non-Recreation)
CHIS,2004,10,CL,0,Conc Lodging,conc_lodging,Concessioner Lodging Overnight Stays
CHIS,2004,10,CCG,0,Conc Camp,conc_camp,Concessioner Campground Overnight Stays
CHIS,2004,10,TT,0,Tent Camp,tent_camp,Tent Camping Overnight Stays (NPS)
CHIS,2004,10,TRVS,0,Rec Stays,rec_stays,Total Recreation Overnight Stays
CHIS,2004,10,TTRV,0,Tent & RV,tent_rv,Total Tent and RV Camping Stays
CHIS,2004,10,BC,1927,Backcountry,backcountry,Backcountry Camping Overnight Stays
CHIS,2004,10,MISC,7124,Misc Stays,misc_stays,Miscellaneous Overnight Stays
CHIS,2004,10,NROS,2489,Non-Rec Stays,non_rec_stays,Non-Recreation Overnight Stays
CHIS,2004,10,TOS,11540,Total Stays,total_stays,Total Overnight Stays
CHIS,2004,10,TNRVH,41832,Non-Rec Hrs,non_rec_hrs,Total Non-Recreation Visitor Hours
CHIS,2004,11,TRV,13107,Rec Visits,rec_visits,Total Recreation Visits
CHIS,2004,11,TNRV,1543,Non-Rec Visits,non_rec_visits,Total Non-Recreation Visits
CHIS,2004,11,TV,14650,Total Visits,total_visits,Total Visits (Recreation + Non-Recreation)
CHIS,2004,11,TRVH,142598,Rec Hrs,rec_hrs,Total Recreation Visitor Hours
CHIS,2004,11,TH,179630,Total Hrs,total_hrs,Total Hours (Recreation + Non-Recreation)
CHIS,2004,11,CL,0,Conc Lodging,conc_lodging,Concessioner Lodging Overnight Stays
CHIS,2004,11,CCG,0,Conc Camp,conc_camp,Concessioner Campground Overnight Stays
CHIS,2004,11,TT,0,Tent Camp,tent_camp,Tent Camping Overnight Stays (NPS)
CHIS,2004,11,TRVS,0,Rec Stays,rec_stays,Total Recreation Overnight Stays
CHIS,2004,11,TTRV,0,Tent & RV,tent_rv,Total Tent and RV Camping Stays
CHIS,2004,11,BC,474,Backcountry,backcountry,Backcountry Camping Overnight Stays
CHIS,2004,11,MISC,1197,Misc Stays,misc_stays,Miscellaneous Overnight Stays
CHIS,2004,11,NROS,4338,Non-Rec Stays,non_rec_stays,Non-Recreation Overnight Stays
CHIS,2004,11,TOS,6009,Total Stays,total_stays,Total Overnight Stays
CHIS,2004,11,TNRVH,37032,Non-Rec Hrs,non_rec_hrs,Total Non-Recreation Visitor Hours
CHIS,2004,12,TRV,9183,Rec Visits,rec_visits,Total Recreation Visits
CHIS,2004,12,TNRV,2459,Non-Rec Visits,non_rec_visits,Total Non-Recreation Visits
CHIS,2004,12,TV,11642,Total Visits,total_visits,Total Visits (Recreation + Non-Recreation)
CHIS,2004,12,TRVH,78597,Rec Hrs,rec_hrs,Total Recreation Visitor Hours
CHIS,2004,12,TH,137613,Total Hrs,total_hrs,Total Hours (Recreation + Non-Recreation)
CHIS,2004,12,CL,0,Conc Lodging,conc_lodging,Concessioner Lodging Overnight Stays
CHIS,2004,12,CCG,0,Conc Camp,conc_camp,Concessioner Campground Overnight Stays
CHIS,2004,12,TT,0,Tent Camp,tent_camp,Tent Camping Overnight Stays (NPS)
CHIS,2004,12,TRVS,0,Rec Stays,rec_stays,Total Recreation Overnight Stays
CHIS,2004,12,TTRV,0,Tent & RV,tent_rv,Total Tent and RV Camping Stays
CHIS,2004,12,BC,98,Backcountry,backcountry,Backcountry Camping Overnight Stays
CHIS,2004,12,MISC,248,Misc Stays,misc_stays,Miscellaneous Overnight Stays
CHIS,2004,12,NROS,6764,Non-Rec Stays,non_rec_stays,Non-Recreation Overnight Stays
CHIS,2004,12,TOS,7110,Total Stays,total_stays,Total Overnight Stays
CHIS,2004,12,TNRVH,59016,Non-Rec Hrs,non_rec_hrs,Total Non-Recreation Visitor Hours
CHIS,2008,1,TRV,13861,Rec Visits,rec_visits,Total Recreation Visits
CHIS,2008,1,TNRV,582,Non-Rec Visits,non_rec_visits,Total Non-Recreation Visits
CHIS,2008,1,TV,14443,Total Visits,total_visits,Total Visits (Recreation + Non-Recreation)
CHIS,2008,1,TRVH,62609,Rec Hrs,rec_hrs,Total Recreation Visitor Hours
CHIS,2008,1,TH,76577,Total Hrs,total_hrs,Total Hours (Recreation + Non-Recreation)
CHIS,2008,1,CL,0,Conc Lodging,conc_lodging,Concessioner Lodging Overnight Stays
CHIS,2008,1,CCG,0,Conc Camp,conc_camp,Concessioner Campground Overnight Stays
CHIS,2008,1,TT,0,Tent Camp,tent_camp,Tent Camping Overnight Stays (NPS)
CHIS,2008,1,TRVS,0,Rec Stays,rec_stays,Total Recreation Overnight Stays
CHIS,2008,1,TTRV,0,Tent & RV,tent_rv,Total Tent and RV Camping Stays
CHIS,2008,1,BC,138,Backcountry,backcountry,Backcountry Camping Overnight Stays
CHIS,2008,1,MISC,149,Misc Stays,misc_stays,Miscellaneous Overnight Stays
CHIS,2008,1,NROS,1314,Non-Rec Stays,non_rec_stays,Non-Recreation Overnight Stays
CHIS,2008,1,TOS,1601,Total Stays,total_stays,Total Overnight Stays
CHIS,2008,1,TNRVH,13968,Non-Rec Hrs,non_rec_hrs,Total Non-Recreation Visitor Hours
CHIS,2008,2,TRV,19698,Rec Visits,rec_visits,Total Recreation Visits
CHIS,2008,2,TNRV,579,Non-Rec Visits,non_rec_visits,Total Non-Recreation Visits
CHIS,2008,2,TV,20277,Total Visits,total_visits,Total Visits (Recreation + Non-Recreation)
CHIS,2008,2,TRVH,56981,Rec Hrs,rec_hrs,Total Recreation Visitor Hours
CHIS,2008,2,TH,70877,Total Hrs,total_hrs,Total Hours (Recreation + Non-Recreation)
CHIS,2008,2,CL,0,Conc Lodging,conc_lodging,Concessioner Lodging Overnight Stays
CHIS,2008,2,CCG,0,Conc Camp,conc_camp,Concessioner Campground Overnight Stays
CHIS,2008,2,TT,0,Tent Camp,tent_camp,Tent Camping Overnight Stays (NPS)
CHIS,2008,2,TRVS,0,Rec Stays,rec_stays,Total Recreation Overnight Stays
CHIS,2008,2,TTRV,0,Tent & RV,tent_rv,Total Tent and RV Camping Stays
CHIS,2008,2,BC,31,Backcountry,backcountry,Backcountry Camping Overnight Stays
CHIS,2008,2,MISC,374,Misc Stays,misc_stays,Miscellaneous Overnight Stays
CHIS,2008,2,NROS,1008,Non-Rec Stays,non_rec_stays,Non-Recreation Overnight Stays
CHIS,2008,2,TOS,1413,Total Stays,total_stays,Total Overnight Stays
CHIS,2008,2,TNRVH,13896,Non-Rec Hrs,non_rec_hrs,Total Non-Recreation Visitor Hours
CHIS,2008,3,TRV,30885,Rec Visits,rec_visits,Total Recreation Visits
CHIS,2008,3,TNRV,562,Non-Rec Visits,non_rec_visits,Total Non-Recreation Visits
CHIS,2008,3,TV,31447,Total Visits,total_visits,Total Visits (Recreation + Non-Recreation)
CHIS,2008,3,TRVH,110508,Rec Hrs,rec_hrs,Total Recreation Visitor Hours
CHIS,2008,3,TH,123996,Total Hrs,total_hrs,Total Hours (Recreation + Non-Recreation)
CHIS,2008,3,CL,0,Conc Lodging,conc_lodging,Concessioner Lodging Overnight Stays
CHIS,2008,3,CCG,0,Conc Camp,conc_camp,Concessioner Campground Overnight Stays
CHIS,2008,3,TT,0,Tent Camp,tent_camp,Tent Camping Overnight Stays (NPS)
CHIS,2008,3,TRVS,0,Rec Stays,rec_stays,Total Recreation Overnight Stays
CHIS,2008,3,TTRV,0,Tent & RV,tent_rv,Total Tent and RV Camping Stays
CHIS,2008,3,BC,3,Backcountry,backcountry,Backcountry Camping Overnight Stays
CHIS,2008,3,MISC,720,Misc Stays,misc_stays,Miscellaneous Overnight Stays
CHIS,2008,3,NROS,1206,Non-Rec Stays,non_rec_stays,Non-Recreation Overnight Stays
CHIS,2008,3,TOS,1929,Total Stays,total_stays,Total Overnight Stays
CHIS,2008,3,TNRVH,13488,Non-Rec Hrs,non_rec_hrs,Total Non-Recreation Visitor Hours
CHIS,2008,4,TRV,29361,Rec Visits,rec_visits,Total Recreation Visits
CHIS,2008,4,TNRV,53,Non-Rec Visits,non_rec_visits,Total Non-Recreation Visits
CHIS,2008,4,TV,29414,Total Visits,total_visits,Total Visits (Recreation + Non-Recreation)
CHIS,2008,4,TRVH,303697,Rec Hrs,rec_hrs,Total Recreation Visitor Hours
CHIS,2008,4,TH,304969,Total Hrs,total_hrs,Total Hours (Recreation + Non-Recreation)
CHIS,2008,4,CL,0,Conc Lodging,conc_lodging,Concessioner Lodging Overnight Stays
CHIS,2008,4,CCG,0,Conc Camp,conc_camp,Concessioner Campground Overnight Stays
CHIS,2008,4,TT,0,Tent Camp,tent_camp,Tent Camping Overnight Stays (NPS)
CHIS,2008,4,TRVS,0,Rec Stays,rec_stays,Total Recreation Overnight Stays
CHIS,2008,4,TTRV,0,Tent & RV,tent_rv,Total Tent and RV Camping Stays
CHIS,2008,4,BC,1046,Backcountry,backcountry,Backcountry Camping Overnight Stays
CHIS,2008,4,MISC,3276,Misc Stays,misc_stays,Miscellaneous Overnight Stays
CHIS,2008,4,NROS,176,Non-Rec Stays,non_rec_stays,Non-Recreation Overnight Stays
CHIS,2008,4,TOS,4498,Total Stays,total_stays,Total Overnight Stays
CHIS,2008,4,TNRVH,1272,Non-Rec Hrs,non_rec_hrs,Total Non-Recreation Visitor Hours
CHIS,2008,5,TRV,22006,Rec Visits,rec_visits,Total Recreation Visits
CHIS,2008,5,TNRV,778,Non-Rec Visits,non_rec_visits,Total Non-Recreation Visits
CHIS,2008,5,TV,22784,Total Visits,total_visits,Total Visits (Recreation + Non-Recreation)
CHIS,2008,5,TRVH,197526,Rec Hrs,rec_hrs,Total Recreation Visitor Hours
CHIS,2008,5,TH,216198,Total Hrs,total_hrs,Total Hours (Recreation + Non-Recreation)
CHIS,2008,5,CL,0,Conc Lodging,conc_lodging,Concessioner Lodging Overnight Stays
CHIS,2008,5,CCG,0,Conc Camp,conc_camp,Concessioner Campground Overnight Stays
CHIS,2008,5,TT,0,Tent Camp,tent_camp,Tent Camping Overnight Stays (NPS)
CHIS,2008,5,TRVS,0,Rec Stays,rec_stays,Total Recreation Overnight Stays
CHIS,2008,5,TTRV,0,Tent & RV,tent_rv,Total Tent and RV Camping Stays
CHIS,2008,5,BC,1809,Backcountry,backcountry,Backcountry Camping Overnight Stays
CHIS,2008,5,MISC,1868,Misc Stays,misc_stays,Miscellaneous Overnight Stays
CHIS,2008,5,NROS,2138,Non-Rec Stays,non_rec_stays,Non-Recreation Overnight Stays
CHIS,2008,5,TOS,5815,Total Stays,total_stays,Total Overnight Stays
CHIS,2008,5,TNRVH,18672,Non-Rec Hrs,non_rec_hrs,Total Non-Recreation Visitor Hours
CHIS,2008,6,TRV,36709,Rec Visits,rec_visits,Total Recreation Visits
CHIS,2008,6,TNRV,686,Non-Rec Visits,non_rec_visits,Total Non-Recreation Visits
CHIS,2008,6,TV,37395,Total Visits,total_visits,Total Visits (Recreation + Non-Recreation)
CHIS,2008,6,TRVH,463326,Rec Hrs,rec_hrs,Total Recreation Visitor Hours
CHIS,2008,6,TH,479790,Total Hrs,total_hrs,Total Hours (Recreation + Non-Recreation)
CHIS,2008,6,CL,0,Conc Lodging,conc_lodging,Concessioner Lodging Overnight Stays
CHIS,2008,6,CCG,0,Conc Camp,conc_camp,Concessioner Campground Overnight Stays
CHIS,2008,6,TT,0,Tent Camp,tent_camp,Tent Camping Overnight Stays (NPS)
CHIS,2008,6,TRVS,0,Rec Stays,rec_stays,Total Recreation Overnight Stays
CHIS,2008,6,TTRV,0,Tent & RV,tent_rv,Total Tent and RV Camping Stays
CHIS,2008,6,BC,1992,Backcountry,backcountry,Backcountry Camping Overnight Stays
CHIS,2008,6,MISC,2498,Misc Stays,misc_stays,Miscellaneous Overnight Stays
CHIS,2008,6,NROS,986,Non-Rec Stays,non_rec_stays,Non-Recreation Overnight Stays
CHIS,2008,6,TOS,5476,Total Stays,total_stays,Total Overnight Stays
CHIS,2008,6,TNRVH,16464,Non-Rec Hrs,non_rec_hrs,Total Non-Recreation Visitor Hours
CHIS,2008,7,TRV,46116,Rec Visits,rec_visits,Total Recreation Visits
CHIS,2008,7,TNRV,910,Non-Rec Visits,non_rec_visits,Total Non-Recreation Visits
CHIS,2008,7,TV,47026,Total Visits,total_visits,Total Visits (Recreation + Non-Recreation)
CHIS,2008,7,TRVH,612968,Rec Hrs,rec_hrs,Total Recreation Visitor Hours
CHIS,2008,7,TH,634808,Total Hrs,total_hrs,Total Hours (Recreation + Non-Recreation)
CHIS,2008,7,CL,0,Conc Lodging,conc_lodging,Concessioner Lodging Overnight Stays
CHIS,2008,7,CCG,0,Conc Camp,conc_camp,Concessioner Campground Overnight Stays
CHIS,2008,7,TT,0,Tent Camp,tent_camp,Tent Camping Overnight Stays (NPS)
CHIS,2008,7,TRVS,0,Rec Stays,rec_stays,Total Recreation Overnight Stays
CHIS,2008,7,TTRV,0,Tent & RV,tent_rv,Total Tent and RV Camping Stays
CHIS,2008,7,BC,3231,Backcountry,backcountry,Backcountry Camping Overnight Stays
CHIS,2008,7,MISC,2331,Misc Stays,misc_stays,Miscellaneous Overnight Stays
CHIS,2008,7,NROS,986,Non-Rec Stays,non_rec_stays,Non-Recreation Overnight Stays
CHIS,2008,7,TOS,6548,Total Stays,total_stays,Total Overnight Stays
CHIS,2008,7,TNRVH,21840,Non-Rec Hrs,non_rec_hrs,Total Non-Recreation Visitor Hours
CHIS,2008,8,TRV,46593,Rec Visits,rec_visits,Total Recreation Visits
CHIS,2008,8,TNRV,924,Non-Rec Visits,non_rec_visits,Total Non-Recreation Visits
CHIS,2008,8,TV,47517,Total Visits,total_visits,Total Visits (Recreation + Non-Recreation)
CHIS,2008,8,TRVH,647833,Rec Hrs,rec_hrs,Total Recreation Visitor Hours
CHIS,2008,8,TH,670009,Total Hrs,total_hrs,Total Hours (Recreation + Non-Recreation)
CHIS,2008,8,CL,0,Conc Lodging,conc_lodging,Concessioner Lodging Overnight Stays
CHIS,2008,8,CCG,0,Conc Camp,conc_camp,Concessioner Campground Overnight Stays
CHIS,2008,8,TT,0,Tent Camp,tent_camp,Tent Camping Overnight Stays (NPS)
CHIS,2008,8,TRVS,0,Rec Stays,rec_stays,Total Recreation Overnight Stays
CHIS,2008,8,TTRV,0,Tent & RV,tent_rv,Total Tent and RV Camping Stays
CHIS,2008,8,BC,3951,Backcountry,backcountry,Backcountry Camping Overnight Stays
CHIS,2008,8,MISC,2493,Misc Stays,misc_stays,Miscellaneous Overnight Stays
CHIS,2008,8,NROS,1197,Non-Rec Stays,non_rec_stays,Non-Recreation Overnight Stays
CHIS,2008,8,TOS,7641,Total Stays,total_stays,Total Overnight Stays
CHIS,2008,8,TNRVH,22176,Non-Rec Hrs,non_rec_hrs,Total Non-Recreation Visitor Hours
CHIS,2008,9,TRV,30425,Rec Visits,rec_visits,Total Recreation Visits
CHIS,2008,9,TNRV,1026,Non-Rec Visits,non_rec_visits,Total Non-Recreation Visits
CHIS,2008,9,TV,31451,Total Visits,total_visits,Total Visits (Recreation + Non-Recreation)
CHIS,2008,9,TRVH,393503,Rec Hrs,rec_hrs,Total Recreation Visitor Hours
CHIS,2008,9,TH,418127,Total Hrs,total_hrs,Total Hours (Recreation + Non-Recreation)
CHIS,2008,9,CL,0,Conc Lodging,conc_lodging,Concessioner Lodging Overnight Stays
CHIS,2008,9,CCG,0,Conc Camp,conc_camp,Concessioner Campground Overnight Stays
CHIS,2008,9,TT,0,Tent Camp,tent_camp,Tent Camping Overnight Stays (NPS)
CHIS,2008,9,TRVS,0,Rec Stays,rec_stays,Total Recreation Overnight Stays
CHIS,2008,9,TTRV,0,Tent & RV,tent_rv,Total Tent and RV Camping Stays
CHIS,2008,9,BC,2249,Backcountry,backcountry,Backcountry Camping Overnight Stays
CHIS,2008,9,MISC,2574,Misc Stays,misc_stays,Miscellaneous Overnight Stays
CHIS,2008,9,NROS,1386,Non-Rec Stays,non_rec_stays,Non-Recreation Overnight Stays
CHIS,2008,9,TOS,6209,Total Stays,total_stays,Total Overnight Stays
CHIS,2008,9,TNRVH,24624,Non-Rec Hrs,non_rec_hrs,Total Non-Recreation Visitor Hours
CHIS,2008,10,TRV,23139,Rec Visits,rec_visits,Total Recreation Visits
CHIS,2008,10,TNRV,862,Non-Rec Visits,non_rec_visits,Total Non-Recreation Visits
CHIS,2008,10,TV,24001,Total Visits,total_visits,Total Visits (Recreation + Non-Recreation)
CHIS,2008,10,TRVH,241151,Rec Hrs,rec_hrs,Total Recreation Visitor Hours
CHIS,2008,10,TH,261839,Total Hrs,total_hrs,Total Hours (Recreation + Non-Recreation)
CHIS,2008,10,CL,0,Conc Lodging,conc_lodging,Concessioner Lodging Overnight Stays
CHIS,2008,10,CCG,0,Conc Camp,conc_camp,Concessioner Campground Overnight Stays
CHIS,2008,10,TT,0,Tent Camp,tent_camp,Tent Camping Overnight Stays (NPS)
CHIS,2008,10,TRVS,0,Rec Stays,rec_stays,Total Recreation Overnight Stays
CHIS,2008,10,TTRV,0,Tent & RV,tent_rv,Total Tent and RV Camping Stays
CHIS,2008,10,BC,1322,Backcountry,backcountry,Backcountry Camping Overnight Stays
CHIS,2008,10,MISC,1913,Misc Stays,misc_stays,Miscellaneous Overnight Stays
CHIS,2008,10,NROS,1409,Non-Rec Stays,non_rec_stays,Non-Recreation Overnight Stays
CHIS,2008,10,TOS,4644,Total Stays,total_stays,Total Overnight Stays
CHIS,2008,10,TNRVH,20688,Non-Rec Hrs,non_rec_hrs,Total Non-Recreation Visitor Hours
CHIS,2008,11,TRV,18847,Rec Visits,rec_visits,Total Recreation Visits
CHIS,2008,11,TNRV,880,Non-Rec Visits,non_rec_visits,Total Non-Recreation Visits
CHIS,2008,11,TV,19727,Total Visits,total_visits,Total Visits (Recreation + Non-Recreation)
CHIS,2008,11,TRVH,191276,Rec Hrs,rec_hrs,Total Recreation Visitor Hours
CHIS,2008,11,TH,212396,Total Hrs,total_hrs,Total Hours (Recreation + Non-Recreation)
CHIS,2008,11,CL,0,Conc Lodging,conc_lodging,Concessioner Lodging Overnight Stays
CHIS,2008,11,CCG,0,Conc Camp,conc_camp,Concessioner Campground Overnight Stays
CHIS,2008,11,TT,0,Tent Camp,tent_camp,Tent Camping Overnight Stays (NPS)
CHIS,2008,11,TRVS,0,Rec Stays,rec_stays,Total Recreation Overnight Stays
CHIS,2008,11,TTRV,0,Tent & RV,tent_rv,Total Tent and RV Camping Stays
CHIS,2008,11,BC,964,Backcountry,backcountry,Backcountry Camping Overnight Stays
CHIS,2008,11,MISC,405,Misc Stays,misc_stays,Miscellaneous Overnight Stays
CHIS,2008,11,NROS,1247,Non-Rec Stays,non_rec_stays,Non-Recreation Overnight Stays
CHIS,2008,11,TOS,2616,Total Stays,total_stays,Total Overnight Stays
CHIS,2008,11,TNRVH,21120,Non-Rec Hrs,non_rec_hrs,Total Non-Recreation Visitor Hours
CHIS,2008,12,TRV,14537,Rec Visits,rec_visits,Total Recreation Visits
CHIS,2008,12,TNRV,889,Non-Rec Visits,non_rec_visits,Total Non-Recreation Visits
CHIS,2008,12,TV,15426,Total Visits,total_visits,Total Visits (Recreation + Non-Recreation)
CHIS,2008,12,TRVH,111689,Rec Hrs,rec_hrs,Total Recreation Visitor Hours
CHIS,2008,12,TH,133025,Total Hrs,total_hrs,Total Hours (Recreation + Non-Recreation)
CHIS,2008,12,CL,0,Conc Lodging,conc_lodging,Concessioner Lodging Overnight Stays
CHIS,2008,12,CCG,0,Conc Camp,conc_camp,Concessioner Campground Overnight Stays
CHIS,2008,12,TT,0,Tent Camp,tent_camp,Tent Camping Overnight Stays (NPS)
CHIS,2008,12,TRVS,0,Rec Stays,rec_stays,Total Recreation Overnight Stays
CHIS,2008,12,TTRV,0,Tent & RV,tent_rv,Total Tent and RV Camping Stays
CHIS,2008,12,BC,213,Backcountry,backcountry,Backcountry Camping Overnight Stays
CHIS,2008,12,MISC,72,Misc Stays,misc_stays,Miscellaneous Overnight Stays
CHIS,2008,12,NROS,3767,Non-Rec Stays,non_rec_stays,Non-Recreation Overnight Stays
CHIS,2008,12,TOS,4052,Total Stays,total_stays,Total Overnight Stays
CHIS,2008,12,TNRVH,21336,Non-Rec Hrs,non_rec_hrs,Total Non-Recreation Visitor Hours
CHIS,2009,1,TRV,17352,Rec Visits,rec_visits,Total Recreation Visits
CHIS,2009,1,TNRV,1452,Non-Rec Visits,non_rec_visits,Total Non-Recreation Visits
CHIS,2009,1,TV,18804,Total Visits,total_visits,Total Visits (Recreation + Non-Recreation)
CHIS,2009,1,TRVH,65720,Rec Hrs,rec_hrs,Total Recreation Visitor Hours
CHIS,2009,1,TH,100568,Total Hrs,total_hrs,Total Hours (Recreation + Non-Recreation)
CHIS,2009,1,CL,0,Conc Lodging,conc_lodging,Concessioner Lodging Overnight Stays
CHIS,2009,1,CCG,0,Conc Camp,conc_camp,Concessioner Campground Overnight Stays
CHIS,2009,1,TT,0,Tent Camp,tent_camp,Tent Camping Overnight Stays (NPS)
CHIS,2009,1,TRVS,0,Rec Stays,rec_stays,Total Recreation Overnight Stays
CHIS,2009,1,TTRV,0,Tent & RV,tent_rv,Total Tent and RV Camping Stays
CHIS,2009,1,BC,0,Backcountry,backcountry,Backcountry Camping Overnight Stays
CHIS,2009,1,MISC,468,Misc Stays,misc_stays,Miscellaneous Overnight Stays
CHIS,2009,1,NROS,5913,Non-Rec Stays,non_rec_stays,Non-Recreation Overnight Stays
CHIS,2009,1,TOS,6381,Total Stays,total_stays,Total Overnight Stays
CHIS,2009,1,TNRVH,34848,Non-Rec Hrs,non_rec_hrs,Total Non-Recreation Visitor Hours
CHIS,2009,2,TRV,24320,Rec Visits,rec_visits,Total Recreation Visits
CHIS,2009,2,TNRV,912,Non-Rec Visits,non_rec_visits,Total Non-Recreation Visits
CHIS,2009,2,TV,25232,Total Visits,total_visits,Total Visits (Recreation + Non-Recreation)
CHIS,2009,2,TRVH,146624,Rec Hrs,rec_hrs,Total Recreation Visitor Hours
CHIS,2009,2,TH,168512,Total Hrs,total_hrs,Total Hours (Recreation + Non-Recreation)
CHIS,2009,2,CL,0,Conc Lodging,conc_lodging,Concessioner Lodging Overnight Stays
CHIS,2009,2,CCG,0,Conc Camp,conc_camp,Concessioner Campground Overnight Stays
CHIS,2009,2,TT,0,Tent Camp,tent_camp,Tent Camping Overnight Stays (NPS)
CHIS,2009,2,TRVS,0,Rec Stays,rec_stays,Total Recreation Overnight Stays
CHIS,2009,2,TTRV,0,Tent & RV,tent_rv,Total Tent and RV Camping Stays
CHIS,2009,2,BC,303,Backcountry,backcountry,Backcountry Camping Overnight Stays
CHIS,2009,2,MISC,144,Misc Stays,misc_stays,Miscellaneous Overnight Stays
CHIS,2009,2,NROS,1643,Non-Rec Stays,non_rec_stays,Non-Recreation Overnight Stays
CHIS,2009,2,TOS,2090,Total Stays,total_stays,Total Overnight Stays
CHIS,2009,2,TNRVH,21888,Non-Rec Hrs,non_rec_hrs,Total Non-Recreation Visitor Hours
CHIS,2009,3,TRV,35244,Rec Visits,rec_visits,Total Recreation Visits
CHIS,2009,3,TNRV,715,Non-Rec Visits,non_rec_visits,Total Non-Recreation Visits
CHIS,2009,3,TV,35959,Total Visits,total_visits,Total Visits (Recreation + Non-Recreation)
CHIS,2009,3,TRVH,204923,Rec Hrs,rec_hrs,Total Recreation Visitor Hours
CHIS,2009,3,TH,222083,Total Hrs,total_hrs,Total Hours (Recreation + Non-Recreation)
CHIS,2009,3,CL,0,Conc Lodging,conc_lodging,Concessioner Lodging Overnight Stays
CHIS,2009,3,CCG,0,Conc Camp,conc_camp,Concessioner Campground Overnight Stays
CHIS,2009,3,TT,0,Tent Camp,tent_camp,Tent Camping Overnight Stays (NPS)
CHIS,2009,3,TRVS,0,Rec Stays,rec_stays,Total Recreation Overnight Stays
CHIS,2009,3,TTRV,0,Tent & RV,tent_rv,Total Tent and RV Camping Stays
CHIS,2009,3,BC,807,Backcountry,backcountry,Backcountry Camping Overnight Stays
CHIS,2009,3,MISC,369,Misc Stays,misc_stays,Miscellaneous Overnight Stays
CHIS,2009,3,NROS,981,Non-Rec Stays,non_rec_stays,Non-Recreation Overnight Stays
CHIS,2009,3,TOS,2157,Total Stays,total_stays,Total Overnight Stays
CHIS,2009,3,TNRVH,17160,Non-Rec Hrs,non_rec_hrs,Total Non-Recreation Visitor Hours
CHIS,2009,4,TRV,36596,Rec Visits,rec_visits,Total Recreation Visits
CHIS,2009,4,TNRV,853,Non-Rec Visits,non_rec_visits,Total Non-Recreation Visits
CHIS,2009,4,TV,37449,Total Visits,total_visits,Total Visits (Recreation + Non-Recreation)
CHIS,2009,4,TRVH,300894,Rec Hrs,rec_hrs,Total Recreation Visitor Hours
CHIS,2009,4,TH,321366,Total Hrs,total_hrs,Total Hours (Recreation + Non-Recreation)
CHIS,2009,4,CL,0,Conc Lodging,conc_lodging,Concessioner Lodging Overnight Stays
CHIS,2009,4,CCG,0,Conc Camp,conc_camp,Concessioner Campground Overnight Stays
CHIS,2009,4,TT,0,Tent Camp,tent_camp,Tent Camping Overnight Stays (NPS)
CHIS,2009,4,TRVS,0,Rec Stays,rec_stays,Total Recreation Overnight Stays
CHIS,2009,4,TTRV,0,Tent & RV,tent_rv,Total Tent and RV Camping Stays
CHIS,2009,4,BC,1522,Backcountry,backcountry,Backcountry Camping Overnight Stays
CHIS,2009,4,MISC,743,Misc Stays,misc_stays,Miscellaneous Overnight Stays
CHIS,2009,4,NROS,972,Non-Rec Stays,non_rec_stays,Non-Recreation Overnight Stays
CHIS,2009,4,TOS,3237,Total Stays,total_stays,Total Overnight Stays
CHIS,2009,4,TNRVH,20472,Non-Rec Hrs,non_rec_hrs,Total Non-Recreation Visitor Hours
CHIS,2009,5,TRV,39758,Rec Visits,rec_visits,Total Recreation Visits
CHIS,2009,5,TNRV,1358,Non-Rec Visits,non_rec_visits,Total Non-Recreation Visits
CHIS,2009,5,TV,41116,Total Visits,total_visits,Total Visits (Recreation + Non-Recreation)
CHIS,2009,5,TRVH,532601,Rec Hrs,rec_hrs,Total Recreation Visitor Hours
CHIS,2009,5,TH,565193,Total Hrs,total_hrs,Total Hours (Recreation + Non-Recreation)
CHIS,2009,5,CL,0,Conc Lodging,conc_lodging,Concessioner Lodging Overnight Stays
CHIS,2009,5,CCG,0,Conc Camp,conc_camp,Concessioner Campground Overnight Stays
CHIS,2009,5,TT,0,Tent Camp,tent_camp,Tent Camping Overnight Stays (NPS)
CHIS,2009,5,TRVS,0,Rec Stays,rec_stays,Total Recreation Overnight Stays
CHIS,2009,5,TTRV,0,Tent & RV,tent_rv,Total Tent and RV Camping Stays
CHIS,2009,5,BC,2435,Backcountry,backcountry,Backcountry Camping Overnight Stays
CHIS,2009,5,MISC,1265,Misc Stays,misc_stays,Miscellaneous Overnight Stays
CHIS,2009,5,NROS,1211,Non-Rec Stays,non_rec_stays,Non-Recreation Overnight Stays
CHIS,2009,5,TOS,4911,Total Stays,total_stays,Total Overnight Stays
CHIS,2009,5,TNRVH,32592,Non-Rec Hrs,non_rec_hrs,Total Non-Recreation Visitor Hours
CHIS,2009,6,TRV,29663,Rec Visits,rec_visits,Total Recreation Visits
CHIS,2009,6,TNRV,1261,Non-Rec Visits,non_rec_visits,Total Non-Recreation Visits
CHIS,2009,6,TV,30924,Total Visits,total_visits,Total Visits (Recreation + Non-Recreation)
CHIS,2009,6,TRVH,284993,Rec Hrs,rec_hrs,Total Recreation Visitor Hours
CHIS,2009,6,TH,315257,Total Hrs,total_hrs,Total Hours (Recreation + Non-Recreation)
CHIS,2009,6,CL,0,Conc Lodging,conc_lodging,Concessioner Lodging Overnight Stays
CHIS,2009,6,CCG,0,Conc Camp,conc_camp,Concessioner Campground Overnight Stays
CHIS,2009,6,TT,0,Tent Camp,tent_camp,Tent Camping Overnight Stays (NPS)
CHIS,2009,6,TRVS,0,Rec Stays,rec_stays,Total Recreation Overnight Stays
CHIS,2009,6,TTRV,0,Tent & RV,tent_rv,Total Tent and RV Camping Stays
CHIS,2009,6,BC,2301,Backcountry,backcountry,Backcountry Camping Overnight Stays
CHIS,2009,6,MISC,1548,Misc Stays,misc_stays,Miscellaneous Overnight Stays
CHIS,2009,6,NROS,1445,Non-Rec Stays,non_rec_stays,Non-Recreation Overnight Stays
CHIS,2009,6,TOS,5294,Total Stays,total_stays,Total Overnight Stays
CHIS,2009,6,TNRVH,30264,Non-Rec Hrs,non_rec_hrs,Total Non-Recreation Visitor Hours
CHIS,2009,7,TRV,42749,Rec Visits,rec_visits,Total Recreation Visits
CHIS,2009,7,TNRV,1742,Non-Rec Visits,non_rec_visits,Total Non-Recreation Visits
CHIS,2009,7,TV,44491,Total Visits,total_visits,Total Visits (Recreation + Non-Recreation)
CHIS,2009,7,TRVH,531848,Rec Hrs,rec_hrs,Total Recreation Visitor Hours
CHIS,2009,7,TH,573656,Total Hrs,total_hrs,Total Hours (Recreation + Non-Recreation)
CHIS,2009,7,CL,0,Conc Lodging,conc_lodging,Concessioner Lodging Overnight Stays
CHIS,2009,7,CCG,0,Conc Camp,conc_camp,Concessioner Campground Overnight Stays
CHIS,2009,7,TT,0,Tent Camp,tent_camp,Tent Camping Overnight Stays (NPS)
CHIS,2009,7,TRVS,0,Rec Stays,rec_stays,Total Recreation Overnight Stays
CHIS,2009,7,TTRV,0,Tent & RV,tent_rv,Total Tent and RV Camping Stays
CHIS,2009,7,BC,3608,Backcountry,backcountry,Backcountry Camping Overnight Stays
CHIS,2009,7,MISC,2016,Misc Stays,misc_stays,Miscellaneous Overnight Stays
CHIS,2009,7,NROS,945,Non-Rec Stays,non_rec_stays,Non-Recreation Overnight Stays
CHIS,2009,7,TOS,6569,Total Stays,total_stays,Total Overnight Stays
CHIS,2009,7,TNRVH,41808,Non-Rec Hrs,non_rec_hrs,Total Non-Recreation Visitor Hours
CHIS,2009,8,TRV,46835,Rec Visits,rec_visits,Total Recreation Visits
CHIS,2009,8,TNRV,1401,Non-Rec Visits,non_rec_visits,Total Non-Recreation Visits
CHIS,2009,8,TV,48236,Total Visits,total_visits,Total Visits (Recreation + Non-Recreation)
CHIS,2009,8,TRVH,640436,Rec Hrs,rec_hrs,Total Recreation Visitor Hours
CHIS,2009,8,TH,674060,Total Hrs,total_hrs,Total Hours (Recreation + Non-Recreation)
CHIS,2009,8,CL,0,Conc Lodging,conc_lodging,Concessioner Lodging Overnight Stays
CHIS,2009,8,CCG,0,Conc Camp,conc_camp,Concessioner Campground Overnight Stays
CHIS,2009,8,TT,0,Tent Camp,tent_camp,Tent Camping Overnight Stays (NPS)
CHIS,2009,8,TRVS,0,Rec Stays,rec_stays,Total Recreation Overnight Stays
CHIS,2009,8,TTRV,0,Tent & RV,tent_rv,Total Tent and RV Camping Stays
CHIS,2009,8,BC,4113,Backcountry,backcountry,Backcountry Camping Overnight Stays
CHIS,2009,8,MISC,2957,Misc Stays,misc_stays,Miscellaneous Overnight Stays
CHIS,2009,8,NROS,1143,Non-Rec Stays,non_rec_stays,Non-Recreation Overnight Stays
CHIS,2009,8,TOS,8213,Total Stays,total_stays,Total Overnight Stays
CHIS,2009,8,TNRVH,33624,Non-Rec Hrs,non_rec_hrs,Total Non-Recreation Visitor Hours
CHIS,2009,9,TRV,29820,Rec Visits,rec_visits,Total Recreation Visits
CHIS,2009,9,TNRV,1388,Non-Rec Visits,non_rec_visits,Total Non-Recreation Visits
CHIS,2009,9,TV,31208,Total Visits,total_visits,Total Visits (Recreation + Non-Recreation)
CHIS,2009,9,TRVH,337769,Rec Hrs,rec_hrs,Total Recreation Visitor Hours
CHIS,2009,9,TH,371081,Total Hrs,total_hrs,Total Hours (Recreation + Non-Recreation)
CHIS,2009,9,CL,0,Conc Lodging,conc_lodging,Concessioner Lodging Overnight Stays
CHIS,2009,9,CCG,0,Conc Camp,conc_camp,Concessioner Campground Overnight Stays
CHIS,2009,9,TT,0,Tent Camp,tent_camp,Tent Camping Overnight Stays (NPS)
CHIS,2009,9,TRVS,0,Rec Stays,rec_stays,Total Recreation Overnight Stays
CHIS,2009,9,TTRV,0,Tent & RV,tent_rv,Total Tent and RV Camping Stays
CHIS,2009,9,BC,2946,Backcountry,backcountry,Backcountry Camping Overnight Stays
CHIS,2009,9,MISC,2048,Misc Stays,misc_stays,Miscellaneous Overnight Stays
CHIS,2009,9,NROS,1409,Non-Rec Stays,non_rec_stays,Non-Recreation Overnight Stays
CHIS,2009,9,TOS,6403,Total Stays,total_stays,Total Overnight Stays
CHIS,2009,9,TNRVH,33312,Non-Rec Hrs,non_rec_hrs,Total Non-Recreation Visitor Hours
CHIS,2009,10,TRV,19619,Rec Visits,rec_visits,Total Recreation Visits
CHIS,2009,10,TNRV,1128,Non-Rec Visits,non_rec_visits,Total Non-Recreation Visits
CHIS,2009,10,TV,20747,Total Visits,total_visits,Total Visits (Recreation + Non-Recreation)
CHIS,2009,10,TRVH,180896,Rec Hrs,rec_hrs,Total Recreation Visitor Hours
CHIS,2009,10,TH,207968,Total Hrs,total_hrs,Total Hours (Recreation + Non-Recreation)
CHIS,2009,10,CL,0,Conc Lodging,conc_lodging,Concessioner Lodging Overnight Stays
CHIS,2009,10,CCG,0,Conc Camp,conc_camp,Concessioner Campground Overnight Stays
CHIS,2009,10,TT,0,Tent Camp,tent_camp,Tent Camping Overnight Stays (NPS)
CHIS,2009,10,TRVS,0,Rec Stays,rec_stays,Total Recreation Overnight Stays
CHIS,2009,10,TTRV,0,Tent & RV,tent_rv,Total Tent and RV Camping Stays
CHIS,2009,10,BC,1789,Backcountry,backcountry,Backcountry Camping Overnight Stays
CHIS,2009,10,MISC,2867,Misc Stays,misc_stays,Miscellaneous Overnight Stays
CHIS,2009,10,NROS,1256,Non-Rec Stays,non_rec_stays,Non-Recreation Overnight Stays
CHIS,2009,10,TOS,5912,Total Stays,total_stays,Total Overnight Stays
CHIS,2009,10,TNRVH,27072,Non-Rec Hrs,non_rec_hrs,Total Non-Recreation Visitor Hours
CHIS,2009,11,TRV,14275,Rec Visits,rec_visits,Total Recreation Visits
CHIS,2009,11,TNRV,1004,Non-Rec Visits,non_rec_visits,Total Non-Recreation Visits
CHIS,2009,11,TV,15279,Total Visits,total_visits,Total Visits (Recreation + Non-Recreation)
CHIS,2009,11,TRVH,77372,Rec Hrs,rec_hrs,Total Recreation Visitor Hours
CHIS,2009,11,TH,101468,Total Hrs,total_hrs,Total Hours (Recreation + Non-Recreation)
CHIS,2009,11,CL,0,Conc Lodging,conc_lodging,Concessioner Lodging Overnight Stays
CHIS,2009,11,CCG,0,Conc Camp,conc_camp,Concessioner Campground Overnight Stays
CHIS,2009,11,TT,0,Tent Camp,tent_camp,Tent Camping Overnight Stays (NPS)
CHIS,2009,11,TRVS,0,Rec Stays,rec_stays,Total Recreation Overnight Stays
CHIS,2009,11,TTRV,0,Tent & RV,tent_rv,Total Tent and RV Camping Stays
CHIS,2009,11,BC,124,Backcountry,backcountry,Backcountry Camping Overnight Stays
CHIS,2009,11,MISC,1877,Misc Stays,misc_stays,Miscellaneous Overnight Stays
CHIS,2009,11,NROS,1611,Non-Rec Stays,non_rec_stays,Non-Recreation Overnight Stays
CHIS,2009,11,TOS,3612,Total Stays,total_stays,Total Overnight Stays
CHIS,2009,11,TNRVH,24096,Non-Rec Hrs,non_rec_hrs,Total Non-Recreation Visitor Hours
CHIS,2009,12,TRV,12514,Rec Visits,rec_visits,Total Recreation Visits
CHIS,2009,12,TNRV,174,Non-Rec Visits,non_rec_visits,Total Non-Recreation Visits
CHIS,2009,12,TV,12688,Total Visits,total_visits,Total Visits (Recreation + Non-Recreation)
CHIS,2009,12,TRVH,47345,Rec Hrs,rec_hrs,Total Recreation Visitor Hours
CHIS,2009,12,TH,51521,Total Hrs,total_hrs,Total Hours (Recreation + Non-Recreation)
CHIS,2009,12,CL,0,Conc Lodging,conc_lodging,Concessioner Lodging Overnight Stays
CHIS,2009,12,CCG,0,Conc Camp,conc_camp,Concessioner Campground Overnight Stays
CHIS,2009,12,TT,0,Tent Camp,tent_camp,Tent Camping Overnight Stays (NPS)
CHIS,2009,12,TRVS,0,Rec Stays,rec_stays,Total Recreation Overnight Stays
CHIS,2009,12,TTRV,0,Tent & RV,tent_rv,Total Tent and RV Camping Stays
CHIS,2009,12,BC,249,Backcountry,backcountry,Backcountry Camping Overnight Stays
CHIS,2009,12,MISC,135,Misc Stays,misc_stays,Miscellaneous Overnight Stays
CHIS,2009,12,NROS,500,Non-Rec Stays,non_rec_stays,Non-Recreation Overnight Stays
CHIS,2009,12,TOS,884,Total Stays,total_stays,Total Overnight Stays
CHIS,2009,12,TNRVH,4176,Non-Rec Hrs,non_rec_hrs,Total Non-Recreation Visitor Hours
CHIS,2003,1,TRV,39792,Rec Visits,rec_visits,Total Recreation Visits
CHIS,2003,1,TNRV,1709,Non-Rec Visits,non_rec_visits,Total Non-Recreation Visits
CHIS,2003,1,TV,41501,Total Visits,total_visits,Total Visits (Recreation + Non-Recreation)
CHIS,2003,1,TRVH,373758,Rec Hrs,rec_hrs,Total Recreation Visitor Hours
CHIS,2003,1,TH,414774,Total Hrs,total_hrs,Total Hours (Recreation + Non-Recreation)
CHIS,2003,1,CL,0,Conc Lodging,conc_lodging,Concessioner Lodging Overnight Stays
CHIS,2003,1,CCG,0,Conc Camp,conc_camp,Concessioner Campground Overnight Stays
CHIS,2003,1,TT,0,Tent Camp,tent_camp,Tent Camping Overnight Stays (NPS)
CHIS,2003,1,TRVS,0,Rec Stays,rec_stays,Total Recreation Overnight Stays
CHIS,2003,1,TTRV,0,Tent & RV,tent_rv,Total Tent and RV Camping Stays
CHIS,2003,1,BC,259,Backcountry,backcountry,Backcountry Camping Overnight Stays
CHIS,2003,1,MISC,2129,Misc Stays,misc_stays,Miscellaneous Overnight Stays
CHIS,2003,1,NROS,887,Non-Rec Stays,non_rec_stays,Non-Recreation Overnight Stays
CHIS,2003,1,TOS,3275,Total Stays,total_stays,Total Overnight Stays
CHIS,2003,1,TNRVH,41016,Non-Rec Hrs,non_rec_hrs,Total Non-Recreation Visitor Hours
CHIS,2003,2,TRV,32769,Rec Visits,rec_visits,Total Recreation Visits
CHIS,2003,2,TNRV,1342,Non-Rec Visits,non_rec_visits,Total Non-Recreation Visits
CHIS,2003,2,TV,34111,Total Visits,total_visits,Total Visits (Recreation + Non-Recreation)
CHIS,2003,2,TRVH,298206,Rec Hrs,rec_hrs,Total Recreation Visitor Hours
CHIS,2003,2,TH,330414,Total Hrs,total_hrs,Total Hours (Recreation + Non-Recreation)
CHIS,2003,2,CL,0,Conc Lodging,conc_lodging,Concessioner Lodging Overnight Stays
CHIS,2003,2,CCG,0,Conc Camp,conc_camp,Concessioner Campground Overnight Stays
CHIS,2003,2,TT,0,Tent Camp,tent_camp,Tent Camping Overnight Stays (NPS)
CHIS,2003,2,TRVS,0,Rec Stays,rec_stays,Total Recreation Overnight Stays
CHIS,2003,2,TTRV,0,Tent & RV,tent_rv,Total Tent and RV Camping Stays
CHIS,2003,2,BC,299,Backcountry,backcountry,Backcountry Camping Overnight Stays
CHIS,2003,2,MISC,1841,Misc Stays,misc_stays,Miscellaneous Overnight Stays
CHIS,2003,2,NROS,2921,Non-Rec Stays,non_rec_stays,Non-Recreation Overnight Stays
CHIS,2003,2,TOS,5061,Total Stays,total_stays,Total Overnight Stays
CHIS,2003,2,TNRVH,32208,Non-Rec Hrs,non_rec_hrs,Total Non-Recreation Visitor Hours
CHIS,2003,3,TRV,39387,Rec Visits,rec_visits,Total Recreation Visits
CHIS,2003,3,TNRV,923,Non-Rec Visits,non_rec_visits,Total Non-Recreation Visits
CHIS,2003,3,TV,40310,Total Visits,total_visits,Total Visits (Recreation + Non-Recreation)
CHIS,2003,3,TRVH,329163,Rec Hrs,rec_hrs,Total Recreation Visitor Hours
CHIS,2003,3,TH,351315,Total Hrs,total_hrs,Total Hours (Recreation + Non-Recreation)
CHIS,2003,3,CL,0,Conc Lodging,conc_lodging,Concessioner Lodging Overnight Stays
CHIS,2003,3,CCG,0,Conc Camp,conc_camp,Concessioner Campground Overnight Stays
CHIS,2003,3,TT,0,Tent Camp,tent_camp,Tent Camping Overnight Stays (NPS)
CHIS,2003,3,TRVS,0,Rec Stays,rec_stays,Total Recreation Overnight Stays
CHIS,2003,3,TTRV,0,Tent & RV,tent_rv,Total Tent and RV Camping Stays
CHIS,2003,3,BC,166,Backcountry,backcountry,Backcountry Camping Overnight Stays
CHIS,2003,3,MISC,2034,Misc Stays,misc_stays,Miscellaneous Overnight Stays
CHIS,2003,3,NROS,2255,Non-Rec Stays,non_rec_stays,Non-Recreation Overnight Stays
CHIS,2003,3,TOS,4455,Total Stays,total_stays,Total Overnight Stays
CHIS,2003,3,TNRVH,22152,Non-Rec Hrs,non_rec_hrs,Total Non-Recreation Visitor Hours
CHIS,2003,4,TRV,43248,Rec Visits,rec_visits,Total Recreation Visits
CHIS,2003,4,TNRV,2225,Non-Rec Visits,non_rec_visits,Total Non-Recreation Visits
CHIS,2003,4,TV,45473,Total Visits,total_visits,Total Visits (Recreation + Non-Recreation)
CHIS,2003,4,TRVH,317202,Rec Hrs,rec_hrs,Total Recreation Visitor Hours
CHIS,2003,4,TH,370602,Total Hrs,total_hrs,Total Hours (Recreation + Non-Recreation)
CHIS,2003,4,CL,0,Conc Lodging,conc_lodging,Concessioner Lodging Overnight Stays
CHIS,2003,4,CCG,0,Conc Camp,conc_camp,Concessioner Campground Overnight Stays
CHIS,2003,4,TT,0,Tent Camp,tent_camp,Tent Camping Overnight Stays (NPS)
CHIS,2003,4,TRVS,0,Rec Stays,rec_stays,Total Recreation Overnight Stays
CHIS,2003,4,TTRV,0,Tent & RV,tent_rv,Total Tent and RV Camping Stays
CHIS,2003,4,BC,999,Backcountry,backcountry,Backcountry Camping Overnight Stays
CHIS,2003,4,MISC,2601,Misc Stays,misc_stays,Miscellaneous Overnight Stays
CHIS,2003,4,NROS,1638,Non-Rec Stays,non_rec_stays,Non-Recreation Overnight Stays
CHIS,2003,4,TOS,5238,Total Stays,total_stays,Total Overnight Stays
CHIS,2003,4,TNRVH,53400,Non-Rec Hrs,non_rec_hrs,Total Non-Recreation Visitor Hours
CHIS,2003,5,TRV,57610,Rec Visits,rec_visits,Total Recreation Visits
CHIS,2003,5,TNRV,2585,Non-Rec Visits,non_rec_visits,Total Non-Recreation Visits
CHIS,2003,5,TV,60195,Total Visits,total_visits,Total Visits (Recreation + Non-Recreation)
CHIS,2003,5,TRVH,603765,Rec Hrs,rec_hrs,Total Recreation Visitor Hours
CHIS,2003,5,TH,665805,Total Hrs,total_hrs,Total Hours (Recreation + Non-Recreation)
CHIS,2003,5,CL,0,Conc Lodging,conc_lodging,Concessioner Lodging Overnight Stays
CHIS,2003,5,CCG,0,Conc Camp,conc_camp,Concessioner Campground Overnight Stays
CHIS,2003,5,TT,0,Tent Camp,tent_camp,Tent Camping Overnight Stays (NPS)
CHIS,2003,5,TRVS,0,Rec Stays,rec_stays,Total Recreation Overnight Stays
CHIS,2003,5,TTRV,0,Tent & RV,tent_rv,Total Tent and RV Camping Stays
CHIS,2003,5,BC,1109,Backcountry,backcountry,Backcountry Camping Overnight Stays
CHIS,2003,5,MISC,8897,Misc Stays,misc_stays,Miscellaneous Overnight Stays
CHIS,2003,5,NROS,3524,Non-Rec Stays,non_rec_stays,Non-Recreation Overnight Stays
CHIS,2003,5,TOS,13530,Total Stays,total_stays,Total Overnight Stays
CHIS,2003,5,TNRVH,62040,Non-Rec Hrs,non_rec_hrs,Total Non-Recreation Visitor Hours
CHIS,2003,6,TRV,66795,Rec Visits,rec_visits,Total Recreation Visits
CHIS,2003,6,TNRV,2092,Non-Rec Visits,non_rec_visits,Total Non-Recreation Visits
CHIS,2003,6,TV,68887,Total Visits,total_visits,Total Visits (Recreation + Non-Recreation)
CHIS,2003,6,TRVH,824205,Rec Hrs,rec_hrs,Total Recreation Visitor Hours
CHIS,2003,6,TH,874413,Total Hrs,total_hrs,Total Hours (Recreation + Non-Recreation)
CHIS,2003,6,CL,0,Conc Lodging,conc_lodging,Concessioner Lodging Overnight Stays
CHIS,2003,6,CCG,0,Conc Camp,conc_camp,Concessioner Campground Overnight Stays
CHIS,2003,6,TT,0,Tent Camp,tent_camp,Tent Camping Overnight Stays (NPS)
CHIS,2003,6,TRVS,0,Rec Stays,rec_stays,Total Recreation Overnight Stays
CHIS,2003,6,TTRV,0,Tent & RV,tent_rv,Total Tent and RV Camping Stays
CHIS,2003,6,BC,1552,Backcountry,backcountry,Backcountry Camping Overnight Stays
CHIS,2003,6,MISC,6206,Misc Stays,misc_stays,Miscellaneous Overnight Stays
CHIS,2003,6,NROS,1805,Non-Rec Stays,non_rec_stays,Non-Recreation Overnight Stays
CHIS,2003,6,TOS,9563,Total Stays,total_stays,Total Overnight Stays
CHIS,2003,6,TNRVH,50208,Non-Rec Hrs,non_rec_hrs,Total Non-Recreation Visitor Hours
CHIS,2003,7,TRV,71851,Rec Visits,rec_visits,Total Recreation Visits
CHIS,2003,7,TNRV,1594,Non-Rec Visits,non_rec_visits,Total Non-Recreation Visits
CHIS,2003,7,TV,73445,Total Visits,total_visits,Total Visits (Recreation + Non-Recreation)
CHIS,2003,7,TRVH,922299,Rec Hrs,rec_hrs,Total Recreation Visitor Hours
CHIS,2003,7,TH,960555,Total Hrs,total_hrs,Total Hours (Recreation + Non-Recreation)
CHIS,2003,7,CL,0,Conc Lodging,conc_lodging,Concessioner Lodging Overnight Stays
CHIS,2003,7,CCG,0,Conc Camp,conc_camp,Concessioner Campground Overnight Stays
CHIS,2003,7,TT,0,Tent Camp,tent_camp,Tent Camping Overnight Stays (NPS)
CHIS,2003,7,TRVS,0,Rec Stays,rec_stays,Total Recreation Overnight Stays
CHIS,2003,7,TTRV,0,Tent & RV,tent_rv,Total Tent and RV Camping Stays
CHIS,2003,7,BC,2735,Backcountry,backcountry,Backcountry Camping Overnight Stays
CHIS,2003,7,MISC,12141,Misc Stays,misc_stays,Miscellaneous Overnight Stays
CHIS,2003,7,NROS,1350,Non-Rec Stays,non_rec_stays,Non-Recreation Overnight Stays
CHIS,2003,7,TOS,16226,Total Stays,total_stays,Total Overnight Stays
CHIS,2003,7,TNRVH,38256,Non-Rec Hrs,non_rec_hrs,Total Non-Recreation Visitor Hours
CHIS,2003,8,TRV,74376,Rec Visits,rec_visits,Total Recreation Visits
CHIS,2003,8,TNRV,2513,Non-Rec Visits,non_rec_visits,Total Non-Recreation Visits
CHIS,2003,8,TV,76889,Total Visits,total_visits,Total Visits (Recreation + Non-Recreation)
CHIS,2003,8,TRVH,1029399,Rec Hrs,rec_hrs,Total Recreation Visitor Hours
CHIS,2003,8,TH,1089711,Total Hrs,total_hrs,Total Hours (Recreation + Non-Recreation)
CHIS,2003,8,CL,0,Conc Lodging,conc_lodging,Concessioner Lodging Overnight Stays
CHIS,2003,8,CCG,0,Conc Camp,conc_camp,Concessioner Campground Overnight Stays
CHIS,2003,8,TT,0,Tent Camp,tent_camp,Tent Camping Overnight Stays (NPS)
CHIS,2003,8,TRVS,0,Rec Stays,rec_stays,Total Recreation Overnight Stays
CHIS,2003,8,TTRV,0,Tent & RV,tent_rv,Total Tent and RV Camping Stays
CHIS,2003,8,BC,4240,Backcountry,backcountry,Backcountry Camping Overnight Stays
CHIS,2003,8,MISC,19440,Misc Stays,misc_stays,Miscellaneous Overnight Stays
CHIS,2003,8,NROS,3470,Non-Rec Stays,non_rec_stays,Non-Recreation Overnight Stays
CHIS,2003,8,TOS,27150,Total Stays,total_stays,Total Overnight Stays
CHIS,2003,8,TNRVH,60312,Non-Rec Hrs,non_rec_hrs,Total Non-Recreation Visitor Hours
CHIS,2003,9,TRV,55783,Rec Visits,rec_visits,Total Recreation Visits
CHIS,2003,9,TNRV,1337,Non-Rec Visits,non_rec_visits,Total Non-Recreation Visits
CHIS,2003,9,TV,57120,Total Visits,total_visits,Total Visits (Recreation + Non-Recreation)
CHIS,2003,9,TRVH,652917,Rec Hrs,rec_hrs,Total Recreation Visitor Hours
CHIS,2003,9,TH,685005,Total Hrs,total_hrs,Total Hours (Recreation + Non-Recreation)
CHIS,2003,9,CL,0,Conc Lodging,conc_lodging,Concessioner Lodging Overnight Stays
CHIS,2003,9,CCG,0,Conc Camp,conc_camp,Concessioner Campground Overnight Stays
CHIS,2003,9,TT,0,Tent Camp,tent_camp,Tent Camping Overnight Stays (NPS)
CHIS,2003,9,TRVS,0,Rec Stays,rec_stays,Total Recreation Overnight Stays
CHIS,2003,9,TTRV,0,Tent & RV,tent_rv,Total Tent and RV Camping Stays
CHIS,2003,9,BC,1505,Backcountry,backcountry,Backcountry Camping Overnight Stays
CHIS,2003,9,MISC,11480,Misc Stays,misc_stays,Miscellaneous Overnight Stays
CHIS,2003,9,NROS,1386,Non-Rec Stays,non_rec_stays,Non-Recreation Overnight Stays
CHIS,2003,9,TOS,14371,Total Stays,total_stays,Total Overnight Stays
CHIS,2003,9,TNRVH,32088,Non-Rec Hrs,non_rec_hrs,Total Non-Recreation Visitor Hours
CHIS,2003,10,TRV,41312,Rec Visits,rec_visits,Total Recreation Visits
CHIS,2003,10,TNRV,1483,Non-Rec Visits,non_rec_visits,Total Non-Recreation Visits
CHIS,2003,10,TV,42795,Total Visits,total_visits,Total Visits (Recreation + Non-Recreation)
CHIS,2003,10,TRVH,503238,Rec Hrs,rec_hrs,Total Recreation Visitor Hours
CHIS,2003,10,TH,538830,Total Hrs,total_hrs,Total Hours (Recreation + Non-Recreation)
CHIS,2003,10,CL,0,Conc Lodging,conc_lodging,Concessioner Lodging Overnight Stays
CHIS,2003,10,CCG,0,Conc Camp,conc_camp,Concessioner Campground Overnight Stays
CHIS,2003,10,TT,0,Tent Camp,tent_camp,Tent Camping Overnight Stays (NPS)
CHIS,2003,10,TRVS,0,Rec Stays,rec_stays,Total Recreation Overnight Stays
CHIS,2003,10,TTRV,0,Tent & RV,tent_rv,Total Tent and RV Camping Stays
CHIS,2003,10,BC,1725,Backcountry,backcountry,Backcountry Camping Overnight Stays
CHIS,2003,10,MISC,12407,Misc Stays,misc_stays,Miscellaneous Overnight Stays
CHIS,2003,10,NROS,8388,Non-Rec Stays,non_rec_stays,Non-Recreation Overnight Stays
CHIS,2003,10,TOS,22520,Total Stays,total_stays,Total Overnight Stays
CHIS,2003,10,TNRVH,35592,Non-Rec Hrs,non_rec_hrs,Total Non-Recreation Visitor Hours
CHIS,2003,11,TRV,31566,Rec Visits,rec_visits,Total Recreation Visits
CHIS,2003,11,TNRV,1131,Non-Rec Visits,non_rec_visits,Total Non-Recreation Visits
CHIS,2003,11,TV,32697,Total Visits,total_visits,Total Visits (Recreation + Non-Recreation)
CHIS,2003,11,TRVH,234459,Rec Hrs,rec_hrs,Total Recreation Visitor Hours
CHIS,2003,11,TH,261603,Total Hrs,total_hrs,Total Hours (Recreation + Non-Recreation)
CHIS,2003,11,CL,0,Conc Lodging,conc_lodging,Concessioner Lodging Overnight Stays
CHIS,2003,11,CCG,0,Conc Camp,conc_camp,Concessioner Campground Overnight Stays
CHIS,2003,11,TT,0,Tent Camp,tent_camp,Tent Camping Overnight Stays (NPS)
CHIS,2003,11,TRVS,0,Rec Stays,rec_stays,Total Recreation Overnight Stays
CHIS,2003,11,TTRV,0,Tent & RV,tent_rv,Total Tent and RV Camping Stays
CHIS,2003,11,BC,366,Backcountry,backcountry,Backcountry Camping Overnight Stays
CHIS,2003,11,MISC,2718,Misc Stays,misc_stays,Miscellaneous Overnight Stays
CHIS,2003,11,NROS,3537,Non-Rec Stays,non_rec_stays,Non-Recreation Overnight Stays
CHIS,2003,11,TOS,6621,Total Stays,total_stays,Total Overnight Stays
CHIS,2003,11,TNRVH,27144,Non-Rec Hrs,non_rec_hrs,Total Non-Recreation Visitor Hours
CHIS,2003,12,TRV,31430,Rec Visits,rec_visits,Total Recreation Visits
CHIS,2003,12,TNRV,901,Non-Rec Visits,non_rec_visits,Total Non-Recreation Visits
CHIS,2003,12,TV,32331,Total Visits,total_visits,Total Visits (Recreation + Non-Recreation)
CHIS,2003,12,TRVH,138195,Rec Hrs,rec_hrs,Total Recreation Visitor Hours
CHIS,2003,12,TH,159819,Total Hrs,total_hrs,Total Hours (Recreation + Non-Recreation)
CHIS,2003,12,CL,0,Conc Lodging,conc_lodging,Concessioner Lodging Overnight Stays
CHIS,2003,12,CCG,0,Conc Camp,conc_camp,Concessioner Campground Overnight Stays
CHIS,2003,12,TT,0,Tent Camp,tent_camp,Tent Camping Overnight Stays (NPS)
CHIS,2003,12,TRVS,0,Rec Stays,rec_stays,Total Recreation Overnight Stays
CHIS,2003,12,TTRV,0,Tent & RV,tent_rv,Total Tent and RV Camping Stays
CHIS,2003,12,BC,363,Backcountry,backcountry,Backcountry Camping Overnight Stays
CHIS,2003,12,MISC,657,Misc Stays,misc_stays,Miscellaneous Overnight Stays
CHIS,2003,12,NROS,1575,Non-Rec Stays,non_rec_stays,Non-Recreation Overnight Stays
CHIS,2003,12,TOS,2595,Total Stays,total_stays,Total Overnight Stays
CHIS,2003,12,TNRVH,21624,Non-Rec Hrs,non_rec_hrs,Total Non-Recreation Visitor Hours
CHIS,2005,1,TRV,19573,Rec Visits,rec_visits,Total Recreation Visits
CHIS,2005,1,TNRV,1521,Non-Rec Visits,non_rec_visits,Total Non-Recreation Visits
CHIS,2005,1,TV,21094,Total Visits,total_visits,Total Visits (Recreation + Non-Recreation)
CHIS,2005,1,TRVH,118046,Rec Hrs,rec_hrs,Total Recreation Visitor Hours
CHIS,2005,1,TH,154550,Total Hrs,total_hrs,Total Hours (Recreation + Non-Recreation)
CHIS,2005,1,CL,0,Conc Lodging,conc_lodging,Concessioner Lodging Overnight Stays
CHIS,2005,1,CCG,0,Conc Camp,conc_camp,Concessioner Campground Overnight Stays
CHIS,2005,1,TT,0,Tent Camp,tent_camp,Tent Camping Overnight Stays (NPS)
CHIS,2005,1,TRVS,0,Rec Stays,rec_stays,Total Recreation Overnight Stays
CHIS,2005,1,TTRV,0,Tent & RV,tent_rv,Total Tent and RV Camping Stays
CHIS,2005,1,BC,0,Backcountry,backcountry,Backcountry Camping Overnight Stays
CHIS,2005,1,MISC,279,Misc Stays,misc_stays,Miscellaneous Overnight Stays
CHIS,2005,1,NROS,3614,Non-Rec Stays,non_rec_stays,Non-Recreation Overnight Stays
CHIS,2005,1,TOS,3893,Total Stays,total_stays,Total Overnight Stays
CHIS,2005,1,TNRVH,36504,Non-Rec Hrs,non_rec_hrs,Total Non-Recreation Visitor Hours
CHIS,2005,2,TRV,21574,Rec Visits,rec_visits,Total Recreation Visits
CHIS,2005,2,TNRV,550,Non-Rec Visits,non_rec_visits,Total Non-Recreation Visits
CHIS,2005,2,TV,22124,Total Visits,total_visits,Total Visits (Recreation + Non-Recreation)
CHIS,2005,2,TRVH,145286,Rec Hrs,rec_hrs,Total Recreation Visitor Hours
CHIS,2005,2,TH,158486,Total Hrs,total_hrs,Total Hours (Recreation + Non-Recreation)
CHIS,2005,2,CL,0,Conc Lodging,conc_lodging,Concessioner Lodging Overnight Stays
CHIS,2005,2,CCG,0,Conc Camp,conc_camp,Concessioner Campground Overnight Stays
CHIS,2005,2,TT,0,Tent Camp,tent_camp,Tent Camping Overnight Stays (NPS)
CHIS,2005,2,TRVS,0,Rec Stays,rec_stays,Total Recreation Overnight Stays
CHIS,2005,2,TTRV,0,Tent & RV,tent_rv,Total Tent and RV Camping Stays
CHIS,2005,2,BC,66,Backcountry,backcountry,Backcountry Camping Overnight Stays
CHIS,2005,2,MISC,833,Misc Stays,misc_stays,Miscellaneous Overnight Stays
CHIS,2005,2,NROS,1062,Non-Rec Stays,non_rec_stays,Non-Recreation Overnight Stays
CHIS,2005,2,TOS,1961,Total Stays,total_stays,Total Overnight Stays
CHIS,2005,2,TNRVH,13200,Non-Rec Hrs,non_rec_hrs,Total Non-Recreation Visitor Hours
CHIS,2005,3,TRV,41489,Rec Visits,rec_visits,Total Recreation Visits
CHIS,2005,3,TNRV,633,Non-Rec Visits,non_rec_visits,Total Non-Recreation Visits
CHIS,2005,3,TV,42122,Total Visits,total_visits,Total Visits (Recreation + Non-Recreation)
CHIS,2005,3,TRVH,447912,Rec Hrs,rec_hrs,Total Recreation Visitor Hours
CHIS,2005,3,TH,463104,Total Hrs,total_hrs,Total Hours (Recreation + Non-Recreation)
CHIS,2005,3,CL,0,Conc Lodging,conc_lodging,Concessioner Lodging Overnight Stays
CHIS,2005,3,CCG,0,Conc Camp,conc_camp,Concessioner Campground Overnight Stays
CHIS,2005,3,TT,0,Tent Camp,tent_camp,Tent Camping Overnight Stays (NPS)
CHIS,2005,3,TRVS,0,Rec Stays,rec_stays,Total Recreation Overnight Stays
CHIS,2005,3,TTRV,0,Tent & RV,tent_rv,Total Tent and RV Camping Stays
CHIS,2005,3,BC,555,Backcountry,backcountry,Backcountry Camping Overnight Stays
CHIS,2005,3,MISC,1499,Misc Stays,misc_stays,Miscellaneous Overnight Stays
CHIS,2005,3,NROS,1328,Non-Rec Stays,non_rec_stays,Non-Recreation Overnight Stays
CHIS,2005,3,TOS,3382,Total Stays,total_stays,Total Overnight Stays
CHIS,2005,3,TNRVH,15192,Non-Rec Hrs,non_rec_hrs,Total Non-Recreation Visitor Hours
CHIS,2005,4,TRV,40623,Rec Visits,rec_visits,Total Recreation Visits
CHIS,2005,4,TNRV,620,Non-Rec Visits,non_rec_visits,Total Non-Recreation Visits
CHIS,2005,4,TV,41243,Total Visits,total_visits,Total Visits (Recreation + Non-Recreation)
CHIS,2005,4,TRVH,510299,Rec Hrs,rec_hrs,Total Recreation Visitor Hours
CHIS,2005,4,TH,525179,Total Hrs,total_hrs,Total Hours (Recreation + Non-Recreation)
CHIS,2005,4,CL,0,Conc Lodging,conc_lodging,Concessioner Lodging Overnight Stays
CHIS,2005,4,CCG,0,Conc Camp,conc_camp,Concessioner Campground Overnight Stays
CHIS,2005,4,TT,0,Tent Camp,tent_camp,Tent Camping Overnight Stays (NPS)
CHIS,2005,4,TRVS,0,Rec Stays,rec_stays,Total Recreation Overnight Stays
CHIS,2005,4,TTRV,0,Tent & RV,tent_rv,Total Tent and RV Camping Stays
CHIS,2005,4,BC,960,Backcountry,backcountry,Backcountry Camping Overnight Stays
CHIS,2005,4,MISC,2088,Misc Stays,misc_stays,Miscellaneous Overnight Stays
CHIS,2005,4,NROS,905,Non-Rec Stays,non_rec_stays,Non-Recreation Overnight Stays
CHIS,2005,4,TOS,3953,Total Stays,total_stays,Total Overnight Stays
CHIS,2005,4,TNRVH,14880,Non-Rec Hrs,non_rec_hrs,Total Non-Recreation Visitor Hours
CHIS,2005,5,TRV,38757,Rec Visits,rec_visits,Total Recreation Visits
CHIS,2005,5,TNRV,670,Non-Rec Visits,non_rec_visits,Total Non-Recreation Visits
CHIS,2005,5,TV,39427,Total Visits,total_visits,Total Visits (Recreation + Non-Recreation)
CHIS,2005,5,TRVH,510348,Rec Hrs,rec_hrs,Total Recreation Visitor Hours
CHIS,2005,5,TH,526428,Total Hrs,total_hrs,Total Hours (Recreation + Non-Recreation)
CHIS,2005,5,CL,0,Conc Lodging,conc_lodging,Concessioner Lodging Overnight Stays
CHIS,2005,5,CCG,0,Conc Camp,conc_camp,Concessioner Campground Overnight Stays
CHIS,2005,5,TT,0,Tent Camp,tent_camp,Tent Camping Overnight Stays (NPS)
CHIS,2005,5,TRVS,0,Rec Stays,rec_stays,Total Recreation Overnight Stays
CHIS,2005,5,TTRV,0,Tent & RV,tent_rv,Total Tent and RV Camping Stays
CHIS,2005,5,BC,2050,Backcountry,backcountry,Backcountry Camping Overnight Stays
CHIS,2005,5,MISC,7565,Misc Stays,misc_stays,Miscellaneous Overnight Stays
CHIS,2005,5,NROS,1238,Non-Rec Stays,non_rec_stays,Non-Recreation Overnight Stays
CHIS,2005,5,TOS,10853,Total Stays,total_stays,Total Overnight Stays
CHIS,2005,5,TNRVH,16080,Non-Rec Hrs,non_rec_hrs,Total Non-Recreation Visitor Hours
CHIS,2005,6,TRV,61422,Rec Visits,rec_visits,Total Recreation Visits
CHIS,2005,6,TNRV,1057,Non-Rec Visits,non_rec_visits,Total Non-Recreation Visits
CHIS,2005,6,TV,62479,Total Visits,total_visits,Total Visits (Recreation + Non-Recreation)
CHIS,2005,6,TRVH,580847,Rec Hrs,rec_hrs,Total Recreation Visitor Hours
CHIS,2005,6,TH,606215,Total Hrs,total_hrs,Total Hours (Recreation + Non-Recreation)
CHIS,2005,6,CL,0,Conc Lodging,conc_lodging,Concessioner Lodging Overnight Stays
CHIS,2005,6,CCG,0,Conc Camp,conc_camp,Concessioner Campground Overnight Stays
CHIS,2005,6,TT,0,Tent Camp,tent_camp,Tent Camping Overnight Stays (NPS)
CHIS,2005,6,TRVS,0,Rec Stays,rec_stays,Total Recreation Overnight Stays
CHIS,2005,6,TTRV,0,Tent & RV,tent_rv,Total Tent and RV Camping Stays
CHIS,2005,6,BC,3245,Backcountry,backcountry,Backcountry Camping Overnight Stays
CHIS,2005,6,MISC,10103,Misc Stays,misc_stays,Miscellaneous Overnight Stays
CHIS,2005,6,NROS,1206,Non-Rec Stays,non_rec_stays,Non-Recreation Overnight Stays
CHIS,2005,6,TOS,14554,Total Stays,total_stays,Total Overnight Stays
CHIS,2005,6,TNRVH,25368,Non-Rec Hrs,non_rec_hrs,Total Non-Recreation Visitor Hours
CHIS,2005,7,TRV,64849,Rec Visits,rec_visits,Total Recreation Visits
CHIS,2005,7,TNRV,1230,Non-Rec Visits,non_rec_visits,Total Non-Recreation Visits
CHIS,2005,7,TV,66079,Total Visits,total_visits,Total Visits (Recreation + Non-Recreation)
CHIS,2005,7,TRVH,930548,Rec Hrs,rec_hrs,Total Recreation Visitor Hours
CHIS,2005,7,TH,960068,Total Hrs,total_hrs,Total Hours (Recreation + Non-Recreation)
CHIS,2005,7,CL,0,Conc Lodging,conc_lodging,Concessioner Lodging Overnight Stays
CHIS,2005,7,CCG,0,Conc Camp,conc_camp,Concessioner Campground Overnight Stays
CHIS,2005,7,TT,0,Tent Camp,tent_camp,Tent Camping Overnight Stays (NPS)
CHIS,2005,7,TRVS,0,Rec Stays,rec_stays,Total Recreation Overnight Stays
CHIS,2005,7,TTRV,0,Tent & RV,tent_rv,Total Tent and RV Camping Stays
CHIS,2005,7,BC,3667,Backcountry,backcountry,Backcountry Camping Overnight Stays
CHIS,2005,7,MISC,19674,Misc Stays,misc_stays,Miscellaneous Overnight Stays
CHIS,2005,7,NROS,1787,Non-Rec Stays,non_rec_stays,Non-Recreation Overnight Stays
CHIS,2005,7,TOS,25128,Total Stays,total_stays,Total Overnight Stays
CHIS,2005,7,TNRVH,29520,Non-Rec Hrs,non_rec_hrs,Total Non-Recreation Visitor Hours
CHIS,2005,8,TRV,52469,Rec Visits,rec_visits,Total Recreation Visits
CHIS,2005,8,TNRV,1428,Non-Rec Visits,non_rec_visits,Total Non-Recreation Visits
CHIS,2005,8,TV,53897,Total Visits,total_visits,Total Visits (Recreation + Non-Recreation)
CHIS,2005,8,TRVH,768944,Rec Hrs,rec_hrs,Total Recreation Visitor Hours
CHIS,2005,8,TH,803216,Total Hrs,total_hrs,Total Hours (Recreation + Non-Recreation)
CHIS,2005,8,CL,0,Conc Lodging,conc_lodging,Concessioner Lodging Overnight Stays
CHIS,2005,8,CCG,0,Conc Camp,conc_camp,Concessioner Campground Overnight Stays
CHIS,2005,8,TT,0,Tent Camp,tent_camp,Tent Camping Overnight Stays (NPS)
CHIS,2005,8,TRVS,0,Rec Stays,rec_stays,Total Recreation Overnight Stays
CHIS,2005,8,TTRV,0,Tent & RV,tent_rv,Total Tent and RV Camping Stays
CHIS,2005,8,BC,4058,Backcountry,backcountry,Backcountry Camping Overnight Stays
CHIS,2005,8,MISC,20079,Misc Stays,misc_stays,Miscellaneous Overnight Stays
CHIS,2005,8,NROS,1692,Non-Rec Stays,non_rec_stays,Non-Recreation Overnight Stays
CHIS,2005,8,TOS,25829,Total Stays,total_stays,Total Overnight Stays
CHIS,2005,8,TNRVH,34272,Non-Rec Hrs,non_rec_hrs,Total Non-Recreation Visitor Hours
CHIS,2005,9,TRV,42447,Rec Visits,rec_visits,Total Recreation Visits
CHIS,2005,9,TNRV,1359,Non-Rec Visits,non_rec_visits,Total Non-Recreation Visits
CHIS,2005,9,TV,43806,Total Visits,total_visits,Total Visits (Recreation + Non-Recreation)
CHIS,2005,9,TRVH,676220,Rec Hrs,rec_hrs,Total Recreation Visitor Hours
CHIS,2005,9,TH,708836,Total Hrs,total_hrs,Total Hours (Recreation + Non-Recreation)
CHIS,2005,9,CL,0,Conc Lodging,conc_lodging,Concessioner Lodging Overnight Stays
CHIS,2005,9,CCG,0,Conc Camp,conc_camp,Concessioner Campground Overnight Stays
CHIS,2005,9,TT,0,Tent Camp,tent_camp,Tent Camping Overnight Stays (NPS)
CHIS,2005,9,TRVS,0,Rec Stays,rec_stays,Total Recreation Overnight Stays
CHIS,2005,9,TTRV,0,Tent & RV,tent_rv,Total Tent and RV Camping Stays
CHIS,2005,9,BC,2604,Backcountry,backcountry,Backcountry Camping Overnight Stays
CHIS,2005,9,MISC,20916,Misc Stays,misc_stays,Miscellaneous Overnight Stays
CHIS,2005,9,NROS,1440,Non-Rec Stays,non_rec_stays,Non-Recreation Overnight Stays
CHIS,2005,9,TOS,24960,Total Stays,total_stays,Total Overnight Stays
CHIS,2005,9,TNRVH,32616,Non-Rec Hrs,non_rec_hrs,Total Non-Recreation Visitor Hours
CHIS,2005,10,TRV,28700,Rec Visits,rec_visits,Total Recreation Visits
CHIS,2005,10,TNRV,1082,Non-Rec Visits,non_rec_visits,Total Non-Recreation Visits
CHIS,2005,10,TV,29782,Total Visits,total_visits,Total Visits (Recreation + Non-Recreation)
CHIS,2005,10,TRVH,443401,Rec Hrs,rec_hrs,Total Recreation Visitor Hours
CHIS,2005,10,TH,469369,Total Hrs,total_hrs,Total Hours (Recreation + Non-Recreation)
CHIS,2005,10,CL,0,Conc Lodging,conc_lodging,Concessioner Lodging Overnight Stays
CHIS,2005,10,CCG,0,Conc Camp,conc_camp,Concessioner Campground Overnight Stays
CHIS,2005,10,TT,0,Tent Camp,tent_camp,Tent Camping Overnight Stays (NPS)
CHIS,2005,10,TRVS,0,Rec Stays,rec_stays,Total Recreation Overnight Stays
CHIS,2005,10,TTRV,0,Tent & RV,tent_rv,Total Tent and RV Camping Stays
CHIS,2005,10,BC,1842,Backcountry,backcountry,Backcountry Camping Overnight Stays
CHIS,2005,10,MISC,7601,Misc Stays,misc_stays,Miscellaneous Overnight Stays
CHIS,2005,10,NROS,1170,Non-Rec Stays,non_rec_stays,Non-Recreation Overnight Stays
CHIS,2005,10,TOS,10613,Total Stays,total_stays,Total Overnight Stays
CHIS,2005,10,TNRVH,25968,Non-Rec Hrs,non_rec_hrs,Total Non-Recreation Visitor Hours
CHIS,2005,11,TRV,22204,Rec Visits,rec_visits,Total Recreation Visits
CHIS,2005,11,TNRV,705,Non-Rec Visits,non_rec_visits,Total Non-Recreation Visits
CHIS,2005,11,TV,22909,Total Visits,total_visits,Total Visits (Recreation + Non-Recreation)
CHIS,2005,11,TRVH,271270,Rec Hrs,rec_hrs,Total Recreation Visitor Hours
CHIS,2005,11,TH,288190,Total Hrs,total_hrs,Total Hours (Recreation + Non-Recreation)
CHIS,2005,11,CL,0,Conc Lodging,conc_lodging,Concessioner Lodging Overnight Stays
CHIS,2005,11,CCG,0,Conc Camp,conc_camp,Concessioner Campground Overnight Stays
CHIS,2005,11,TT,0,Tent Camp,tent_camp,Tent Camping Overnight Stays (NPS)
CHIS,2005,11,TRVS,0,Rec Stays,rec_stays,Total Recreation Overnight Stays
CHIS,2005,11,TTRV,0,Tent & RV,tent_rv,Total Tent and RV Camping Stays
CHIS,2005,11,BC,127,Backcountry,backcountry,Backcountry Camping Overnight Stays
CHIS,2005,11,MISC,4086,Misc Stays,misc_stays,Miscellaneous Overnight Stays
CHIS,2005,11,NROS,657,Non-Rec Stays,non_rec_stays,Non-Recreation Overnight Stays
CHIS,2005,11,TOS,4870,Total Stays,total_stays,Total Overnight Stays
CHIS,2005,11,TNRVH,16920,Non-Rec Hrs,non_rec_hrs,Total Non-Recreation Visitor Hours
CHIS,2012,1,TRV,15786,Rec Visits,rec_visits,Total Recreation Visits
CHIS,2012,1,TNRV,531,Non-Rec Visits,non_rec_visits,Total Non-Recreation Visits
CHIS,2012,1,TV,16317,Total Visits,total_visits,Total Visits (Recreation + Non-Recreation)
CHIS,2012,1,TRVH,57398,Rec Hrs,rec_hrs,Total Recreation Visitor Hours
CHIS,2012,1,TH,70142,Total Hrs,total_hrs,Total Hours (Recreation + Non-Recreation)
CHIS,2012,1,CL,0,Conc Lodging,conc_lodging,Concessioner Lodging Overnight Stays
CHIS,2012,1,CCG,0,Conc Camp,conc_camp,Concessioner Campground Overnight Stays
CHIS,2012,1,TT,0,Tent Camp,tent_camp,Tent Camping Overnight Stays (NPS)
CHIS,2012,1,TRVS,0,Rec Stays,rec_stays,Total Recreation Overnight Stays
CHIS,2012,1,TTRV,0,Tent & RV,tent_rv,Total Tent and RV Camping Stays
CHIS,2012,1,BC,229,Backcountry,backcountry,Backcountry Camping Overnight Stays
CHIS,2012,1,MISC,490,Misc Stays,misc_stays,Miscellaneous Overnight Stays
CHIS,2012,1,NROS,756,Non-Rec Stays,non_rec_stays,Non-Recreation Overnight Stays
CHIS,2012,1,TOS,1475,Total Stays,total_stays,Total Overnight Stays
CHIS,2012,1,TNRVH,12744,Non-Rec Hrs,non_rec_hrs,Total Non-Recreation Visitor Hours
CHIS,2012,2,TRV,17918,Rec Visits,rec_visits,Total Recreation Visits
CHIS,2012,2,TNRV,317,Non-Rec Visits,non_rec_visits,Total Non-Recreation Visits
CHIS,2012,2,TV,18235,Total Visits,total_visits,Total Visits (Recreation + Non-Recreation)
CHIS,2012,2,TRVH,95889,Rec Hrs,rec_hrs,Total Recreation Visitor Hours
CHIS,2012,2,TH,103497,Total Hrs,total_hrs,Total Hours (Recreation + Non-Recreation)
CHIS,2012,2,CL,0,Conc Lodging,conc_lodging,Concessioner Lodging Overnight Stays
CHIS,2012,2,CCG,0,Conc Camp,conc_camp,Concessioner Campground Overnight Stays
CHIS,2012,2,TT,0,Tent Camp,tent_camp,Tent Camping Overnight Stays (NPS)
CHIS,2012,2,TRVS,0,Rec Stays,rec_stays,Total Recreation Overnight Stays
CHIS,2012,2,TTRV,0,Tent & RV,tent_rv,Total Tent and RV Camping Stays
CHIS,2012,2,BC,353,Backcountry,backcountry,Backcountry Camping Overnight Stays
CHIS,2012,2,MISC,594,Misc Stays,misc_stays,Miscellaneous Overnight Stays
CHIS,2012,2,NROS,450,Non-Rec Stays,non_rec_stays,Non-Recreation Overnight Stays
CHIS,2012,2,TOS,1397,Total Stays,total_stays,Total Overnight Stays
CHIS,2012,2,TNRVH,7608,Non-Rec Hrs,non_rec_hrs,Total Non-Recreation Visitor Hours
CHIS,2012,3,TRV,20902,Rec Visits,rec_visits,Total Recreation Visits
CHIS,2012,3,TNRV,430,Non-Rec Visits,non_rec_visits,Total Non-Recreation Visits
CHIS,2012,3,TV,21332,Total Visits,total_visits,Total Visits (Recreation + Non-Recreation)
CHIS,2012,3,TRVH,113238,Rec Hrs,rec_hrs,Total Recreation Visitor Hours
CHIS,2012,3,TH,123558,Total Hrs,total_hrs,Total Hours (Recreation + Non-Recreation)
CHIS,2012,3,CL,0,Conc Lodging,conc_lodging,Concessioner Lodging Overnight Stays
CHIS,2012,3,CCG,0,Conc Camp,conc_camp,Concessioner Campground Overnight Stays
CHIS,2012,3,TT,0,Tent Camp,tent_camp,Tent Camping Overnight Stays (NPS)
CHIS,2012,3,TRVS,0,Rec Stays,rec_stays,Total Recreation Overnight Stays
CHIS,2012,3,TTRV,0,Tent & RV,tent_rv,Total Tent and RV Camping Stays
CHIS,2012,3,BC,841,Backcountry,backcountry,Backcountry Camping Overnight Stays
CHIS,2012,3,MISC,1116,Misc Stays,misc_stays,Miscellaneous Overnight Stays
CHIS,2012,3,NROS,918,Non-Rec Stays,non_rec_stays,Non-Recreation Overnight Stays
CHIS,2012,3,TOS,2875,Total Stays,total_stays,Total Overnight Stays
CHIS,2012,3,TNRVH,10320,Non-Rec Hrs,non_rec_hrs,Total Non-Recreation Visitor Hours
CHIS,2012,4,TRV,19663,Rec Visits,rec_visits,Total Recreation Visits
CHIS,2012,4,TNRV,348,Non-Rec Visits,non_rec_visits,Total Non-Recreation Visits
CHIS,2012,4,TV,20011,Total Visits,total_visits,Total Visits (Recreation + Non-Recreation)
CHIS,2012,4,TRVH,140120,Rec Hrs,rec_hrs,Total Recreation Visitor Hours
CHIS,2012,4,TH,148472,Total Hrs,total_hrs,Total Hours (Recreation + Non-Recreation)
CHIS,2012,4,CL,0,Conc Lodging,conc_lodging,Concessioner Lodging Overnight Stays
CHIS,2012,4,CCG,0,Conc Camp,conc_camp,Concessioner Campground Overnight Stays
CHIS,2012,4,TT,0,Tent Camp,tent_camp,Tent Camping Overnight Stays (NPS)
CHIS,2012,4,TRVS,0,Rec Stays,rec_stays,Total Recreation Overnight Stays
CHIS,2012,4,TTRV,0,Tent & RV,tent_rv,Total Tent and RV Camping Stays
CHIS,2012,4,BC,1080,Backcountry,backcountry,Backcountry Camping Overnight Stays
CHIS,2012,4,MISC,2146,Misc Stays,misc_stays,Miscellaneous Overnight Stays
CHIS,2012,4,NROS,608,Non-Rec Stays,non_rec_stays,Non-Recreation Overnight Stays
CHIS,2012,4,TOS,3834,Total Stays,total_stays,Total Overnight Stays
CHIS,2012,4,TNRVH,8352,Non-Rec Hrs,non_rec_hrs,Total Non-Recreation Visitor Hours
CHIS,2012,5,TRV,24524,Rec Visits,rec_visits,Total Recreation Visits
CHIS,2012,5,TNRV,339,Non-Rec Visits,non_rec_visits,Total Non-Recreation Visits
CHIS,2012,5,TV,24863,Total Visits,total_visits,Total Visits (Recreation + Non-Recreation)
CHIS,2012,5,TRVH,211846,Rec Hrs,rec_hrs,Total Recreation Visitor Hours
CHIS,2012,5,TH,219982,Total Hrs,total_hrs,Total Hours (Recreation + Non-Recreation)
CHIS,2012,5,CL,0,Conc Lodging,conc_lodging,Concessioner Lodging Overnight Stays
CHIS,2012,5,CCG,0,Conc Camp,conc_camp,Concessioner Campground Overnight Stays
CHIS,2012,5,TT,0,Tent Camp,tent_camp,Tent Camping Overnight Stays (NPS)
CHIS,2012,5,TRVS,0,Rec Stays,rec_stays,Total Recreation Overnight Stays
CHIS,2012,5,TTRV,0,Tent & RV,tent_rv,Total Tent and RV Camping Stays
CHIS,2012,5,BC,1678,Backcountry,backcountry,Backcountry Camping Overnight Stays
CHIS,2012,5,MISC,1894,Misc Stays,misc_stays,Miscellaneous Overnight Stays
CHIS,2012,5,NROS,590,Non-Rec Stays,non_rec_stays,Non-Recreation Overnight Stays
CHIS,2012,5,TOS,4162,Total Stays,total_stays,Total Overnight Stays
CHIS,2012,5,TNRVH,8136,Non-Rec Hrs,non_rec_hrs,Total Non-Recreation Visitor Hours
CHIS,2012,6,TRV,29404,Rec Visits,rec_visits,Total Recreation Visits
CHIS,2012,6,TNRV,369,Non-Rec Visits,non_rec_visits,Total Non-Recreation Visits
CHIS,2012,6,TV,29773,Total Visits,total_visits,Total Visits (Recreation + Non-Recreation)
CHIS,2012,6,TRVH,284081,Rec Hrs,rec_hrs,Total Recreation Visitor Hours
CHIS,2012,6,TH,292937,Total Hrs,total_hrs,Total Hours (Recreation + Non-Recreation)
CHIS,2012,6,CL,0,Conc Lodging,conc_lodging,Concessioner Lodging Overnight Stays
CHIS,2012,6,CCG,0,Conc Camp,conc_camp,Concessioner Campground Overnight Stays
CHIS,2012,6,TT,0,Tent Camp,tent_camp,Tent Camping Overnight Stays (NPS)
CHIS,2012,6,TRVS,0,Rec Stays,rec_stays,Total Recreation Overnight Stays
CHIS,2012,6,TTRV,0,Tent & RV,tent_rv,Total Tent and RV Camping Stays
CHIS,2012,6,BC,2803,Backcountry,backcountry,Backcountry Camping Overnight Stays
CHIS,2012,6,MISC,1701,Misc Stays,misc_stays,Miscellaneous Overnight Stays
CHIS,2012,6,NROS,544,Non-Rec Stays,non_rec_stays,Non-Recreation Overnight Stays
CHIS,2012,6,TOS,5048,Total Stays,total_stays,Total Overnight Stays
CHIS,2012,6,TNRVH,8856,Non-Rec Hrs,non_rec_hrs,Total Non-Recreation Visitor Hours
CHIS,2012,7,TRV,36269,Rec Visits,rec_visits,Total Recreation Visits
CHIS,2012,7,TNRV,670,Non-Rec Visits,non_rec_visits,Total Non-Recreation Visits
CHIS,2012,7,TV,36939,Total Visits,total_visits,Total Visits (Recreation + Non-Recreation)
CHIS,2012,7,TRVH,347567,Rec Hrs,rec_hrs,Total Recreation Visitor Hours
CHIS,2012,7,TH,363647,Total Hrs,total_hrs,Total Hours (Recreation + Non-Recreation)
CHIS,2012,7,CL,0,Conc Lodging,conc_lodging,Concessioner Lodging Overnight Stays
CHIS,2012,7,CCG,0,Conc Camp,conc_camp,Concessioner Campground Overnight Stays
CHIS,2012,7,TT,0,Tent Camp,tent_camp,Tent Camping Overnight Stays (NPS)
CHIS,2012,7,TRVS,0,Rec Stays,rec_stays,Total Recreation Overnight Stays
CHIS,2012,7,TTRV,0,Tent & RV,tent_rv,Total Tent and RV Camping Stays
CHIS,2012,7,BC,3772,Backcountry,backcountry,Backcountry Camping Overnight Stays
CHIS,2012,7,MISC,3388,Misc Stays,misc_stays,Miscellaneous Overnight Stays
CHIS,2012,7,NROS,1256,Non-Rec Stays,non_rec_stays,Non-Recreation Overnight Stays
CHIS,2012,7,TOS,8416,Total Stays,total_stays,Total Overnight Stays
CHIS,2012,7,TNRVH,16080,Non-Rec Hrs,non_rec_hrs,Total Non-Recreation Visitor Hours
CHIS,2012,8,TRV,33227,Rec Visits,rec_visits,Total Recreation Visits
CHIS,2012,8,TNRV,493,Non-Rec Visits,non_rec_visits,Total Non-Recreation Visits
CHIS,2012,8,TV,33720,Total Visits,total_visits,Total Visits (Recreation + Non-Recreation)
CHIS,2012,8,TRVH,334878,Rec Hrs,rec_hrs,Total Recreation Visitor Hours
CHIS,2012,8,TH,346710,Total Hrs,total_hrs,Total Hours (Recreation + Non-Recreation)
CHIS,2012,8,CL,0,Conc Lodging,conc_lodging,Concessioner Lodging Overnight Stays
CHIS,2012,8,CCG,0,Conc Camp,conc_camp,Concessioner Campground Overnight Stays
CHIS,2012,8,TT,0,Tent Camp,tent_camp,Tent Camping Overnight Stays (NPS)
CHIS,2012,8,TRVS,0,Rec Stays,rec_stays,Total Recreation Overnight Stays
CHIS,2012,8,TTRV,0,Tent & RV,tent_rv,Total Tent and RV Camping Stays
CHIS,2012,8,BC,3624,Backcountry,backcountry,Backcountry Camping Overnight Stays
CHIS,2012,8,MISC,3614,Misc Stays,misc_stays,Miscellaneous Overnight Stays
CHIS,2012,8,NROS,940,Non-Rec Stays,non_rec_stays,Non-Recreation Overnight Stays
CHIS,2012,8,TOS,8178,Total Stays,total_stays,Total Overnight Stays
CHIS,2012,8,TNRVH,11832,Non-Rec Hrs,non_rec_hrs,Total Non-Recreation Visitor Hours
CHIS,2012,9,TRV,24867,Rec Visits,rec_visits,Total Recreation Visits
CHIS,2012,9,TNRV,450,Non-Rec Visits,non_rec_visits,Total Non-Recreation Visits
CHIS,2012,9,TV,25317,Total Visits,total_visits,Total Visits (Recreation + Non-Recreation)
CHIS,2012,9,TRVH,246438,Rec Hrs,rec_hrs,Total Recreation Visitor Hours
CHIS,2012,9,TH,257238,Total Hrs,total_hrs,Total Hours (Recreation + Non-Recreation)
CHIS,2012,9,CL,0,Conc Lodging,conc_lodging,Concessioner Lodging Overnight Stays
CHIS,2012,9,CCG,0,Conc Camp,conc_camp,Concessioner Campground Overnight Stays
CHIS,2012,9,TT,0,Tent Camp,tent_camp,Tent Camping Overnight Stays (NPS)
CHIS,2012,9,TRVS,0,Rec Stays,rec_stays,Total Recreation Overnight Stays
CHIS,2012,9,TTRV,0,Tent & RV,tent_rv,Total Tent and RV Camping Stays
CHIS,2012,9,BC,2540,Backcountry,backcountry,Backcountry Camping Overnight Stays
CHIS,2012,9,MISC,1534,Misc Stays,misc_stays,Miscellaneous Overnight Stays
CHIS,2012,9,NROS,644,Non-Rec Stays,non_rec_stays,Non-Recreation Overnight Stays
CHIS,2012,9,TOS,4718,Total Stays,total_stays,Total Overnight Stays
CHIS,2012,9,TNRVH,10800,Non-Rec Hrs,non_rec_hrs,Total Non-Recreation Visitor Hours
CHIS,2012,10,TRV,19904,Rec Visits,rec_visits,Total Recreation Visits
CHIS,2012,10,TNRV,528,Non-Rec Visits,non_rec_visits,Total Non-Recreation Visits
CHIS,2012,10,TV,20432,Total Visits,total_visits,Total Visits (Recreation + Non-Recreation)
CHIS,2012,10,TRVH,187384,Rec Hrs,rec_hrs,Total Recreation Visitor Hours
CHIS,2012,10,TH,200056,Total Hrs,total_hrs,Total Hours (Recreation + Non-Recreation)
CHIS,2012,10,CL,0,Conc Lodging,conc_lodging,Concessioner Lodging Overnight Stays
CHIS,2012,10,CCG,0,Conc Camp,conc_camp,Concessioner Campground Overnight Stays
CHIS,2012,10,TT,0,Tent Camp,tent_camp,Tent Camping Overnight Stays (NPS)
CHIS,2012,10,TRVS,0,Rec Stays,rec_stays,Total Recreation Overnight Stays
CHIS,2012,10,TTRV,0,Tent & RV,tent_rv,Total Tent and RV Camping Stays
CHIS,2012,10,BC,1605,Backcountry,backcountry,Backcountry Camping Overnight Stays
CHIS,2012,10,MISC,2830,Misc Stays,misc_stays,Miscellaneous Overnight Stays
CHIS,2012,10,NROS,1094,Non-Rec Stays,non_rec_stays,Non-Recreation Overnight Stays
CHIS,2012,10,TOS,5529,Total Stays,total_stays,Total Overnight Stays
CHIS,2012,10,TNRVH,12672,Non-Rec Hrs,non_rec_hrs,Total Non-Recreation Visitor Hours
CHIS,2012,11,TRV,4999,Rec Visits,rec_visits,Total Recreation Visits
CHIS,2012,11,TNRV,400,Non-Rec Visits,non_rec_visits,Total Non-Recreation Visits
CHIS,2012,11,TV,5399,Total Visits,total_visits,Total Visits (Recreation + Non-Recreation)
CHIS,2012,11,TRVH,101952,Rec Hrs,rec_hrs,Total Recreation Visitor Hours
CHIS,2012,11,TH,111552,Total Hrs,total_hrs,Total Hours (Recreation + Non-Recreation)
CHIS,2012,11,CL,0,Conc Lodging,conc_lodging,Concessioner Lodging Overnight Stays
CHIS,2012,11,CCG,0,Conc Camp,conc_camp,Concessioner Campground Overnight Stays
CHIS,2012,11,TT,0,Tent Camp,tent_camp,Tent Camping Overnight Stays (NPS)
CHIS,2012,11,TRVS,0,Rec Stays,rec_stays,Total Recreation Overnight Stays
CHIS,2012,11,TTRV,0,Tent & RV,tent_rv,Total Tent and RV Camping Stays
CHIS,2012,11,BC,985,Backcountry,backcountry,Backcountry Camping Overnight Stays
CHIS,2012,11,MISC,1404,Misc Stays,misc_stays,Miscellaneous Overnight Stays
CHIS,2012,11,NROS,540,Non-Rec Stays,non_rec_stays,Non-Recreation Overnight Stays
CHIS,2012,11,TOS,2929,Total Stays,total_stays,Total Overnight Stays
CHIS,2012,11,TNRVH,9600,Non-Rec Hrs,non_rec_hrs,Total Non-Recreation Visitor Hours
CHIS,2012,12,TRV,2131,Rec Visits,rec_visits,Total Recreation Visits
CHIS,2012,12,TNRV,266,Non-Rec Visits,non_rec_visits,Total Non-Recreation Visits
CHIS,2012,12,TV,2397,Total Visits,total_visits,Total Visits (Recreation + Non-Recreation)
CHIS,2012,12,TRVH,33264,Rec Hrs,rec_hrs,Total Recreation Visitor Hours
CHIS,2012,12,TH,39648,Total Hrs,total_hrs,Total Hours (Recreation + Non-Recreation)
CHIS,2012,12,CL,0,Conc Lodging,conc_lodging,Concessioner Lodging Overnight Stays
CHIS,2012,12,CCG,0,Conc Camp,conc_camp,Concessioner Campground Overnight Stays
CHIS,2012,12,TT,0,Tent Camp,tent_camp,Tent Camping Overnight Stays (NPS)
CHIS,2012,12,TRVS,0,Rec Stays,rec_stays,Total Recreation Overnight Stays
CHIS,2012,12,TTRV,0,Tent & RV,tent_rv,Total Tent and RV Camping Stays
CHIS,2012,12,BC,275,Backcountry,backcountry,Backcountry Camping Overnight Stays
CHIS,2012,12,MISC,104,Misc Stays,misc_stays,Miscellaneous Overnight Stays
CHIS,2012,12,NROS,410,Non-Rec Stays,non_rec_stays,Non-Recreation Overnight Stays
CHIS,2012,12,TOS,789,Total Stays,total_stays,Total Overnight Stays
CHIS,2012,12,TNRVH,6384,Non-Rec Hrs,non_rec_hrs,Total Non-Recreation Visitor Hours
CHIS,2006,1,TRV,16009,Rec Visits,rec_visits,Total Recreation Visits
CHIS,2006,1,TNRV,552,Non-Rec Visits,non_rec_visits,Total Non-Recreation Visits
CHIS,2006,1,TV,16561,Total Visits,total_visits,Total Visits (Recreation + Non-Recreation)
CHIS,2006,1,TRVH,98584,Rec Hrs,rec_hrs,Total Recreation Visitor Hours
CHIS,2006,1,TH,111832,Total Hrs,total_hrs,Total Hours (Recreation + Non-Recreation)
CHIS,2006,1,CL,0,Conc Lodging,conc_lodging,Concessioner Lodging Overnight Stays
CHIS,2006,1,CCG,0,Conc Camp,conc_camp,Concessioner Campground Overnight Stays
CHIS,2006,1,TT,0,Tent Camp,tent_camp,Tent Camping Overnight Stays (NPS)
CHIS,2006,1,TRVS,0,Rec Stays,rec_stays,Total Recreation Overnight Stays
CHIS,2006,1,TTRV,0,Tent & RV,tent_rv,Total Tent and RV Camping Stays
CHIS,2006,1,BC,9,Backcountry,backcountry,Backcountry Camping Overnight Stays
CHIS,2006,1,MISC,2129,Misc Stays,misc_stays,Miscellaneous Overnight Stays
CHIS,2006,1,NROS,657,Non-Rec Stays,non_rec_stays,Non-Recreation Overnight Stays
CHIS,2006,1,TOS,2795,Total Stays,total_stays,Total Overnight Stays
CHIS,2006,1,TNRVH,13248,Non-Rec Hrs,non_rec_hrs,Total Non-Recreation Visitor Hours
CHIS,2006,2,TRV,22396,Rec Visits,rec_visits,Total Recreation Visits
CHIS,2006,2,TNRV,668,Non-Rec Visits,non_rec_visits,Total Non-Recreation Visits
CHIS,2006,2,TV,23064,Total Visits,total_visits,Total Visits (Recreation + Non-Recreation)
CHIS,2006,2,TRVH,93277,Rec Hrs,rec_hrs,Total Recreation Visitor Hours
CHIS,2006,2,TH,109309,Total Hrs,total_hrs,Total Hours (Recreation + Non-Recreation)
CHIS,2006,2,CL,0,Conc Lodging,conc_lodging,Concessioner Lodging Overnight Stays
CHIS,2006,2,CCG,0,Conc Camp,conc_camp,Concessioner Campground Overnight Stays
CHIS,2006,2,TT,0,Tent Camp,tent_camp,Tent Camping Overnight Stays (NPS)
CHIS,2006,2,TRVS,0,Rec Stays,rec_stays,Total Recreation Overnight Stays
CHIS,2006,2,TTRV,0,Tent & RV,tent_rv,Total Tent and RV Camping Stays
CHIS,2006,2,BC,48,Backcountry,backcountry,Backcountry Camping Overnight Stays
CHIS,2006,2,MISC,171,Misc Stays,misc_stays,Miscellaneous Overnight Stays
CHIS,2006,2,NROS,765,Non-Rec Stays,non_rec_stays,Non-Recreation Overnight Stays
CHIS,2006,2,TOS,984,Total Stays,total_stays,Total Overnight Stays
CHIS,2006,2,TNRVH,16032,Non-Rec Hrs,non_rec_hrs,Total Non-Recreation Visitor Hours
CHIS,2006,3,TRV,30129,Rec Visits,rec_visits,Total Recreation Visits
CHIS,2006,3,TNRV,517,Non-Rec Visits,non_rec_visits,Total Non-Recreation Visits
CHIS,2006,3,TV,30646,Total Visits,total_visits,Total Visits (Recreation + Non-Recreation)
CHIS,2006,3,TRVH,150001,Rec Hrs,rec_hrs,Total Recreation Visitor Hours
CHIS,2006,3,TH,162409,Total Hrs,total_hrs,Total Hours (Recreation + Non-Recreation)
CHIS,2006,3,CL,0,Conc Lodging,conc_lodging,Concessioner Lodging Overnight Stays
CHIS,2006,3,CCG,0,Conc Camp,conc_camp,Concessioner Campground Overnight Stays
CHIS,2006,3,TT,0,Tent Camp,tent_camp,Tent Camping Overnight Stays (NPS)
CHIS,2006,3,TRVS,0,Rec Stays,rec_stays,Total Recreation Overnight Stays
CHIS,2006,3,TTRV,0,Tent & RV,tent_rv,Total Tent and RV Camping Stays
CHIS,2006,3,BC,254,Backcountry,backcountry,Backcountry Camping Overnight Stays
CHIS,2006,3,MISC,2444,Misc Stays,misc_stays,Miscellaneous Overnight Stays
CHIS,2006,3,NROS,878,Non-Rec Stays,non_rec_stays,Non-Recreation Overnight Stays
CHIS,2006,3,TOS,3576,Total Stays,total_stays,Total Overnight Stays
CHIS,2006,3,TNRVH,12408,Non-Rec Hrs,non_rec_hrs,Total Non-Recreation Visitor Hours
CHIS,2006,4,TRV,35366,Rec Visits,rec_visits,Total Recreation Visits
CHIS,2006,4,TNRV,994,Non-Rec Visits,non_rec_visits,Total Non-Recreation Visits
CHIS,2006,4,TV,36360,Total Visits,total_visits,Total Visits (Recreation + Non-Recreation)
CHIS,2006,4,TRVH,360337,Rec Hrs,rec_hrs,Total Recreation Visitor Hours
CHIS,2006,4,TH,384193,Total Hrs,total_hrs,Total Hours (Recreation + Non-Recreation)
CHIS,2006,4,CL,0,Conc Lodging,conc_lodging,Concessioner Lodging Overnight Stays
CHIS,2006,4,CCG,0,Conc Camp,conc_camp,Concessioner Campground Overnight Stays
CHIS,2006,4,TT,0,Tent Camp,tent_camp,Tent Camping Overnight Stays (NPS)
CHIS,2006,4,TRVS,0,Rec Stays,rec_stays,Total Recreation Overnight Stays
CHIS,2006,4,TTRV,0,Tent & RV,tent_rv,Total Tent and RV Camping Stays
CHIS,2006,4,BC,1135,Backcountry,backcountry,Backcountry Camping Overnight Stays
CHIS,2006,4,MISC,5396,Misc Stays,misc_stays,Miscellaneous Overnight Stays
CHIS,2006,4,NROS,1350,Non-Rec Stays,non_rec_stays,Non-Recreation Overnight Stays
CHIS,2006,4,TOS,7881,Total Stays,total_stays,Total Overnight Stays
CHIS,2006,4,TNRVH,23856,Non-Rec Hrs,non_rec_hrs,Total Non-Recreation Visitor Hours
CHIS,2006,5,TRV,32466,Rec Visits,rec_visits,Total Recreation Visits
CHIS,2006,5,TNRV,858,Non-Rec Visits,non_rec_visits,Total Non-Recreation Visits
CHIS,2006,5,TV,33324,Total Visits,total_visits,Total Visits (Recreation + Non-Recreation)
CHIS,2006,5,TRVH,436756,Rec Hrs,rec_hrs,Total Recreation Visitor Hours
CHIS,2006,5,TH,457348,Total Hrs,total_hrs,Total Hours (Recreation + Non-Recreation)
CHIS,2006,5,CL,0,Conc Lodging,conc_lodging,Concessioner Lodging Overnight Stays
CHIS,2006,5,CCG,0,Conc Camp,conc_camp,Concessioner Campground Overnight Stays
CHIS,2006,5,TT,0,Tent Camp,tent_camp,Tent Camping Overnight Stays (NPS)
CHIS,2006,5,TRVS,0,Rec Stays,rec_stays,Total Recreation Overnight Stays
CHIS,2006,5,TTRV,0,Tent & RV,tent_rv,Total Tent and RV Camping Stays
CHIS,2006,5,BC,2034,Backcountry,backcountry,Backcountry Camping Overnight Stays
CHIS,2006,5,MISC,5580,Misc Stays,misc_stays,Miscellaneous Overnight Stays
CHIS,2006,5,NROS,1859,Non-Rec Stays,non_rec_stays,Non-Recreation Overnight Stays
CHIS,2006,5,TOS,9473,Total Stays,total_stays,Total Overnight Stays
CHIS,2006,5,TNRVH,20592,Non-Rec Hrs,non_rec_hrs,Total Non-Recreation Visitor Hours
CHIS,2006,6,TRV,39562,Rec Visits,rec_visits,Total Recreation Visits
CHIS,2006,6,TNRV,1105,Non-Rec Visits,non_rec_visits,Total Non-Recreation Visits
CHIS,2006,6,TV,40667,Total Visits,total_visits,Total Visits (Recreation + Non-Recreation)
CHIS,2006,6,TRVH,531227,Rec Hrs,rec_hrs,Total Recreation Visitor Hours
CHIS,2006,6,TH,557747,Total Hrs,total_hrs,Total Hours (Recreation + Non-Recreation)
CHIS,2006,6,CL,0,Conc Lodging,conc_lodging,Concessioner Lodging Overnight Stays
CHIS,2006,6,CCG,0,Conc Camp,conc_camp,Concessioner Campground Overnight Stays
CHIS,2006,6,TT,0,Tent Camp,tent_camp,Tent Camping Overnight Stays (NPS)
CHIS,2006,6,TRVS,0,Rec Stays,rec_stays,Total Recreation Overnight Stays
CHIS,2006,6,TTRV,0,Tent & RV,tent_rv,Total Tent and RV Camping Stays
CHIS,2006,6,BC,2334,Backcountry,backcountry,Backcountry Camping Overnight Stays
CHIS,2006,6,MISC,6512,Misc Stays,misc_stays,Miscellaneous Overnight Stays
CHIS,2006,6,NROS,1089,Non-Rec Stays,non_rec_stays,Non-Recreation Overnight Stays
CHIS,2006,6,TOS,9935,Total Stays,total_stays,Total Overnight Stays
CHIS,2006,6,TNRVH,26520,Non-Rec Hrs,non_rec_hrs,Total Non-Recreation Visitor Hours
CHIS,2006,7,TRV,50276,Rec Visits,rec_visits,Total Recreation Visits
CHIS,2006,7,TNRV,2115,Non-Rec Visits,non_rec_visits,Total Non-Recreation Visits
CHIS,2006,7,TV,52391,Total Visits,total_visits,Total Visits (Recreation + Non-Recreation)
CHIS,2006,7,TRVH,651094,Rec Hrs,rec_hrs,Total Recreation Visitor Hours
CHIS,2006,7,TH,701854,Total Hrs,total_hrs,Total Hours (Recreation + Non-Recreation)
CHIS,2006,7,CL,0,Conc Lodging,conc_lodging,Concessioner Lodging Overnight Stays
CHIS,2006,7,CCG,0,Conc Camp,conc_camp,Concessioner Campground Overnight Stays
CHIS,2006,7,TT,0,Tent Camp,tent_camp,Tent Camping Overnight Stays (NPS)
CHIS,2006,7,TRVS,0,Rec Stays,rec_stays,Total Recreation Overnight Stays
CHIS,2006,7,TTRV,0,Tent & RV,tent_rv,Total Tent and RV Camping Stays
CHIS,2006,7,BC,3105,Backcountry,backcountry,Backcountry Camping Overnight Stays
CHIS,2006,7,MISC,19431,Misc Stays,misc_stays,Miscellaneous Overnight Stays
CHIS,2006,7,NROS,6498,Non-Rec Stays,non_rec_stays,Non-Recreation Overnight Stays
CHIS,2006,7,TOS,29034,Total Stays,total_stays,Total Overnight Stays
CHIS,2006,7,TNRVH,50760,Non-Rec Hrs,non_rec_hrs,Total Non-Recreation Visitor Hours
CHIS,2006,8,TRV,51456,Rec Visits,rec_visits,Total Recreation Visits
CHIS,2006,8,TNRV,4385,Non-Rec Visits,non_rec_visits,Total Non-Recreation Visits
CHIS,2006,8,TV,55841,Total Visits,total_visits,Total Visits (Recreation + Non-Recreation)
CHIS,2006,8,TRVH,821967,Rec Hrs,rec_hrs,Total Recreation Visitor Hours
CHIS,2006,8,TH,927207,Total Hrs,total_hrs,Total Hours (Recreation + Non-Recreation)
CHIS,2006,8,CL,0,Conc Lodging,conc_lodging,Concessioner Lodging Overnight Stays
CHIS,2006,8,CCG,0,Conc Camp,conc_camp,Concessioner Campground Overnight Stays
CHIS,2006,8,TT,0,Tent Camp,tent_camp,Tent Camping Overnight Stays (NPS)
CHIS,2006,8,TRVS,0,Rec Stays,rec_stays,Total Recreation Overnight Stays
CHIS,2006,8,TTRV,0,Tent & RV,tent_rv,Total Tent and RV Camping Stays
CHIS,2006,8,BC,3644,Backcountry,backcountry,Backcountry Camping Overnight Stays
CHIS,2006,8,MISC,33228,Misc Stays,misc_stays,Miscellaneous Overnight Stays
CHIS,2006,8,NROS,10787,Non-Rec Stays,non_rec_stays,Non-Recreation Overnight Stays
CHIS,2006,8,TOS,47659,Total Stays,total_stays,Total Overnight Stays
CHIS,2006,8,TNRVH,105240,Non-Rec Hrs,non_rec_hrs,Total Non-Recreation Visitor Hours
CHIS,2006,9,TRV,36954,Rec Visits,rec_visits,Total Recreation Visits
CHIS,2006,9,TNRV,6258,Non-Rec Visits,non_rec_visits,Total Non-Recreation Visits
CHIS,2006,9,TV,43212,Total Visits,total_visits,Total Visits (Recreation + Non-Recreation)
CHIS,2006,9,TRVH,473905,Rec Hrs,rec_hrs,Total Recreation Visitor Hours
CHIS,2006,9,TH,624097,Total Hrs,total_hrs,Total Hours (Recreation + Non-Recreation)
CHIS,2006,9,CL,0,Conc Lodging,conc_lodging,Concessioner Lodging Overnight Stays
CHIS,2006,9,CCG,0,Conc Camp,conc_camp,Concessioner Campground Overnight Stays
CHIS,2006,9,TT,0,Tent Camp,tent_camp,Tent Camping Overnight Stays (NPS)
CHIS,2006,9,TRVS,0,Rec Stays,rec_stays,Total Recreation Overnight Stays
CHIS,2006,9,TTRV,0,Tent & RV,tent_rv,Total Tent and RV Camping Stays
CHIS,2006,9,BC,3037,Backcountry,backcountry,Backcountry Camping Overnight Stays
CHIS,2006,9,MISC,36113,Misc Stays,misc_stays,Miscellaneous Overnight Stays
CHIS,2006,9,NROS,16826,Non-Rec Stays,non_rec_stays,Non-Recreation Overnight Stays
CHIS,2006,9,TOS,55976,Total Stays,total_stays,Total Overnight Stays
CHIS,2006,9,TNRVH,150192,Non-Rec Hrs,non_rec_hrs,Total Non-Recreation Visitor Hours
CHIS,2006,10,TRV,23665,Rec Visits,rec_visits,Total Recreation Visits
CHIS,2006,10,TNRV,3404,Non-Rec Visits,non_rec_visits,Total Non-Recreation Visits
CHIS,2006,10,TV,27069,Total Visits,total_visits,Total Visits (Recreation + Non-Recreation)
CHIS,2006,10,TRVH,325529,Rec Hrs,rec_hrs,Total Recreation Visitor Hours
CHIS,2006,10,TH,407225,Total Hrs,total_hrs,Total Hours (Recreation + Non-Recreation)
CHIS,2006,10,CL,0,Conc Lodging,conc_lodging,Concessioner Lodging Overnight Stays
CHIS,2006,10,CCG,0,Conc Camp,conc_camp,Concessioner Campground Overnight Stays
CHIS,2006,10,TT,0,Tent Camp,tent_camp,Tent Camping Overnight Stays (NPS)
CHIS,2006,10,TRVS,0,Rec Stays,rec_stays,Total Recreation Overnight Stays
CHIS,2006,10,TTRV,0,Tent & RV,tent_rv,Total Tent and RV Camping Stays
CHIS,2006,10,BC,1266,Backcountry,backcountry,Backcountry Camping Overnight Stays
CHIS,2006,10,MISC,21677,Misc Stays,misc_stays,Miscellaneous Overnight Stays
CHIS,2006,10,NROS,8717,Non-Rec Stays,non_rec_stays,Non-Recreation Overnight Stays
CHIS,2006,10,TOS,31660,Total Stays,total_stays,Total Overnight Stays
CHIS,2006,10,TNRVH,81696,Non-Rec Hrs,non_rec_hrs,Total Non-Recreation Visitor Hours
CHIS,2006,11,TRV,21689,Rec Visits,rec_visits,Total Recreation Visits
CHIS,2006,11,TNRV,3860,Non-Rec Visits,non_rec_visits,Total Non-Recreation Visits
CHIS,2006,11,TV,25549,Total Visits,total_visits,Total Visits (Recreation + Non-Recreation)
CHIS,2006,11,TRVH,252335,Rec Hrs,rec_hrs,Total Recreation Visitor Hours
CHIS,2006,11,TH,344975,Total Hrs,total_hrs,Total Hours (Recreation + Non-Recreation)
CHIS,2006,11,CL,0,Conc Lodging,conc_lodging,Concessioner Lodging Overnight Stays
CHIS,2006,11,CCG,0,Conc Camp,conc_camp,Concessioner Campground Overnight Stays
CHIS,2006,11,TT,0,Tent Camp,tent_camp,Tent Camping Overnight Stays (NPS)
CHIS,2006,11,TRVS,0,Rec Stays,rec_stays,Total Recreation Overnight Stays
CHIS,2006,11,TTRV,0,Tent & RV,tent_rv,Total Tent and RV Camping Stays
CHIS,2006,11,BC,609,Backcountry,backcountry,Backcountry Camping Overnight Stays
CHIS,2006,11,MISC,11232,Misc Stays,misc_stays,Miscellaneous Overnight Stays
CHIS,2006,11,NROS,10715,Non-Rec Stays,non_rec_stays,Non-Recreation Overnight Stays
CHIS,2006,11,TOS,22556,Total Stays,total_stays,Total Overnight Stays
CHIS,2006,11,TNRVH,92640,Non-Rec Hrs,non_rec_hrs,Total Non-Recreation Visitor Hours
CHIS,2006,12,TRV,15288,Rec Visits,rec_visits,Total Recreation Visits
CHIS,2006,12,TNRV,1887,Non-Rec Visits,non_rec_visits,Total Non-Recreation Visits
CHIS,2006,12,TV,17175,Total Visits,total_visits,Total Visits (Recreation + Non-Recreation)
CHIS,2006,12,TRVH,142168,Rec Hrs,rec_hrs,Total Recreation Visitor Hours
CHIS,2006,12,TH,187456,Total Hrs,total_hrs,Total Hours (Recreation + Non-Recreation)
CHIS,2006,12,CL,0,Conc Lodging,conc_lodging,Concessioner Lodging Overnight Stays
CHIS,2006,12,CCG,0,Conc Camp,conc_camp,Concessioner Campground Overnight Stays
CHIS,2006,12,TT,0,Tent Camp,tent_camp,Tent Camping Overnight Stays (NPS)
CHIS,2006,12,TRVS,0,Rec Stays,rec_stays,Total Recreation Overnight Stays
CHIS,2006,12,TTRV,0,Tent & RV,tent_rv,Total Tent and RV Camping Stays
CHIS,2006,12,BC,217,Backcountry,backcountry,Backcountry Camping Overnight Stays
CHIS,2006,12,MISC,2799,Misc Stays,misc_stays,Miscellaneous Overnight Stays
CHIS,2006,12,NROS,3515,Non-Rec Stays,non_rec_stays,Non-Recreation Overnight Stays
CHIS,2006,12,TOS,6531,Total Stays,total_stays,Total Overnight Stays
CHIS,2006,12,TNRVH,45288,Non-Rec Hrs,non_rec_hrs,Total Non-Recreation Visitor Hours
CHIS,2007,1,TRV,16087,Rec Visits,rec_visits,Total Recreation Visits
CHIS,2007,1,TNRV,1464,Non-Rec Visits,non_rec_visits,Total Non-Recreation Visits
CHIS,2007,1,TV,17551,Total Visits,total_visits,Total Visits (Recreation + Non-Recreation)
CHIS,2007,1,TRVH,113553,Rec Hrs,rec_hrs,Total Recreation Visitor Hours
CHIS,2007,1,TH,148689,Total Hrs,total_hrs,Total Hours (Recreation + Non-Recreation)
CHIS,2007,1,CL,0,Conc Lodging,conc_lodging,Concessioner Lodging Overnight Stays
CHIS,2007,1,CCG,0,Conc Camp,conc_camp,Concessioner Campground Overnight Stays
CHIS,2007,1,TT,0,Tent Camp,tent_camp,Tent Camping Overnight Stays (NPS)
CHIS,2007,1,TRVS,0,Rec Stays,rec_stays,Total Recreation Overnight Stays
CHIS,2007,1,TTRV,0,Tent & RV,tent_rv,Total Tent and RV Camping Stays
CHIS,2007,1,BC,183,Backcountry,backcountry,Backcountry Camping Overnight Stays
CHIS,2007,1,MISC,4181,Misc Stays,misc_stays,Miscellaneous Overnight Stays
CHIS,2007,1,NROS,2723,Non-Rec Stays,non_rec_stays,Non-Recreation Overnight Stays
CHIS,2007,1,TOS,7087,Total Stays,total_stays,Total Overnight Stays
CHIS,2007,1,TNRVH,35136,Non-Rec Hrs,non_rec_hrs,Total Non-Recreation Visitor Hours
CHIS,2007,2,TRV,23541,Rec Visits,rec_visits,Total Recreation Visits
CHIS,2007,2,TNRV,785,Non-Rec Visits,non_rec_visits,Total Non-Recreation Visits
CHIS,2007,2,TV,24326,Total Visits,total_visits,Total Visits (Recreation + Non-Recreation)
CHIS,2007,2,TRVH,117589,Rec Hrs,rec_hrs,Total Recreation Visitor Hours
CHIS,2007,2,TH,136429,Total Hrs,total_hrs,Total Hours (Recreation + Non-Recreation)
CHIS,2007,2,CL,0,Conc Lodging,conc_lodging,Concessioner Lodging Overnight Stays
CHIS,2007,2,CCG,0,Conc Camp,conc_camp,Concessioner Campground Overnight Stays
CHIS,2007,2,TT,0,Tent Camp,tent_camp,Tent Camping Overnight Stays (NPS)
CHIS,2007,2,TRVS,0,Rec Stays,rec_stays,Total Recreation Overnight Stays
CHIS,2007,2,TTRV,0,Tent & RV,tent_rv,Total Tent and RV Camping Stays
CHIS,2007,2,BC,200,Backcountry,backcountry,Backcountry Camping Overnight Stays
CHIS,2007,2,MISC,617,Misc Stays,misc_stays,Miscellaneous Overnight Stays
CHIS,2007,2,NROS,1260,Non-Rec Stays,non_rec_stays,Non-Recreation Overnight Stays
CHIS,2007,2,TOS,2077,Total Stays,total_stays,Total Overnight Stays
CHIS,2007,2,TNRVH,18840,Non-Rec Hrs,non_rec_hrs,Total Non-Recreation Visitor Hours
CHIS,2007,3,TRV,38890,Rec Visits,rec_visits,Total Recreation Visits
CHIS,2007,3,TNRV,767,Non-Rec Visits,non_rec_visits,Total Non-Recreation Visits
CHIS,2007,3,TV,39657,Total Visits,total_visits,Total Visits (Recreation + Non-Recreation)
CHIS,2007,3,TRVH,308526,Rec Hrs,rec_hrs,Total Recreation Visitor Hours
CHIS,2007,3,TH,326934,Total Hrs,total_hrs,Total Hours (Recreation + Non-Recreation)
CHIS,2007,3,CL,0,Conc Lodging,conc_lodging,Concessioner Lodging Overnight Stays
CHIS,2007,3,CCG,0,Conc Camp,conc_camp,Concessioner Campground Overnight Stays
CHIS,2007,3,TT,0,Tent Camp,tent_camp,Tent Camping Overnight Stays (NPS)
CHIS,2007,3,TRVS,0,Rec Stays,rec_stays,Total Recreation Overnight Stays
CHIS,2007,3,TTRV,0,Tent & RV,tent_rv,Total Tent and RV Camping Stays
CHIS,2007,3,BC,852,Backcountry,backcountry,Backcountry Camping Overnight Stays
CHIS,2007,3,MISC,3155,Misc Stays,misc_stays,Miscellaneous Overnight Stays
CHIS,2007,3,NROS,1359,Non-Rec Stays,non_rec_stays,Non-Recreation Overnight Stays
CHIS,2007,3,TOS,5366,Total Stays,total_stays,Total Overnight Stays
CHIS,2007,3,TNRVH,18408,Non-Rec Hrs,non_rec_hrs,Total Non-Recreation Visitor Hours
CHIS,2007,4,TRV,35241,Rec Visits,rec_visits,Total Recreation Visits
CHIS,2007,4,TNRV,1195,Non-Rec Visits,non_rec_visits,Total Non-Recreation Visits
CHIS,2007,4,TV,36436,Total Visits,total_visits,Total Visits (Recreation + Non-Recreation)
CHIS,2007,4,TRVH,347501,Rec Hrs,rec_hrs,Total Recreation Visitor Hours
CHIS,2007,4,TH,376181,Total Hrs,total_hrs,Total Hours (Recreation + Non-Recreation)
CHIS,2007,4,CL,0,Conc Lodging,conc_lodging,Concessioner Lodging Overnight Stays
CHIS,2007,4,CCG,0,Conc Camp,conc_camp,Concessioner Campground Overnight Stays
CHIS,2007,4,TT,0,Tent Camp,tent_camp,Tent Camping Overnight Stays (NPS)
CHIS,2007,4,TRVS,0,Rec Stays,rec_stays,Total Recreation Overnight Stays
CHIS,2007,4,TTRV,0,Tent & RV,tent_rv,Total Tent and RV Camping Stays
CHIS,2007,4,BC,1320,Backcountry,backcountry,Backcountry Camping Overnight Stays
CHIS,2007,4,MISC,3920,Misc Stays,misc_stays,Miscellaneous Overnight Stays
CHIS,2007,4,NROS,1481,Non-Rec Stays,non_rec_stays,Non-Recreation Overnight Stays
CHIS,2007,4,TOS,6721,Total Stays,total_stays,Total Overnight Stays
CHIS,2007,4,TNRVH,28680,Non-Rec Hrs,non_rec_hrs,Total Non-Recreation Visitor Hours
CHIS,2007,5,TRV,30366,Rec Visits,rec_visits,Total Recreation Visits
CHIS,2007,5,TNRV,1103,Non-Rec Visits,non_rec_visits,Total Non-Recreation Visits
CHIS,2007,5,TV,31469,Total Visits,total_visits,Total Visits (Recreation + Non-Recreation)
CHIS,2007,5,TRVH,358889,Rec Hrs,rec_hrs,Total Recreation Visitor Hours
CHIS,2007,5,TH,385361,Total Hrs,total_hrs,Total Hours (Recreation + Non-Recreation)
CHIS,2007,5,CL,0,Conc Lodging,conc_lodging,Concessioner Lodging Overnight Stays
CHIS,2007,5,CCG,0,Conc Camp,conc_camp,Concessioner Campground Overnight Stays
CHIS,2007,5,TT,0,Tent Camp,tent_camp,Tent Camping Overnight Stays (NPS)
CHIS,2007,5,TRVS,0,Rec Stays,rec_stays,Total Recreation Overnight Stays
CHIS,2007,5,TTRV,0,Tent & RV,tent_rv,Total Tent and RV Camping Stays
CHIS,2007,5,BC,2057,Backcountry,backcountry,Backcountry Camping Overnight Stays
CHIS,2007,5,MISC,7209,Misc Stays,misc_stays,Miscellaneous Overnight Stays
CHIS,2007,5,NROS,2610,Non-Rec Stays,non_rec_stays,Non-Recreation Overnight Stays
CHIS,2007,5,TOS,11876,Total Stays,total_stays,Total Overnight Stays
CHIS,2007,5,TNRVH,26472,Non-Rec Hrs,non_rec_hrs,Total Non-Recreation Visitor Hours
CHIS,2007,6,TRV,37646,Rec Visits,rec_visits,Total Recreation Visits
CHIS,2007,6,TNRV,656,Non-Rec Visits,non_rec_visits,Total Non-Recreation Visits
CHIS,2007,6,TV,38302,Total Visits,total_visits,Total Visits (Recreation + Non-Recreation)
CHIS,2007,6,TRVH,465218,Rec Hrs,rec_hrs,Total Recreation Visitor Hours
CHIS,2007,6,TH,480962,Total Hrs,total_hrs,Total Hours (Recreation + Non-Recreation)
CHIS,2007,6,CL,0,Conc Lodging,conc_lodging,Concessioner Lodging Overnight Stays
CHIS,2007,6,CCG,0,Conc Camp,conc_camp,Concessioner Campground Overnight Stays
CHIS,2007,6,TT,0,Tent Camp,tent_camp,Tent Camping Overnight Stays (NPS)
CHIS,2007,6,TRVS,0,Rec Stays,rec_stays,Total Recreation Overnight Stays
CHIS,2007,6,TTRV,0,Tent & RV,tent_rv,Total Tent and RV Camping Stays
CHIS,2007,6,BC,1979,Backcountry,backcountry,Backcountry Camping Overnight Stays
CHIS,2007,6,MISC,6705,Misc Stays,misc_stays,Miscellaneous Overnight Stays
CHIS,2007,6,NROS,1080,Non-Rec Stays,non_rec_stays,Non-Recreation Overnight Stays
CHIS,2007,6,TOS,9764,Total Stays,total_stays,Total Overnight Stays
CHIS,2007,6,TNRVH,15744,Non-Rec Hrs,non_rec_hrs,Total Non-Recreation Visitor Hours
CHIS,2007,7,TRV,43741,Rec Visits,rec_visits,Total Recreation Visits
CHIS,2007,7,TNRV,1335,Non-Rec Visits,non_rec_visits,Total Non-Recreation Visits
CHIS,2007,7,TV,45076,Total Visits,total_visits,Total Visits (Recreation + Non-Recreation)
CHIS,2007,7,TRVH,554573,Rec Hrs,rec_hrs,Total Recreation Visitor Hours
CHIS,2007,7,TH,586613,Total Hrs,total_hrs,Total Hours (Recreation + Non-Recreation)
CHIS,2007,7,CL,0,Conc Lodging,conc_lodging,Concessioner Lodging Overnight Stays
CHIS,2007,7,CCG,0,Conc Camp,conc_camp,Concessioner Campground Overnight Stays
CHIS,2007,7,TT,0,Tent Camp,tent_camp,Tent Camping Overnight Stays (NPS)
CHIS,2007,7,TRVS,0,Rec Stays,rec_stays,Total Recreation Overnight Stays
CHIS,2007,7,TTRV,0,Tent & RV,tent_rv,Total Tent and RV Camping Stays
CHIS,2007,7,BC,2914,Backcountry,backcountry,Backcountry Camping Overnight Stays
CHIS,2007,7,MISC,17042,Misc Stays,misc_stays,Miscellaneous Overnight Stays
CHIS,2007,7,NROS,2016,Non-Rec Stays,non_rec_stays,Non-Recreation Overnight Stays
CHIS,2007,7,TOS,21972,Total Stays,total_stays,Total Overnight Stays
CHIS,2007,7,TNRVH,32040,Non-Rec Hrs,non_rec_hrs,Total Non-Recreation Visitor Hours
CHIS,2007,8,TRV,43895,Rec Visits,rec_visits,Total Recreation Visits
CHIS,2007,8,TNRV,1424,Non-Rec Visits,non_rec_visits,Total Non-Recreation Visits
CHIS,2007,8,TV,45319,Total Visits,total_visits,Total Visits (Recreation + Non-Recreation)
CHIS,2007,8,TRVH,566655,Rec Hrs,rec_hrs,Total Recreation Visitor Hours
CHIS,2007,8,TH,600831,Total Hrs,total_hrs,Total Hours (Recreation + Non-Recreation)
CHIS,2007,8,CL,0,Conc Lodging,conc_lodging,Concessioner Lodging Overnight Stays
CHIS,2007,8,CCG,0,Conc Camp,conc_camp,Concessioner Campground Overnight Stays
CHIS,2007,8,TT,0,Tent Camp,tent_camp,Tent Camping Overnight Stays (NPS)
CHIS,2007,8,TRVS,0,Rec Stays,rec_stays,Total Recreation Overnight Stays
CHIS,2007,8,TTRV,0,Tent & RV,tent_rv,Total Tent and RV Camping Stays
CHIS,2007,8,BC,3926,Backcountry,backcountry,Backcountry Camping Overnight Stays
CHIS,2007,8,MISC,13145,Misc Stays,misc_stays,Miscellaneous Overnight Stays
CHIS,2007,8,NROS,1661,Non-Rec Stays,non_rec_stays,Non-Recreation Overnight Stays
CHIS,2007,8,TOS,18732,Total Stays,total_stays,Total Overnight Stays
CHIS,2007,8,TNRVH,34176,Non-Rec Hrs,non_rec_hrs,Total Non-Recreation Visitor Hours
CHIS,2007,9,TRV,36658,Rec Visits,rec_visits,Total Recreation Visits
CHIS,2007,9,TNRV,1324,Non-Rec Visits,non_rec_visits,Total Non-Recreation Visits
CHIS,2007,9,TV,37982,Total Visits,total_visits,Total Visits (Recreation + Non-Recreation)
CHIS,2007,9,TRVH,476024,Rec Hrs,rec_hrs,Total Recreation Visitor Hours
CHIS,2007,9,TH,507800,Total Hrs,total_hrs,Total Hours (Recreation + Non-Recreation)
CHIS,2007,9,CL,0,Conc Lodging,conc_lodging,Concessioner Lodging Overnight Stays
CHIS,2007,9,CCG,0,Conc Camp,conc_camp,Concessioner Campground Overnight Stays
CHIS,2007,9,TT,0,Tent Camp,tent_camp,Tent Camping Overnight Stays (NPS)
CHIS,2007,9,TRVS,0,Rec Stays,rec_stays,Total Recreation Overnight Stays
CHIS,2007,9,TTRV,0,Tent & RV,tent_rv,Total Tent and RV Camping Stays
CHIS,2007,9,BC,2182,Backcountry,backcountry,Backcountry Camping Overnight Stays
CHIS,2007,9,MISC,14972,Misc Stays,misc_stays,Miscellaneous Overnight Stays
CHIS,2007,9,NROS,2030,Non-Rec Stays,non_rec_stays,Non-Recreation Overnight Stays
CHIS,2007,9,TOS,19184,Total Stays,total_stays,Total Overnight Stays
CHIS,2007,9,TNRVH,31776,Non-Rec Hrs,non_rec_hrs,Total Non-Recreation Visitor Hours
CHIS,2007,10,TRV,21340,Rec Visits,rec_visits,Total Recreation Visits
CHIS,2007,10,TNRV,1350,Non-Rec Visits,non_rec_visits,Total Non-Recreation Visits
CHIS,2007,10,TV,22690,Total Visits,total_visits,Total Visits (Recreation + Non-Recreation)
CHIS,2007,10,TRVH,198589,Rec Hrs,rec_hrs,Total Recreation Visitor Hours
CHIS,2007,10,TH,230989,Total Hrs,total_hrs,Total Hours (Recreation + Non-Recreation)
CHIS,2007,10,CL,0,Conc Lodging,conc_lodging,Concessioner Lodging Overnight Stays
CHIS,2007,10,CCG,0,Conc Camp,conc_camp,Concessioner Campground Overnight Stays
CHIS,2007,10,TT,0,Tent Camp,tent_camp,Tent Camping Overnight Stays (NPS)
CHIS,2007,10,TRVS,0,Rec Stays,rec_stays,Total Recreation Overnight Stays
CHIS,2007,10,TTRV,0,Tent & RV,tent_rv,Total Tent and RV Camping Stays
CHIS,2007,10,BC,1469,Backcountry,backcountry,Backcountry Camping Overnight Stays
CHIS,2007,10,MISC,10436,Misc Stays,misc_stays,Miscellaneous Overnight Stays
CHIS,2007,10,NROS,2354,Non-Rec Stays,non_rec_stays,Non-Recreation Overnight Stays
CHIS,2007,10,TOS,14259,Total Stays,total_stays,Total Overnight Stays
CHIS,2007,10,TNRVH,32400,Non-Rec Hrs,non_rec_hrs,Total Non-Recreation Visitor Hours
CHIS,2007,11,TRV,16468,Rec Visits,rec_visits,Total Recreation Visits
CHIS,2007,11,TNRV,1422,Non-Rec Visits,non_rec_visits,Total Non-Recreation Visits
CHIS,2007,11,TV,17890,Total Visits,total_visits,Total Visits (Recreation + Non-Recreation)
CHIS,2007,11,TRVH,159389,Rec Hrs,rec_hrs,Total Recreation Visitor Hours
CHIS,2007,11,TH,193517,Total Hrs,total_hrs,Total Hours (Recreation + Non-Recreation)
CHIS,2007,11,CL,0,Conc Lodging,conc_lodging,Concessioner Lodging Overnight Stays
CHIS,2007,11,CCG,0,Conc Camp,conc_camp,Concessioner Campground Overnight Stays
CHIS,2007,11,TT,0,Tent Camp,tent_camp,Tent Camping Overnight Stays (NPS)
CHIS,2007,11,TRVS,0,Rec Stays,rec_stays,Total Recreation Overnight Stays
CHIS,2007,11,TTRV,0,Tent & RV,tent_rv,Total Tent and RV Camping Stays
CHIS,2007,11,BC,594,Backcountry,backcountry,Backcountry Camping Overnight Stays
CHIS,2007,11,MISC,3479,Misc Stays,misc_stays,Miscellaneous Overnight Stays
CHIS,2007,11,NROS,2786,Non-Rec Stays,non_rec_stays,Non-Recreation Overnight Stays
CHIS,2007,11,TOS,6859,Total Stays,total_stays,Total Overnight Stays
CHIS,2007,11,TNRVH,34128,Non-Rec Hrs,non_rec_hrs,Total Non-Recreation Visitor Hours
CHIS,2007,12,TRV,16933,Rec Visits,rec_visits,Total Recreation Visits
CHIS,2007,12,TNRV,1424,Non-Rec Visits,non_rec_visits,Total Non-Recreation Visits
CHIS,2007,12,TV,18357,Total Visits,total_visits,Total Visits (Recreation + Non-Recreation)
CHIS,2007,12,TRVH,152990,Rec Hrs,rec_hrs,Total Recreation Visitor Hours
CHIS,2007,12,TH,187166,Total Hrs,total_hrs,Total Hours (Recreation + Non-Recreation)
CHIS,2007,12,CL,0,Conc Lodging,conc_lodging,Concessioner Lodging Overnight Stays
CHIS,2007,12,CCG,0,Conc Camp,conc_camp,Concessioner Campground Overnight Stays
CHIS,2007,12,TT,0,Tent Camp,tent_camp,Tent Camping Overnight Stays (NPS)
CHIS,2007,12,TRVS,0,Rec Stays,rec_stays,Total Recreation Overnight Stays
CHIS,2007,12,TTRV,0,Tent & RV,tent_rv,Total Tent and RV Camping Stays
CHIS,2007,12,BC,125,Backcountry,backcountry,Backcountry Camping Overnight Stays
CHIS,2007,12,MISC,2930,Misc Stays,misc_stays,Miscellaneous Overnight Stays
CHIS,2007,12,NROS,1710,Non-Rec Stays,non_rec_stays,Non-Recreation Overnight Stays
CHIS,2007,12,TOS,4765,Total Stays,total_stays,Total Overnight Stays
CHIS,2007,12,TNRVH,34176,Non-Rec Hrs,non_rec_hrs,Total Non-Recreation Visitor Hours
CHIS,2010,1,TRV,19213,Rec Visits,rec_visits,Total Recreation Visits
CHIS,2010,1,TNRV,707,Non-Rec Visits,non_rec_visits,Total Non-Recreation Visits
CHIS,2010,1,TV,19920,Total Visits,total_visits,Total Visits (Recreation + Non-Recreation)
CHIS,2010,1,TRVH,61937,Rec Hrs,rec_hrs,Total Recreation Visitor Hours
CHIS,2010,1,TH,78905,Total Hrs,total_hrs,Total Hours (Recreation + Non-Recreation)
CHIS,2010,1,CL,0,Conc Lodging,conc_lodging,Concessioner Lodging Overnight Stays
CHIS,2010,1,CCG,0,Conc Camp,conc_camp,Concessioner Campground Overnight Stays
CHIS,2010,1,TT,0,Tent Camp,tent_camp,Tent Camping Overnight Stays (NPS)
CHIS,2010,1,TRVS,0,Rec Stays,rec_stays,Total Recreation Overnight Stays
CHIS,2010,1,TTRV,0,Tent & RV,tent_rv,Total Tent and RV Camping Stays
CHIS,2010,1,BC,140,Backcountry,backcountry,Backcountry Camping Overnight Stays
CHIS,2010,1,MISC,585,Misc Stays,misc_stays,Miscellaneous Overnight Stays
CHIS,2010,1,NROS,1481,Non-Rec Stays,non_rec_stays,Non-Recreation Overnight Stays
CHIS,2010,1,TOS,2206,Total Stays,total_stays,Total Overnight Stays
CHIS,2010,1,TNRVH,16968,Non-Rec Hrs,non_rec_hrs,Total Non-Recreation Visitor Hours
CHIS,2010,2,TRV,23044,Rec Visits,rec_visits,Total Recreation Visits
CHIS,2010,2,TNRV,649,Non-Rec Visits,non_rec_visits,Total Non-Recreation Visits
CHIS,2010,2,TV,23693,Total Visits,total_visits,Total Visits (Recreation + Non-Recreation)
CHIS,2010,2,TRVH,87278,Rec Hrs,rec_hrs,Total Recreation Visitor Hours
CHIS,2010,2,TH,102854,Total Hrs,total_hrs,Total Hours (Recreation + Non-Recreation)
CHIS,2010,2,CL,0,Conc Lodging,conc_lodging,Concessioner Lodging Overnight Stays
CHIS,2010,2,CCG,0,Conc Camp,conc_camp,Concessioner Campground Overnight Stays
CHIS,2010,2,TT,0,Tent Camp,tent_camp,Tent Camping Overnight Stays (NPS)
CHIS,2010,2,TRVS,0,Rec Stays,rec_stays,Total Recreation Overnight Stays
CHIS,2010,2,TTRV,0,Tent & RV,tent_rv,Total Tent and RV Camping Stays
CHIS,2010,2,BC,239,Backcountry,backcountry,Backcountry Camping Overnight Stays
CHIS,2010,2,MISC,171,Misc Stays,misc_stays,Miscellaneous Overnight Stays
CHIS,2010,2,NROS,635,Non-Rec Stays,non_rec_stays,Non-Recreation Overnight Stays
CHIS,2010,2,TOS,1045,Total Stays,total_stays,Total Overnight Stays
CHIS,2010,2,TNRVH,15576,Non-Rec Hrs,non_rec_hrs,Total Non-Recreation Visitor Hours
CHIS,2010,3,TRV,24377,Rec Visits,rec_visits,Total Recreation Visits
CHIS,2010,3,TNRV,691,Non-Rec Visits,non_rec_visits,Total Non-Recreation Visits
CHIS,2010,3,TV,25068,Total Visits,total_visits,Total Visits (Recreation + Non-Recreation)
CHIS,2010,3,TRVH,160966,Rec Hrs,rec_hrs,Total Recreation Visitor Hours
CHIS,2010,3,TH,177550,Total Hrs,total_hrs,Total Hours (Recreation + Non-Recreation)
CHIS,2010,3,CL,0,Conc Lodging,conc_lodging,Concessioner Lodging Overnight Stays
CHIS,2010,3,CCG,0,Conc Camp,conc_camp,Concessioner Campground Overnight Stays
CHIS,2010,3,TT,0,Tent Camp,tent_camp,Tent Camping Overnight Stays (NPS)
CHIS,2010,3,TRVS,0,Rec Stays,rec_stays,Total Recreation Overnight Stays
CHIS,2010,3,TTRV,0,Tent & RV,tent_rv,Total Tent and RV Camping Stays
CHIS,2010,3,BC,1093,Backcountry,backcountry,Backcountry Camping Overnight Stays
CHIS,2010,3,MISC,671,Misc Stays,misc_stays,Miscellaneous Overnight Stays
CHIS,2010,3,NROS,1382,Non-Rec Stays,non_rec_stays,Non-Recreation Overnight Stays
CHIS,2010,3,TOS,3146,Total Stays,total_stays,Total Overnight Stays
CHIS,2010,3,TNRVH,16584,Non-Rec Hrs,non_rec_hrs,Total Non-Recreation Visitor Hours
CHIS,2010,4,TRV,22903,Rec Visits,rec_visits,Total Recreation Visits
CHIS,2010,4,TNRV,688,Non-Rec Visits,non_rec_visits,Total Non-Recreation Visits
CHIS,2010,4,TV,23591,Total Visits,total_visits,Total Visits (Recreation + Non-Recreation)
CHIS,2010,4,TRVH,173916,Rec Hrs,rec_hrs,Total Recreation Visitor Hours
CHIS,2010,4,TH,190428,Total Hrs,total_hrs,Total Hours (Recreation + Non-Recreation)
CHIS,2010,4,CL,0,Conc Lodging,conc_lodging,Concessioner Lodging Overnight Stays
CHIS,2010,4,CCG,0,Conc Camp,conc_camp,Concessioner Campground Overnight Stays
CHIS,2010,4,TT,0,Tent Camp,tent_camp,Tent Camping Overnight Stays (NPS)
CHIS,2010,4,TRVS,0,Rec Stays,rec_stays,Total Recreation Overnight Stays
CHIS,2010,4,TTRV,0,Tent & RV,tent_rv,Total Tent and RV Camping Stays
CHIS,2010,4,BC,1180,Backcountry,backcountry,Backcountry Camping Overnight Stays
CHIS,2010,4,MISC,545,Misc Stays,misc_stays,Miscellaneous Overnight Stays
CHIS,2010,4,NROS,869,Non-Rec Stays,non_rec_stays,Non-Recreation Overnight Stays
CHIS,2010,4,TOS,2594,Total Stays,total_stays,Total Overnight Stays
CHIS,2010,4,TNRVH,16512,Non-Rec Hrs,non_rec_hrs,Total Non-Recreation Visitor Hours
CHIS,2010,5,TRV,26806,Rec Visits,rec_visits,Total Recreation Visits
CHIS,2010,5,TNRV,910,Non-Rec Visits,non_rec_visits,Total Non-Recreation Visits
CHIS,2010,5,TV,27716,Total Visits,total_visits,Total Visits (Recreation + Non-Recreation)
CHIS,2010,5,TRVH,203855,Rec Hrs,rec_hrs,Total Recreation Visitor Hours
CHIS,2010,5,TH,225695,Total Hrs,total_hrs,Total Hours (Recreation + Non-Recreation)
CHIS,2010,5,CL,0,Conc Lodging,conc_lodging,Concessioner Lodging Overnight Stays
CHIS,2010,5,CCG,0,Conc Camp,conc_camp,Concessioner Campground Overnight Stays
CHIS,2010,5,TT,0,Tent Camp,tent_camp,Tent Camping Overnight Stays (NPS)
CHIS,2010,5,TRVS,0,Rec Stays,rec_stays,Total Recreation Overnight Stays
CHIS,2010,5,TTRV,0,Tent & RV,tent_rv,Total Tent and RV Camping Stays
CHIS,2010,5,BC,2089,Backcountry,backcountry,Backcountry Camping Overnight Stays
CHIS,2010,5,MISC,1305,Misc Stays,misc_stays,Miscellaneous Overnight Stays
CHIS,2010,5,NROS,806,Non-Rec Stays,non_rec_stays,Non-Recreation Overnight Stays
CHIS,2010,5,TOS,4200,Total Stays,total_stays,Total Overnight Stays
CHIS,2010,5,TNRVH,21840,Non-Rec Hrs,non_rec_hrs,Total Non-Recreation Visitor Hours
CHIS,2010,6,TRV,27992,Rec Visits,rec_visits,Total Recreation Visits
CHIS,2010,6,TNRV,834,Non-Rec Visits,non_rec_visits,Total Non-Recreation Visits
CHIS,2010,6,TV,28826,Total Visits,total_visits,Total Visits (Recreation + Non-Recreation)
CHIS,2010,6,TRVH,263382,Rec Hrs,rec_hrs,Total Recreation Visitor Hours
CHIS,2010,6,TH,283398,Total Hrs,total_hrs,Total Hours (Recreation + Non-Recreation)
CHIS,2010,6,CL,0,Conc Lodging,conc_lodging,Concessioner Lodging Overnight Stays
CHIS,2010,6,CCG,0,Conc Camp,conc_camp,Concessioner Campground Overnight Stays
CHIS,2010,6,TT,0,Tent Camp,tent_camp,Tent Camping Overnight Stays (NPS)
CHIS,2010,6,TRVS,0,Rec Stays,rec_stays,Total Recreation Overnight Stays
CHIS,2010,6,TTRV,0,Tent & RV,tent_rv,Total Tent and RV Camping Stays
CHIS,2010,6,BC,2223,Backcountry,backcountry,Backcountry Camping Overnight Stays
CHIS,2010,6,MISC,1593,Misc Stays,misc_stays,Miscellaneous Overnight Stays
CHIS,2010,6,NROS,1265,Non-Rec Stays,non_rec_stays,Non-Recreation Overnight Stays
CHIS,2010,6,TOS,5081,Total Stays,total_stays,Total Overnight Stays
CHIS,2010,6,TNRVH,20016,Non-Rec Hrs,non_rec_hrs,Total Non-Recreation Visitor Hours
CHIS,2010,7,TRV,29118,Rec Visits,rec_visits,Total Recreation Visits
CHIS,2010,7,TNRV,1513,Non-Rec Visits,non_rec_visits,Total Non-Recreation Visits
CHIS,2010,7,TV,30631,Total Visits,total_visits,Total Visits (Recreation + Non-Recreation)
CHIS,2010,7,TRVH,164707,Rec Hrs,rec_hrs,Total Recreation Visitor Hours
CHIS,2010,7,TH,201019,Total Hrs,total_hrs,Total Hours (Recreation + Non-Recreation)
CHIS,2010,7,CL,0,Conc Lodging,conc_lodging,Concessioner Lodging Overnight Stays
CHIS,2010,7,CCG,0,Conc Camp,conc_camp,Concessioner Campground Overnight Stays
CHIS,2010,7,TT,0,Tent Camp,tent_camp,Tent Camping Overnight Stays (NPS)
CHIS,2010,7,TRVS,0,Rec Stays,rec_stays,Total Recreation Overnight Stays
CHIS,2010,7,TTRV,0,Tent & RV,tent_rv,Total Tent and RV Camping Stays
CHIS,2010,7,BC,10228,Backcountry,backcountry,Backcountry Camping Overnight Stays
CHIS,2010,7,MISC,4721,Misc Stays,misc_stays,Miscellaneous Overnight Stays
CHIS,2010,7,NROS,1350,Non-Rec Stays,non_rec_stays,Non-Recreation Overnight Stays
CHIS,2010,7,TOS,16299,Total Stays,total_stays,Total Overnight Stays
CHIS,2010,7,TNRVH,36312,Non-Rec Hrs,non_rec_hrs,Total Non-Recreation Visitor Hours
CHIS,2010,8,TRV,32454,Rec Visits,rec_visits,Total Recreation Visits
CHIS,2010,8,TNRV,951,Non-Rec Visits,non_rec_visits,Total Non-Recreation Visits
CHIS,2010,8,TV,33405,Total Visits,total_visits,Total Visits (Recreation + Non-Recreation)
CHIS,2010,8,TRVH,310012,Rec Hrs,rec_hrs,Total Recreation Visitor Hours
CHIS,2010,8,TH,332836,Total Hrs,total_hrs,Total Hours (Recreation + Non-Recreation)
CHIS,2010,8,CL,0,Conc Lodging,conc_lodging,Concessioner Lodging Overnight Stays
CHIS,2010,8,CCG,0,Conc Camp,conc_camp,Concessioner Campground Overnight Stays
CHIS,2010,8,TT,0,Tent Camp,tent_camp,Tent Camping Overnight Stays (NPS)
CHIS,2010,8,TRVS,0,Rec Stays,rec_stays,Total Recreation Overnight Stays
CHIS,2010,8,TTRV,0,Tent & RV,tent_rv,Total Tent and RV Camping Stays
CHIS,2010,8,BC,3671,Backcountry,backcountry,Backcountry Camping Overnight Stays
CHIS,2010,8,MISC,2561,Misc Stays,misc_stays,Miscellaneous Overnight Stays
CHIS,2010,8,NROS,1656,Non-Rec Stays,non_rec_stays,Non-Recreation Overnight Stays
CHIS,2010,8,TOS,7888,Total Stays,total_stays,Total Overnight Stays
CHIS,2010,8,TNRVH,22824,Non-Rec Hrs,non_rec_hrs,Total Non-Recreation Visitor Hours
CHIS,2010,9,TRV,22813,Rec Visits,rec_visits,Total Recreation Visits
CHIS,2010,9,TNRV,1179,Non-Rec Visits,non_rec_visits,Total Non-Recreation Visits
CHIS,2010,9,TV,23992,Total Visits,total_visits,Total Visits (Recreation + Non-Recreation)
CHIS,2010,9,TRVH,138164,Rec Hrs,rec_hrs,Total Recreation Visitor Hours
CHIS,2010,9,TH,166460,Total Hrs,total_hrs,Total Hours (Recreation + Non-Recreation)
CHIS,2010,9,CL,0,Conc Lodging,conc_lodging,Concessioner Lodging Overnight Stays
CHIS,2010,9,CCG,0,Conc Camp,conc_camp,Concessioner Campground Overnight Stays
CHIS,2010,9,TT,0,Tent Camp,tent_camp,Tent Camping Overnight Stays (NPS)
CHIS,2010,9,TRVS,0,Rec Stays,rec_stays,Total Recreation Overnight Stays
CHIS,2010,9,TTRV,0,Tent & RV,tent_rv,Total Tent and RV Camping Stays
CHIS,2010,9,BC,7845,Backcountry,backcountry,Backcountry Camping Overnight Stays
CHIS,2010,9,MISC,2696,Misc Stays,misc_stays,Miscellaneous Overnight Stays
CHIS,2010,9,NROS,1161,Non-Rec Stays,non_rec_stays,Non-Recreation Overnight Stays
CHIS,2010,9,TOS,11702,Total Stays,total_stays,Total Overnight Stays
CHIS,2010,9,TNRVH,28296,Non-Rec Hrs,non_rec_hrs,Total Non-Recreation Visitor Hours
CHIS,2010,10,TRV,16520,Rec Visits,rec_visits,Total Recreation Visits
CHIS,2010,10,TNRV,947,Non-Rec Visits,non_rec_visits,Total Non-Recreation Visits
CHIS,2010,10,TV,17467,Total Visits,total_visits,Total Visits (Recreation + Non-Recreation)
CHIS,2010,10,TRVH,101855,Rec Hrs,rec_hrs,Total Recreation Visitor Hours
CHIS,2010,10,TH,124583,Total Hrs,total_hrs,Total Hours (Recreation + Non-Recreation)
CHIS,2010,10,CL,0,Conc Lodging,conc_lodging,Concessioner Lodging Overnight Stays
CHIS,2010,10,CCG,0,Conc Camp,conc_camp,Concessioner Campground Overnight Stays
CHIS,2010,10,TT,0,Tent Camp,tent_camp,Tent Camping Overnight Stays (NPS)
CHIS,2010,10,TRVS,0,Rec Stays,rec_stays,Total Recreation Overnight Stays
CHIS,2010,10,TTRV,0,Tent & RV,tent_rv,Total Tent and RV Camping Stays
CHIS,2010,10,BC,4948,Backcountry,backcountry,Backcountry Camping Overnight Stays
CHIS,2010,10,MISC,3920,Misc Stays,misc_stays,Miscellaneous Overnight Stays
CHIS,2010,10,NROS,1143,Non-Rec Stays,non_rec_stays,Non-Recreation Overnight Stays
CHIS,2010,10,TOS,10011,Total Stays,total_stays,Total Overnight Stays
CHIS,2010,10,TNRVH,22728,Non-Rec Hrs,non_rec_hrs,Total Non-Recreation Visitor Hours
CHIS,2010,11,TRV,19691,Rec Visits,rec_visits,Total Recreation Visits
CHIS,2010,11,TNRV,901,Non-Rec Visits,non_rec_visits,Total Non-Recreation Visits
CHIS,2010,11,TV,20592,Total Visits,total_visits,Total Visits (Recreation + Non-Recreation)
CHIS,2010,11,TRVH,107034,Rec Hrs,rec_hrs,Total Recreation Visitor Hours
CHIS,2010,11,TH,128658,Total Hrs,total_hrs,Total Hours (Recreation + Non-Recreation)
CHIS,2010,11,CL,0,Conc Lodging,conc_lodging,Concessioner Lodging Overnight Stays
CHIS,2010,11,CCG,0,Conc Camp,conc_camp,Concessioner Campground Overnight Stays
CHIS,2010,11,TT,0,Tent Camp,tent_camp,Tent Camping Overnight Stays (NPS)
CHIS,2010,11,TRVS,0,Rec Stays,rec_stays,Total Recreation Overnight Stays
CHIS,2010,11,TTRV,0,Tent & RV,tent_rv,Total Tent and RV Camping Stays
CHIS,2010,11,BC,3239,Backcountry,backcountry,Backcountry Camping Overnight Stays
CHIS,2010,11,MISC,2633,Misc Stays,misc_stays,Miscellaneous Overnight Stays
CHIS,2010,11,NROS,1616,Non-Rec Stays,non_rec_stays,Non-Recreation Overnight Stays
CHIS,2010,11,TOS,7488,Total Stays,total_stays,Total Overnight Stays
CHIS,2010,11,TNRVH,21624,Non-Rec Hrs,non_rec_hrs,Total Non-Recreation Visitor Hours
CHIS,2010,12,TRV,12584,Rec Visits,rec_visits,Total Recreation Visits
CHIS,2010,12,TNRV,701,Non-Rec Visits,non_rec_visits,Total Non-Recreation Visits
CHIS,2010,12,TV,13285,Total Visits,total_visits,Total Visits (Recreation + Non-Recreation)
CHIS,2010,12,TRVH,53446,Rec Hrs,rec_hrs,Total Recreation Visitor Hours
CHIS,2010,12,TH,70270,Total Hrs,total_hrs,Total Hours (Recreation + Non-Recreation)
CHIS,2010,12,CL,0,Conc Lodging,conc_lodging,Concessioner Lodging Overnight Stays
CHIS,2010,12,CCG,0,Conc Camp,conc_camp,Concessioner Campground Overnight Stays
CHIS,2010,12,TT,0,Tent Camp,tent_camp,Tent Camping Overnight Stays (NPS)
CHIS,2010,12,TRVS,0,Rec Stays,rec_stays,Total Recreation Overnight Stays
CHIS,2010,12,TTRV,0,Tent & RV,tent_rv,Total Tent and RV Camping Stays
CHIS,2010,12,BC,176,Backcountry,backcountry,Backcountry Camping Overnight Stays
CHIS,2010,12,MISC,1112,Misc Stays,misc_stays,Miscellaneous Overnight Stays
CHIS,2010,12,NROS,774,Non-Rec Stays,non_rec_stays,Non-Recreation Overnight Stays
CHIS,2010,12,TOS,2062,Total Stays,total_stays,Total Overnight Stays
CHIS,2010,12,TNRVH,16824,Non-Rec Hrs,non_rec_hrs,Total Non-Recreation Visitor Hours
CHIS,2013,2,TRV,10671,Rec Visits,rec_visits,Total Recreation Visits
CHIS,2013,2,TNRV,407,Non-Rec Visits,non_rec_visits,Total Non-Recreation Visits
CHIS,2013,2,TV,11078,Total Visits,total_visits,Total Visits (Recreation + Non-Recreation)
CHIS,2013,2,TRVH,61246,Rec Hrs,rec_hrs,Total Recreation Visitor Hours
CHIS,2013,2,TH,71014,Total Hrs,total_hrs,Total Hours (Recreation + Non-Recreation)
CHIS,2013,2,CL,0,Conc Lodging,conc_lodging,Concessioner Lodging Overnight Stays
CHIS,2013,2,CCG,0,Conc Camp,conc_camp,Concessioner Campground Overnight Stays
CHIS,2013,2,TT,0,Tent Camp,tent_camp,Tent Camping Overnight Stays (NPS)
CHIS,2013,2,TRVS,0,Rec Stays,rec_stays,Total Recreation Overnight Stays
CHIS,2013,2,TTRV,0,Tent & RV,tent_rv,Total Tent and RV Camping Stays
CHIS,2013,2,BC,261,Backcountry,backcountry,Backcountry Camping Overnight Stays
CHIS,2013,2,MISC,482,Misc Stays,misc_stays,Miscellaneous Overnight Stays
CHIS,2013,2,NROS,454,Non-Rec Stays,non_rec_stays,Non-Recreation Overnight Stays
CHIS,2013,2,TOS,1197,Total Stays,total_stays,Total Overnight Stays
CHIS,2013,2,TNRVH,9768,Non-Rec Hrs,non_rec_hrs,Total Non-Recreation Visitor Hours
CHIS,2013,12,TRV,14332,Rec Visits,rec_visits,Total Recreation Visits
CHIS,2013,12,TNRV,72,Non-Rec Visits,non_rec_visits,Total Non-Recreation Visits
CHIS,2013,12,TV,14404,Total Visits,total_visits,Total Visits (Recreation + Non-Recreation)
CHIS,2013,12,TRVH,99424,Rec Hrs,rec_hrs,Total Recreation Visitor Hours
CHIS,2013,12,TH,101152,Total Hrs,total_hrs,Total Hours (Recreation + Non-Recreation)
CHIS,2013,12,CL,0,Conc Lodging,conc_lodging,Concessioner Lodging Overnight Stays
CHIS,2013,12,CCG,0,Conc Camp,conc_camp,Concessioner Campground Overnight Stays
CHIS,2013,12,TT,0,Tent Camp,tent_camp,Tent Camping Overnight Stays (NPS)
CHIS,2013,12,TRVS,0,Rec Stays,rec_stays,Total Recreation Overnight Stays
CHIS,2013,12,TTRV,0,Tent & RV,tent_rv,Total Tent and RV Camping Stays
CHIS,2013,12,BC,489,Backcountry,backcountry,Backcountry Camping Overnight Stays
CHIS,2013,12,MISC,63,Misc Stays,misc_stays,Miscellaneous Overnight Stays
CHIS,2013,12,NROS,243,Non-Rec Stays,non_rec_stays,Non-Recreation Overnight Stays
CHIS,2013,12,TOS,795,Total Stays,total_stays,Total Overnight Stays
CHIS,2013,12,TNRVH,1728,Non-Rec Hrs,non_rec_hrs,Total Non-Recreation Visitor Hours
CHIS,2013,5,TRV,21009,Rec Visits,rec_visits,Total Recreation Visits
CHIS,2013,5,TNRV,443,Non-Rec Visits,non_rec_visits,Total Non-Recreation Visits
CHIS,2013,5,TV,21452,Total Visits,total_visits,Total Visits (Recreation + Non-Recreation)
CHIS,2013,5,TRVH,184877,Rec Hrs,rec_hrs,Total Recreation Visitor Hours
CHIS,2013,5,TH,195509,Total Hrs,total_hrs,Total Hours (Recreation + Non-Recreation)
CHIS,2013,5,CL,0,Conc Lodging,conc_lodging,Concessioner Lodging Overnight Stays
CHIS,2013,5,CCG,0,Conc Camp,conc_camp,Concessioner Campground Overnight Stays
CHIS,2013,5,TT,0,Tent Camp,tent_camp,Tent Camping Overnight Stays (NPS)
CHIS,2013,5,TRVS,0,Rec Stays,rec_stays,Total Recreation Overnight Stays
CHIS,2013,5,TTRV,0,Tent & RV,tent_rv,Total Tent and RV Camping Stays
CHIS,2013,5,BC,1910,Backcountry,backcountry,Backcountry Camping Overnight Stays
CHIS,2013,5,MISC,1287,Misc Stays,misc_stays,Miscellaneous Overnight Stays
CHIS,2013,5,NROS,585,Non-Rec Stays,non_rec_stays,Non-Recreation Overnight Stays
CHIS,2013,5,TOS,3782,Total Stays,total_stays,Total Overnight Stays
CHIS,2013,5,TNRVH,10632,Non-Rec Hrs,non_rec_hrs,Total Non-Recreation Visitor Hours
CHIS,2013,10,TRV,7193,Rec Visits,rec_visits,Total Recreation Visits
CHIS,2013,10,TNRV,570,Non-Rec Visits,non_rec_visits,Total Non-Recreation Visits
CHIS,2013,10,TV,7763,Total Visits,total_visits,Total Visits (Recreation + Non-Recreation)
CHIS,2013,10,TRVH,62241,Rec Hrs,rec_hrs,Total Recreation Visitor Hours
CHIS,2013,10,TH,75921,Total Hrs,total_hrs,Total Hours (Recreation + Non-Recreation)
CHIS,2013,10,CL,0,Conc Lodging,conc_lodging,Concessioner Lodging Overnight Stays
CHIS,2013,10,CCG,0,Conc Camp,conc_camp,Concessioner Campground Overnight Stays
CHIS,2013,10,TT,0,Tent Camp,tent_camp,Tent Camping Overnight Stays (NPS)
CHIS,2013,10,TRVS,0,Rec Stays,rec_stays,Total Recreation Overnight Stays
CHIS,2013,10,TTRV,0,Tent & RV,tent_rv,Total Tent and RV Camping Stays
CHIS,2013,10,BC,117,Backcountry,backcountry,Backcountry Camping Overnight Stays
CHIS,2013,10,MISC,3213,Misc Stays,misc_stays,Miscellaneous Overnight Stays
CHIS,2013,10,NROS,774,Non-Rec Stays,non_rec_stays,Non-Recreation Overnight Stays
CHIS,2013,10,TOS,4104,Total Stays,total_stays,Total Overnight Stays
CHIS,2013,10,TNRVH,13680,Non-Rec Hrs,non_rec_hrs,Total Non-Recreation Visitor Hours
CHIS,2013,7,TRV,27997,Rec Visits,rec_visits,Total Recreation Visits
CHIS,2013,7,TNRV,730,Non-Rec Visits,non_rec_visits,Total Non-Recreation Visits
CHIS,2013,7,TV,28727,Total Visits,total_visits,Total Visits (Recreation + Non-Recreation)
CHIS,2013,7,TRVH,220785,Rec Hrs,rec_hrs,Total Recreation Visitor Hours
CHIS,2013,7,TH,238305,Total Hrs,total_hrs,Total Hours (Recreation + Non-Recreation)
CHIS,2013,7,CL,0,Conc Lodging,conc_lodging,Concessioner Lodging Overnight Stays
CHIS,2013,7,CCG,0,Conc Camp,conc_camp,Concessioner Campground Overnight Stays
CHIS,2013,7,TT,0,Tent Camp,tent_camp,Tent Camping Overnight Stays (NPS)
CHIS,2013,7,TRVS,0,Rec Stays,rec_stays,Total Recreation Overnight Stays
CHIS,2013,7,TTRV,0,Tent & RV,tent_rv,Total Tent and RV Camping Stays
CHIS,2013,7,BC,3535,Backcountry,backcountry,Backcountry Camping Overnight Stays
CHIS,2013,7,MISC,5544,Misc Stays,misc_stays,Miscellaneous Overnight Stays
CHIS,2013,7,NROS,1314,Non-Rec Stays,non_rec_stays,Non-Recreation Overnight Stays
CHIS,2013,7,TOS,10393,Total Stays,total_stays,Total Overnight Stays
CHIS,2013,7,TNRVH,17520,Non-Rec Hrs,non_rec_hrs,Total Non-Recreation Visitor Hours
CHIS,2013,11,TRV,13638,Rec Visits,rec_visits,Total Recreation Visits
CHIS,2013,11,TNRV,494,Non-Rec Visits,non_rec_visits,Total Non-Recreation Visits
CHIS,2013,11,TV,14132,Total Visits,total_visits,Total Visits (Recreation + Non-Recreation)
CHIS,2013,11,TRVH,104135,Rec Hrs,rec_hrs,Total Recreation Visitor Hours
CHIS,2013,11,TH,115991,Total Hrs,total_hrs,Total Hours (Recreation + Non-Recreation)
CHIS,2013,11,CL,0,Conc Lodging,conc_lodging,Concessioner Lodging Overnight Stays
CHIS,2013,11,CCG,0,Conc Camp,conc_camp,Concessioner Campground Overnight Stays
CHIS,2013,11,TT,0,Tent Camp,tent_camp,Tent Camping Overnight Stays (NPS)
CHIS,2013,11,TRVS,0,Rec Stays,rec_stays,Total Recreation Overnight Stays
CHIS,2013,11,TTRV,0,Tent & RV,tent_rv,Total Tent and RV Camping Stays
CHIS,2013,11,BC,896,Backcountry,backcountry,Backcountry Camping Overnight Stays
CHIS,2013,11,MISC,900,Misc Stays,misc_stays,Miscellaneous Overnight Stays
CHIS,2013,11,NROS,639,Non-Rec Stays,non_rec_stays,Non-Recreation Overnight Stays
CHIS,2013,11,TOS,2435,Total Stays,total_stays,Total Overnight Stays
CHIS,2013,11,TNRVH,11856,Non-Rec Hrs,non_rec_hrs,Total Non-Recreation Visitor Hours
CHIS,2013,8,TRV,26273,Rec Visits,rec_visits,Total Recreation Visits
CHIS,2013,8,TNRV,980,Non-Rec Visits,non_rec_visits,Total Non-Recreation Visits
CHIS,2013,8,TV,27253,Total Visits,total_visits,Total Visits (Recreation + Non-Recreation)
CHIS,2013,8,TRVH,264736,Rec Hrs,rec_hrs,Total Recreation Visitor Hours
CHIS,2013,8,TH,288256,Total Hrs,total_hrs,Total Hours (Recreation + Non-Recreation)
CHIS,2013,8,CL,0,Conc Lodging,conc_lodging,Concessioner Lodging Overnight Stays
CHIS,2013,8,CCG,0,Conc Camp,conc_camp,Concessioner Campground Overnight Stays
CHIS,2013,8,TT,0,Tent Camp,tent_camp,Tent Camping Overnight Stays (NPS)
CHIS,2013,8,TRVS,0,Rec Stays,rec_stays,Total Recreation Overnight Stays
CHIS,2013,8,TTRV,0,Tent & RV,tent_rv,Total Tent and RV Camping Stays
CHIS,2013,8,BC,3803,Backcountry,backcountry,Backcountry Camping Overnight Stays
CHIS,2013,8,MISC,7893,Misc Stays,misc_stays,Miscellaneous Overnight Stays
CHIS,2013,8,NROS,702,Non-Rec Stays,non_rec_stays,Non-Recreation Overnight Stays
CHIS,2013,8,TOS,12398,Total Stays,total_stays,Total Overnight Stays
CHIS,2013,8,TNRVH,23520,Non-Rec Hrs,non_rec_hrs,Total Non-Recreation Visitor Hours
CHIS,2013,3,TRV,15541,Rec Visits,rec_visits,Total Recreation Visits
CHIS,2013,3,TNRV,474,Non-Rec Visits,non_rec_visits,Total Non-Recreation Visits
CHIS,2013,3,TV,16015,Total Visits,total_visits,Total Visits (Recreation + Non-Recreation)
CHIS,2013,3,TRVH,100401,Rec Hrs,rec_hrs,Total Recreation Visitor Hours
CHIS,2013,3,TH,111777,Total Hrs,total_hrs,Total Hours (Recreation + Non-Recreation)
CHIS,2013,3,CL,0,Conc Lodging,conc_lodging,Concessioner Lodging Overnight Stays
CHIS,2013,3,CCG,0,Conc Camp,conc_camp,Concessioner Campground Overnight Stays
CHIS,2013,3,TT,0,Tent Camp,tent_camp,Tent Camping Overnight Stays (NPS)
CHIS,2013,3,TRVS,0,Rec Stays,rec_stays,Total Recreation Overnight Stays
CHIS,2013,3,TTRV,0,Tent & RV,tent_rv,Total Tent and RV Camping Stays
CHIS,2013,3,BC,1622,Backcountry,backcountry,Backcountry Camping Overnight Stays
CHIS,2013,3,MISC,1282,Misc Stays,misc_stays,Miscellaneous Overnight Stays
CHIS,2013,3,NROS,603,Non-Rec Stays,non_rec_stays,Non-Recreation Overnight Stays
CHIS,2013,3,TOS,3508,Total Stays,total_stays,Total Overnight Stays
CHIS,2013,3,TNRVH,11376,Non-Rec Hrs,non_rec_hrs,Total Non-Recreation Visitor Hours
CHIS,2013,6,TRV,24797,Rec Visits,rec_visits,Total Recreation Visits
CHIS,2013,6,TNRV,569,Non-Rec Visits,non_rec_visits,Total Non-Recreation Visits
CHIS,2013,6,TV,25366,Total Visits,total_visits,Total Visits (Recreation + Non-Recreation)
CHIS,2013,6,TRVH,197878,Rec Hrs,rec_hrs,Total Recreation Visitor Hours
CHIS,2013,6,TH,211534,Total Hrs,total_hrs,Total Hours (Recreation + Non-Recreation)
CHIS,2013,6,CL,0,Conc Lodging,conc_lodging,Concessioner Lodging Overnight Stays
CHIS,2013,6,CCG,0,Conc Camp,conc_camp,Concessioner Campground Overnight Stays
CHIS,2013,6,TT,0,Tent Camp,tent_camp,Tent Camping Overnight Stays (NPS)
CHIS,2013,6,TRVS,0,Rec Stays,rec_stays,Total Recreation Overnight Stays
CHIS,2013,6,TTRV,0,Tent & RV,tent_rv,Total Tent and RV Camping Stays
CHIS,2013,6,BC,2776,Backcountry,backcountry,Backcountry Camping Overnight Stays
CHIS,2013,6,MISC,4648,Misc Stays,misc_stays,Miscellaneous Overnight Stays
CHIS,2013,6,NROS,770,Non-Rec Stays,non_rec_stays,Non-Recreation Overnight Stays
CHIS,2013,6,TOS,8194,Total Stays,total_stays,Total Overnight Stays
CHIS,2013,6,TNRVH,13656,Non-Rec Hrs,non_rec_hrs,Total Non-Recreation Visitor Hours
CHIS,2013,1,TRV,12800,Rec Visits,rec_visits,Total Recreation Visits
CHIS,2013,1,TNRV,61,Non-Rec Visits,non_rec_visits,Total Non-Recreation Visits
CHIS,2013,1,TV,12861,Total Visits,total_visits,Total Visits (Recreation + Non-Recreation)
CHIS,2013,1,TRVH,39200,Rec Hrs,rec_hrs,Total Recreation Visitor Hours
CHIS,2013,1,TH,40664,Total Hrs,total_hrs,Total Hours (Recreation + Non-Recreation)
CHIS,2013,1,CL,0,Conc Lodging,conc_lodging,Concessioner Lodging Overnight Stays
CHIS,2013,1,CCG,0,Conc Camp,conc_camp,Concessioner Campground Overnight Stays
CHIS,2013,1,TT,0,Tent Camp,tent_camp,Tent Camping Overnight Stays (NPS)
CHIS,2013,1,TRVS,0,Rec Stays,rec_stays,Total Recreation Overnight Stays
CHIS,2013,1,TTRV,0,Tent & RV,tent_rv,Total Tent and RV Camping Stays
CHIS,2013,1,BC,370,Backcountry,backcountry,Backcountry Camping Overnight Stays
CHIS,2013,1,MISC,158,Misc Stays,misc_stays,Miscellaneous Overnight Stays
CHIS,2013,1,NROS,148,Non-Rec Stays,non_rec_stays,Non-Recreation Overnight Stays
CHIS,2013,1,TOS,676,Total Stays,total_stays,Total Overnight Stays
CHIS,2013,1,TNRVH,1464,Non-Rec Hrs,non_rec_hrs,Total Non-Recreation Visitor Hours
CHIS,2013,9,TRV,18851,Rec Visits,rec_visits,Total Recreation Visits
CHIS,2013,9,TNRV,520,Non-Rec Visits,non_rec_visits,Total Non-Recreation Visits
CHIS,2013,9,TV,19371,Total Visits,total_visits,Total Visits (Recreation + Non-Recreation)
CHIS,2013,9,TRVH,136689,Rec Hrs,rec_hrs,Total Recreation Visitor Hours
CHIS,2013,9,TH,149169,Total Hrs,total_hrs,Total Hours (Recreation + Non-Recreation)
CHIS,2013,9,CL,0,Conc Lodging,conc_lodging,Concessioner Lodging Overnight Stays
CHIS,2013,9,CCG,0,Conc Camp,conc_camp,Concessioner Campground Overnight Stays
CHIS,2013,9,TT,0,Tent Camp,tent_camp,Tent Camping Overnight Stays (NPS)
CHIS,2013,9,TRVS,0,Rec Stays,rec_stays,Total Recreation Overnight Stays
CHIS,2013,9,TTRV,0,Tent & RV,tent_rv,Total Tent and RV Camping Stays
CHIS,2013,9,BC,2887,Backcountry,backcountry,Backcountry Camping Overnight Stays
CHIS,2013,9,MISC,1053,Misc Stays,misc_stays,Miscellaneous Overnight Stays
CHIS,2013,9,NROS,508,Non-Rec Stays,non_rec_stays,Non-Recreation Overnight Stays
CHIS,2013,9,TOS,4448,Total Stays,total_stays,Total Overnight Stays
CHIS,2013,9,TNRVH,12480,Non-Rec Hrs,non_rec_hrs,Total Non-Recreation Visitor Hours
CHIS,2013,4,TRV,18927,Rec Visits,rec_visits,Total Recreation Visits
CHIS,2013,4,TNRV,686,Non-Rec Visits,non_rec_visits,Total Non-Recreation Visits
CHIS,2013,4,TV,19613,Total Visits,total_visits,Total Visits (Recreation + Non-Recreation)
CHIS,2013,4,TRVH,163646,Rec Hrs,rec_hrs,Total Recreation Visitor Hours
CHIS,2013,4,TH,180110,Total Hrs,total_hrs,Total Hours (Recreation + Non-Recreation)
CHIS,2013,4,CL,0,Conc Lodging,conc_lodging,Concessioner Lodging Overnight Stays
CHIS,2013,4,CCG,0,Conc Camp,conc_camp,Concessioner Campground Overnight Stays
CHIS,2013,4,TT,0,Tent Camp,tent_camp,Tent Camping Overnight Stays (NPS)
CHIS,2013,4,TRVS,0,Rec Stays,rec_stays,Total Recreation Overnight Stays
CHIS,2013,4,TTRV,0,Tent & RV,tent_rv,Total Tent and RV Camping Stays
CHIS,2013,4,BC,1366,Backcountry,backcountry,Backcountry Camping Overnight Stays
CHIS,2013,4,MISC,1264,Misc Stays,misc_stays,Miscellaneous Overnight Stays
CHIS,2013,4,NROS,1134,Non-Rec Stays,non_rec_stays,Non-Recreation Overnight Stays
CHIS,2013,4,TOS,3764,Total Stays,total_stays,Total Overnight Stays
CHIS,2013,4,TNRVH,16464,Non-Rec Hrs,non_rec_hrs,Total Non-Recreation Visitor Hours
CHIS,2015,3,TRV,29901,Rec Visits,rec_visits,Total Recreation Visits
CHIS,2015,3,TNRV,822,Non-Rec Visits,non_rec_visits,Total Non-Recreation Visits
CHIS,2015,3,TV,30723,Total Visits,total_visits,Total Visits (Recreation + Non-Recreation)
CHIS,2015,3,TRVH,297145,Rec Hrs,rec_hrs,Total Recreation Visitor Hours
CHIS,2015,3,TH,316873,Total Hrs,total_hrs,Total Hours (Recreation + Non-Recreation)
CHIS,2015,3,CL,0,Conc Lodging,conc_lodging,Concessioner Lodging Overnight Stays
CHIS,2015,3,CCG,0,Conc Camp,conc_camp,Concessioner Campground Overnight Stays
CHIS,2015,3,TT,0,Tent Camp,tent_camp,Tent Camping Overnight Stays (NPS)
CHIS,2015,3,TRVS,0,Rec Stays,rec_stays,Total Recreation Overnight Stays
CHIS,2015,3,TTRV,0,Tent & RV,tent_rv,Total Tent and RV Camping Stays
CHIS,2015,3,BC,1621,Backcountry,backcountry,Backcountry Camping Overnight Stays
CHIS,2015,3,MISC,1998,Misc Stays,misc_stays,Miscellaneous Overnight Stays
CHIS,2015,3,NROS,1256,Non-Rec Stays,non_rec_stays,Non-Recreation Overnight Stays
CHIS,2015,3,TOS,4874,Total Stays,total_stays,Total Overnight Stays
CHIS,2015,3,TNRVH,19728,Non-Rec Hrs,non_rec_hrs,Total Non-Recreation Visitor Hours
CHIS,2015,9,TRV,24994,Rec Visits,rec_visits,Total Recreation Visits
CHIS,2015,9,TNRV,788,Non-Rec Visits,non_rec_visits,Total Non-Recreation Visits
CHIS,2015,9,TV,25782,Total Visits,total_visits,Total Visits (Recreation + Non-Recreation)
CHIS,2015,9,TRVH,230909,Rec Hrs,rec_hrs,Total Recreation Visitor Hours
CHIS,2015,9,TH,249821,Total Hrs,total_hrs,Total Hours (Recreation + Non-Recreation)
CHIS,2015,9,CL,0,Conc Lodging,conc_lodging,Concessioner Lodging Overnight Stays
CHIS,2015,9,CCG,0,Conc Camp,conc_camp,Concessioner Campground Overnight Stays
CHIS,2015,9,TT,0,Tent Camp,tent_camp,Tent Camping Overnight Stays (NPS)
CHIS,2015,9,TRVS,0,Rec Stays,rec_stays,Total Recreation Overnight Stays
CHIS,2015,9,TTRV,0,Tent & RV,tent_rv,Total Tent and RV Camping Stays
CHIS,2015,9,BC,3862,Backcountry,backcountry,Backcountry Camping Overnight Stays
CHIS,2015,9,MISC,5062,Misc Stays,misc_stays,Miscellaneous Overnight Stays
CHIS,2015,9,NROS,1030,Non-Rec Stays,non_rec_stays,Non-Recreation Overnight Stays
CHIS,2015,9,TOS,9955,Total Stays,total_stays,Total Overnight Stays
CHIS,2015,9,TNRVH,18912,Non-Rec Hrs,non_rec_hrs,Total Non-Recreation Visitor Hours
CHIS,2015,6,TRV,33193,Rec Visits,rec_visits,Total Recreation Visits
CHIS,2015,6,TNRV,819,Non-Rec Visits,non_rec_visits,Total Non-Recreation Visits
CHIS,2015,6,TV,34012,Total Visits,total_visits,Total Visits (Recreation + Non-Recreation)
CHIS,2015,6,TRVH,341090,Rec Hrs,rec_hrs,Total Recreation Visitor Hours
CHIS,2015,6,TH,360746,Total Hrs,total_hrs,Total Hours (Recreation + Non-Recreation)
CHIS,2015,6,CL,0,Conc Lodging,conc_lodging,Concessioner Lodging Overnight Stays
CHIS,2015,6,CCG,0,Conc Camp,conc_camp,Concessioner Campground Overnight Stays
CHIS,2015,6,TT,0,Tent Camp,tent_camp,Tent Camping Overnight Stays (NPS)
CHIS,2015,6,TRVS,0,Rec Stays,rec_stays,Total Recreation Overnight Stays
CHIS,2015,6,TTRV,0,Tent & RV,tent_rv,Total Tent and RV Camping Stays
CHIS,2015,6,BC,2946,Backcountry,backcountry,Backcountry Camping Overnight Stays
CHIS,2015,6,MISC,8685,Misc Stays,misc_stays,Miscellaneous Overnight Stays
CHIS,2015,6,NROS,1444,Non-Rec Stays,non_rec_stays,Non-Recreation Overnight Stays
CHIS,2015,6,TOS,13076,Total Stays,total_stays,Total Overnight Stays
CHIS,2015,6,TNRVH,19656,Non-Rec Hrs,non_rec_hrs,Total Non-Recreation Visitor Hours
CHIS,2015,12,TRV,14801,Rec Visits,rec_visits,Total Recreation Visits
CHIS,2015,12,TNRV,333,Non-Rec Visits,non_rec_visits,Total Non-Recreation Visits
CHIS,2015,12,TV,15134,Total Visits,total_visits,Total Visits (Recreation + Non-Recreation)
CHIS,2015,12,TRVH,77701,Rec Hrs,rec_hrs,Total Recreation Visitor Hours
CHIS,2015,12,TH,85693,Total Hrs,total_hrs,Total Hours (Recreation + Non-Recreation)
CHIS,2015,12,CL,0,Conc Lodging,conc_lodging,Concessioner Lodging Overnight Stays
CHIS,2015,12,CCG,0,Conc Camp,conc_camp,Concessioner Campground Overnight Stays
CHIS,2015,12,TT,0,Tent Camp,tent_camp,Tent Camping Overnight Stays (NPS)
CHIS,2015,12,TRVS,0,Rec Stays,rec_stays,Total Recreation Overnight Stays
CHIS,2015,12,TTRV,0,Tent & RV,tent_rv,Total Tent and RV Camping Stays
CHIS,2015,12,BC,223,Backcountry,backcountry,Backcountry Camping Overnight Stays
CHIS,2015,12,MISC,432,Misc Stays,misc_stays,Miscellaneous Overnight Stays
CHIS,2015,12,NROS,472,Non-Rec Stays,non_rec_stays,Non-Recreation Overnight Stays
CHIS,2015,12,TOS,1128,Total Stays,total_stays,Total Overnight Stays
CHIS,2015,12,TNRVH,7992,Non-Rec Hrs,non_rec_hrs,Total Non-Recreation Visitor Hours
CHIS,2015,2,TRV,21653,Rec Visits,rec_visits,Total Recreation Visits
CHIS,2015,2,TNRV,545,Non-Rec Visits,non_rec_visits,Total Non-Recreation Visits
CHIS,2015,2,TV,22198,Total Visits,total_visits,Total Visits (Recreation + Non-Recreation)
CHIS,2015,2,TRVH,176596,Rec Hrs,rec_hrs,Total Recreation Visitor Hours
CHIS,2015,2,TH,189676,Total Hrs,total_hrs,Total Hours (Recreation + Non-Recreation)
CHIS,2015,2,CL,0,Conc Lodging,conc_lodging,Concessioner Lodging Overnight Stays
CHIS,2015,2,CCG,0,Conc Camp,conc_camp,Concessioner Campground Overnight Stays
CHIS,2015,2,TT,0,Tent Camp,tent_camp,Tent Camping Overnight Stays (NPS)
CHIS,2015,2,TRVS,0,Rec Stays,rec_stays,Total Recreation Overnight Stays
CHIS,2015,2,TTRV,0,Tent & RV,tent_rv,Total Tent and RV Camping Stays
CHIS,2015,2,BC,326,Backcountry,backcountry,Backcountry Camping Overnight Stays
CHIS,2015,2,MISC,495,Misc Stays,misc_stays,Miscellaneous Overnight Stays
CHIS,2015,2,NROS,756,Non-Rec Stays,non_rec_stays,Non-Recreation Overnight Stays
CHIS,2015,2,TOS,1577,Total Stays,total_stays,Total Overnight Stays
CHIS,2015,2,TNRVH,13080,Non-Rec Hrs,non_rec_hrs,Total Non-Recreation Visitor Hours
CHIS,2015,5,TRV,34023,Rec Visits,rec_visits,Total Recreation Visits
CHIS,2015,5,TNRV,1697,Non-Rec Visits,non_rec_visits,Total Non-Recreation Visits
CHIS,2015,5,TV,35720,Total Visits,total_visits,Total Visits (Recreation + Non-Recreation)
CHIS,2015,5,TRVH,449487,Rec Hrs,rec_hrs,Total Recreation Visitor Hours
CHIS,2015,5,TH,490215,Total Hrs,total_hrs,Total Hours (Recreation + Non-Recreation)
CHIS,2015,5,CL,0,Conc Lodging,conc_lodging,Concessioner Lodging Overnight Stays
CHIS,2015,5,CCG,0,Conc Camp,conc_camp,Concessioner Campground Overnight Stays
CHIS,2015,5,TT,0,Tent Camp,tent_camp,Tent Camping Overnight Stays (NPS)
CHIS,2015,5,TRVS,0,Rec Stays,rec_stays,Total Recreation Overnight Stays
CHIS,2015,5,TTRV,0,Tent & RV,tent_rv,Total Tent and RV Camping Stays
CHIS,2015,5,BC,2260,Backcountry,backcountry,Backcountry Camping Overnight Stays
CHIS,2015,5,MISC,1264,Misc Stays,misc_stays,Miscellaneous Overnight Stays
CHIS,2015,5,NROS,734,Non-Rec Stays,non_rec_stays,Non-Recreation Overnight Stays
CHIS,2015,5,TOS,4258,Total Stays,total_stays,Total Overnight Stays
CHIS,2015,5,TNRVH,40728,Non-Rec Hrs,non_rec_hrs,Total Non-Recreation Visitor Hours
CHIS,2015,8,TRV,35392,Rec Visits,rec_visits,Total Recreation Visits
CHIS,2015,8,TNRV,882,Non-Rec Visits,non_rec_visits,Total Non-Recreation Visits
CHIS,2015,8,TV,36274,Total Visits,total_visits,Total Visits (Recreation + Non-Recreation)
CHIS,2015,8,TRVH,413288,Rec Hrs,rec_hrs,Total Recreation Visitor Hours
CHIS,2015,8,TH,434456,Total Hrs,total_hrs,Total Hours (Recreation + Non-Recreation)
CHIS,2015,8,CL,0,Conc Lodging,conc_lodging,Concessioner Lodging Overnight Stays
CHIS,2015,8,CCG,0,Conc Camp,conc_camp,Concessioner Campground Overnight Stays
CHIS,2015,8,TT,0,Tent Camp,tent_camp,Tent Camping Overnight Stays (NPS)
CHIS,2015,8,TRVS,0,Rec Stays,rec_stays,Total Recreation Overnight Stays
CHIS,2015,8,TTRV,0,Tent & RV,tent_rv,Total Tent and RV Camping Stays
CHIS,2015,8,BC,3238,Backcountry,backcountry,Backcountry Camping Overnight Stays
CHIS,2015,8,MISC,5652,Misc Stays,misc_stays,Miscellaneous Overnight Stays
CHIS,2015,8,NROS,1602,Non-Rec Stays,non_rec_stays,Non-Recreation Overnight Stays
CHIS,2015,8,TOS,10492,Total Stays,total_stays,Total Overnight Stays
CHIS,2015,8,TNRVH,21168,Non-Rec Hrs,non_rec_hrs,Total Non-Recreation Visitor Hours
CHIS,2015,11,TRV,18913,Rec Visits,rec_visits,Total Recreation Visits
CHIS,2015,11,TNRV,612,Non-Rec Visits,non_rec_visits,Total Non-Recreation Visits
CHIS,2015,11,TV,19525,Total Visits,total_visits,Total Visits (Recreation + Non-Recreation)
CHIS,2015,11,TRVH,174203,Rec Hrs,rec_hrs,Total Recreation Visitor Hours
CHIS,2015,11,TH,188891,Total Hrs,total_hrs,Total Hours (Recreation + Non-Recreation)
CHIS,2015,11,CL,0,Conc Lodging,conc_lodging,Concessioner Lodging Overnight Stays
CHIS,2015,11,CCG,0,Conc Camp,conc_camp,Concessioner Campground Overnight Stays
CHIS,2015,11,TT,0,Tent Camp,tent_camp,Tent Camping Overnight Stays (NPS)
CHIS,2015,11,TRVS,0,Rec Stays,rec_stays,Total Recreation Overnight Stays
CHIS,2015,11,TTRV,0,Tent & RV,tent_rv,Total Tent and RV Camping Stays
CHIS,2015,11,BC,873,Backcountry,backcountry,Backcountry Camping Overnight Stays
CHIS,2015,11,MISC,1980,Misc Stays,misc_stays,Miscellaneous Overnight Stays
CHIS,2015,11,NROS,990,Non-Rec Stays,non_rec_stays,Non-Recreation Overnight Stays
CHIS,2015,11,TOS,3843,Total Stays,total_stays,Total Overnight Stays
CHIS,2015,11,TNRVH,14688,Non-Rec Hrs,non_rec_hrs,Total Non-Recreation Visitor Hours
CHIS,2015,1,TRV,19847,Rec Visits,rec_visits,Total Recreation Visits
CHIS,2015,1,TNRV,530,Non-Rec Visits,non_rec_visits,Total Non-Recreation Visits
CHIS,2015,1,TV,20377,Total Visits,total_visits,Total Visits (Recreation + Non-Recreation)
CHIS,2015,1,TRVH,131818,Rec Hrs,rec_hrs,Total Recreation Visitor Hours
CHIS,2015,1,TH,144538,Total Hrs,total_hrs,Total Hours (Recreation + Non-Recreation)
CHIS,2015,1,CL,0,Conc Lodging,conc_lodging,Concessioner Lodging Overnight Stays
CHIS,2015,1,CCG,0,Conc Camp,conc_camp,Concessioner Campground Overnight Stays
CHIS,2015,1,TT,0,Tent Camp,tent_camp,Tent Camping Overnight Stays (NPS)
CHIS,2015,1,TRVS,0,Rec Stays,rec_stays,Total Recreation Overnight Stays
CHIS,2015,1,TTRV,0,Tent & RV,tent_rv,Total Tent and RV Camping Stays
CHIS,2015,1,BC,304,Backcountry,backcountry,Backcountry Camping Overnight Stays
CHIS,2015,1,MISC,590,Misc Stays,misc_stays,Miscellaneous Overnight Stays
CHIS,2015,1,NROS,909,Non-Rec Stays,non_rec_stays,Non-Recreation Overnight Stays
CHIS,2015,1,TOS,1802,Total Stays,total_stays,Total Overnight Stays
CHIS,2015,1,TNRVH,12720,Non-Rec Hrs,non_rec_hrs,Total Non-Recreation Visitor Hours
CHIS,2015,4,TRV,23479,Rec Visits,rec_visits,Total Recreation Visits
CHIS,2015,4,TNRV,587,Non-Rec Visits,non_rec_visits,Total Non-Recreation Visits
CHIS,2015,4,TV,24066,Total Visits,total_visits,Total Visits (Recreation + Non-Recreation)
CHIS,2015,4,TRVH,176168,Rec Hrs,rec_hrs,Total Recreation Visitor Hours
CHIS,2015,4,TH,190256,Total Hrs,total_hrs,Total Hours (Recreation + Non-Recreation)
CHIS,2015,4,CL,0,Conc Lodging,conc_lodging,Concessioner Lodging Overnight Stays
CHIS,2015,4,CCG,0,Conc Camp,conc_camp,Concessioner Campground Overnight Stays
CHIS,2015,4,TT,0,Tent Camp,tent_camp,Tent Camping Overnight Stays (NPS)
CHIS,2015,4,TRVS,0,Rec Stays,rec_stays,Total Recreation Overnight Stays
CHIS,2015,4,TTRV,0,Tent & RV,tent_rv,Total Tent and RV Camping Stays
CHIS,2015,4,BC,1538,Backcountry,backcountry,Backcountry Camping Overnight Stays
CHIS,2015,4,MISC,1444,Misc Stays,misc_stays,Miscellaneous Overnight Stays
CHIS,2015,4,NROS,752,Non-Rec Stays,non_rec_stays,Non-Recreation Overnight Stays
CHIS,2015,4,TOS,3734,Total Stays,total_stays,Total Overnight Stays
CHIS,2015,4,TNRVH,14088,Non-Rec Hrs,non_rec_hrs,Total Non-Recreation Visitor Hours
CHIS,2015,7,TRV,46749,Rec Visits,rec_visits,Total Recreation Visits
CHIS,2015,7,TNRV,921,Non-Rec Visits,non_rec_visits,Total Non-Recreation Visits
CHIS,2015,7,TV,47670,Total Visits,total_visits,Total Visits (Recreation + Non-Recreation)
CHIS,2015,7,TRVH,617318,Rec Hrs,rec_hrs,Total Recreation Visitor Hours
CHIS,2015,7,TH,639422,Total Hrs,total_hrs,Total Hours (Recreation + Non-Recreation)
CHIS,2015,7,CL,0,Conc Lodging,conc_lodging,Concessioner Lodging Overnight Stays
CHIS,2015,7,CCG,0,Conc Camp,conc_camp,Concessioner Campground Overnight Stays
CHIS,2015,7,TT,0,Tent Camp,tent_camp,Tent Camping Overnight Stays (NPS)
CHIS,2015,7,TRVS,0,Rec Stays,rec_stays,Total Recreation Overnight Stays
CHIS,2015,7,TTRV,0,Tent & RV,tent_rv,Total Tent and RV Camping Stays
CHIS,2015,7,BC,4163,Backcountry,backcountry,Backcountry Camping Overnight Stays
CHIS,2015,7,MISC,3110,Misc Stays,misc_stays,Miscellaneous Overnight Stays
CHIS,2015,7,NROS,1418,Non-Rec Stays,non_rec_stays,Non-Recreation Overnight Stays
CHIS,2015,7,TOS,8690,Total Stays,total_stays,Total Overnight Stays
CHIS,2015,7,TNRVH,22104,Non-Rec Hrs,non_rec_hrs,Total Non-Recreation Visitor Hours
CHIS,2015,10,TRV,21871,Rec Visits,rec_visits,Total Recreation Visits
CHIS,2015,10,TNRV,829,Non-Rec Visits,non_rec_visits,Total Non-Recreation Visits
CHIS,2015,10,TV,22700,Total Visits,total_visits,Total Visits (Recreation + Non-Recreation)
CHIS,2015,10,TRVH,225532,Rec Hrs,rec_hrs,Total Recreation Visitor Hours
CHIS,2015,10,TH,245428,Total Hrs,total_hrs,Total Hours (Recreation + Non-Recreation)
CHIS,2015,10,CL,0,Conc Lodging,conc_lodging,Concessioner Lodging Overnight Stays
CHIS,2015,10,CCG,0,Conc Camp,conc_camp,Concessioner Campground Overnight Stays
CHIS,2015,10,TT,0,Tent Camp,tent_camp,Tent Camping Overnight Stays (NPS)
CHIS,2015,10,TRVS,0,Rec Stays,rec_stays,Total Recreation Overnight Stays
CHIS,2015,10,TTRV,0,Tent & RV,tent_rv,Total Tent and RV Camping Stays
CHIS,2015,10,BC,1972,Backcountry,backcountry,Backcountry Camping Overnight Stays
CHIS,2015,10,MISC,2691,Misc Stays,misc_stays,Miscellaneous Overnight Stays
CHIS,2015,10,NROS,1053,Non-Rec Stays,non_rec_stays,Non-Recreation Overnight Stays
CHIS,2015,10,TOS,5716,Total Stays,total_stays,Total Overnight Stays
CHIS,2015,10,TNRVH,19896,Non-Rec Hrs,non_rec_hrs,Total Non-Recreation Visitor Hours
CHIS,2014,3,TRV,32109,Rec Visits,rec_visits,Total Recreation Visits
CHIS,2014,3,TNRV,691,Non-Rec Visits,non_rec_visits,Total Non-Recreation Visits
CHIS,2014,3,TV,32800,Total Visits,total_visits,Total Visits (Recreation + Non-Recreation)
CHIS,2014,3,TRVH,334017,Rec Hrs,rec_hrs,Total Recreation Visitor Hours
CHIS,2014,3,TH,350601,Total Hrs,total_hrs,Total Hours (Recreation + Non-Recreation)
CHIS,2014,3,CL,0,Conc Lodging,conc_lodging,Concessioner Lodging Overnight Stays
CHIS,2014,3,CCG,0,Conc Camp,conc_camp,Concessioner Campground Overnight Stays
CHIS,2014,3,TT,0,Tent Camp,tent_camp,Tent Camping Overnight Stays (NPS)
CHIS,2014,3,TRVS,0,Rec Stays,rec_stays,Total Recreation Overnight Stays
CHIS,2014,3,TTRV,0,Tent & RV,tent_rv,Total Tent and RV Camping Stays
CHIS,2014,3,BC,1461,Backcountry,backcountry,Backcountry Camping Overnight Stays
CHIS,2014,3,MISC,1674,Misc Stays,misc_stays,Miscellaneous Overnight Stays
CHIS,2014,3,NROS,616,Non-Rec Stays,non_rec_stays,Non-Recreation Overnight Stays
CHIS,2014,3,TOS,3752,Total Stays,total_stays,Total Overnight Stays
CHIS,2014,3,TNRVH,16584,Non-Rec Hrs,non_rec_hrs,Total Non-Recreation Visitor Hours
CHIS,2014,10,TRV,18271,Rec Visits,rec_visits,Total Recreation Visits
CHIS,2014,10,TNRV,294,Non-Rec Visits,non_rec_visits,Total Non-Recreation Visits
CHIS,2014,10,TV,18565,Total Visits,total_visits,Total Visits (Recreation + Non-Recreation)
CHIS,2014,10,TRVH,160202,Rec Hrs,rec_hrs,Total Recreation Visitor Hours
CHIS,2014,10,TH,167258,Total Hrs,total_hrs,Total Hours (Recreation + Non-Recreation)
CHIS,2014,10,CL,0,Conc Lodging,conc_lodging,Concessioner Lodging Overnight Stays
CHIS,2014,10,CCG,0,Conc Camp,conc_camp,Concessioner Campground Overnight Stays
CHIS,2014,10,TT,0,Tent Camp,tent_camp,Tent Camping Overnight Stays (NPS)
CHIS,2014,10,TRVS,0,Rec Stays,rec_stays,Total Recreation Overnight Stays
CHIS,2014,10,TTRV,0,Tent & RV,tent_rv,Total Tent and RV Camping Stays
CHIS,2014,10,BC,1331,Backcountry,backcountry,Backcountry Camping Overnight Stays
CHIS,2014,10,MISC,1899,Misc Stays,misc_stays,Miscellaneous Overnight Stays
CHIS,2014,10,NROS,630,Non-Rec Stays,non_rec_stays,Non-Recreation Overnight Stays
CHIS,2014,10,TOS,3860,Total Stays,total_stays,Total Overnight Stays
CHIS,2014,10,TNRVH,7056,Non-Rec Hrs,non_rec_hrs,Total Non-Recreation Visitor Hours
CHIS,2014,1,TRV,18927,Rec Visits,rec_visits,Total Recreation Visits
CHIS,2014,1,TNRV,326,Non-Rec Visits,non_rec_visits,Total Non-Recreation Visits
CHIS,2014,1,TV,19253,Total Visits,total_visits,Total Visits (Recreation + Non-Recreation)
CHIS,2014,1,TRVH,113620,Rec Hrs,rec_hrs,Total Recreation Visitor Hours
CHIS,2014,1,TH,121444,Total Hrs,total_hrs,Total Hours (Recreation + Non-Recreation)
CHIS,2014,1,CL,0,Conc Lodging,conc_lodging,Concessioner Lodging Overnight Stays
CHIS,2014,1,CCG,0,Conc Camp,conc_camp,Concessioner Campground Overnight Stays
CHIS,2014,1,TT,0,Tent Camp,tent_camp,Tent Camping Overnight Stays (NPS)
CHIS,2014,1,TRVS,0,Rec Stays,rec_stays,Total Recreation Overnight Stays
CHIS,2014,1,TTRV,0,Tent & RV,tent_rv,Total Tent and RV Camping Stays
CHIS,2014,1,BC,267,Backcountry,backcountry,Backcountry Camping Overnight Stays
CHIS,2014,1,MISC,536,Misc Stays,misc_stays,Miscellaneous Overnight Stays
CHIS,2014,1,NROS,351,Non-Rec Stays,non_rec_stays,Non-Recreation Overnight Stays
CHIS,2014,1,TOS,1154,Total Stays,total_stays,Total Overnight Stays
CHIS,2014,1,TNRVH,7824,Non-Rec Hrs,non_rec_hrs,Total Non-Recreation Visitor Hours
CHIS,2014,11,TRV,17923,Rec Visits,rec_visits,Total Recreation Visits
CHIS,2014,11,TNRV,570,Non-Rec Visits,non_rec_visits,Total Non-Recreation Visits
CHIS,2014,11,TV,18493,Total Visits,total_visits,Total Visits (Recreation + Non-Recreation)
CHIS,2014,11,TRVH,134932,Rec Hrs,rec_hrs,Total Recreation Visitor Hours
CHIS,2014,11,TH,148612,Total Hrs,total_hrs,Total Hours (Recreation + Non-Recreation)
CHIS,2014,11,CL,0,Conc Lodging,conc_lodging,Concessioner Lodging Overnight Stays
CHIS,2014,11,CCG,0,Conc Camp,conc_camp,Concessioner Campground Overnight Stays
CHIS,2014,11,TT,0,Tent Camp,tent_camp,Tent Camping Overnight Stays (NPS)
CHIS,2014,11,TRVS,0,Rec Stays,rec_stays,Total Recreation Overnight Stays
CHIS,2014,11,TTRV,0,Tent & RV,tent_rv,Total Tent and RV Camping Stays
CHIS,2014,11,BC,818,Backcountry,backcountry,Backcountry Camping Overnight Stays
CHIS,2014,11,MISC,860,Misc Stays,misc_stays,Miscellaneous Overnight Stays
CHIS,2014,11,NROS,1192,Non-Rec Stays,non_rec_stays,Non-Recreation Overnight Stays
CHIS,2014,11,TOS,2870,Total Stays,total_stays,Total Overnight Stays
CHIS,2014,11,TNRVH,13680,Non-Rec Hrs,non_rec_hrs,Total Non-Recreation Visitor Hours
CHIS,2014,8,TRV,39208,Rec Visits,rec_visits,Total Recreation Visits
CHIS,2014,8,TNRV,425,Non-Rec Visits,non_rec_visits,Total Non-Recreation Visits
CHIS,2014,8,TV,39633,Total Visits,total_visits,Total Visits (Recreation + Non-Recreation)
CHIS,2014,8,TRVH,476864,Rec Hrs,rec_hrs,Total Recreation Visitor Hours
CHIS,2014,8,TH,487064,Total Hrs,total_hrs,Total Hours (Recreation + Non-Recreation)
CHIS,2014,8,CL,0,Conc Lodging,conc_lodging,Concessioner Lodging Overnight Stays
CHIS,2014,8,CCG,0,Conc Camp,conc_camp,Concessioner Campground Overnight Stays
CHIS,2014,8,TT,0,Tent Camp,tent_camp,Tent Camping Overnight Stays (NPS)
CHIS,2014,8,TRVS,0,Rec Stays,rec_stays,Total Recreation Overnight Stays
CHIS,2014,8,TTRV,0,Tent & RV,tent_rv,Total Tent and RV Camping Stays
CHIS,2014,8,BC,4207,Backcountry,backcountry,Backcountry Camping Overnight Stays
CHIS,2014,8,MISC,3146,Misc Stays,misc_stays,Miscellaneous Overnight Stays
CHIS,2014,8,NROS,531,Non-Rec Stays,non_rec_stays,Non-Recreation Overnight Stays
CHIS,2014,8,TOS,7884,Total Stays,total_stays,Total Overnight Stays
CHIS,2014,8,TNRVH,10200,Non-Rec Hrs,non_rec_hrs,Total Non-Recreation Visitor Hours
CHIS,2014,4,TRV,25698,Rec Visits,rec_visits,Total Recreation Visits
CHIS,2014,4,TNRV,430,Non-Rec Visits,non_rec_visits,Total Non-Recreation Visits
CHIS,2014,4,TV,26128,Total Visits,total_visits,Total Visits (Recreation + Non-Recreation)
CHIS,2014,4,TRVH,199350,Rec Hrs,rec_hrs,Total Recreation Visitor Hours
CHIS,2014,4,TH,209670,Total Hrs,total_hrs,Total Hours (Recreation + Non-Recreation)
CHIS,2014,4,CL,0,Conc Lodging,conc_lodging,Concessioner Lodging Overnight Stays
CHIS,2014,4,CCG,0,Conc Camp,conc_camp,Concessioner Campground Overnight Stays
CHIS,2014,4,TT,0,Tent Camp,tent_camp,Tent Camping Overnight Stays (NPS)
CHIS,2014,4,TRVS,0,Rec Stays,rec_stays,Total Recreation Overnight Stays
CHIS,2014,4,TTRV,0,Tent & RV,tent_rv,Total Tent and RV Camping Stays
CHIS,2014,4,BC,1818,Backcountry,backcountry,Backcountry Camping Overnight Stays
CHIS,2014,4,MISC,459,Misc Stays,misc_stays,Miscellaneous Overnight Stays
CHIS,2014,4,NROS,333,Non-Rec Stays,non_rec_stays,Non-Recreation Overnight Stays
CHIS,2014,4,TOS,2610,Total Stays,total_stays,Total Overnight Stays
CHIS,2014,4,TNRVH,10320,Non-Rec Hrs,non_rec_hrs,Total Non-Recreation Visitor Hours
CHIS,2014,2,TRV,21183,Rec Visits,rec_visits,Total Recreation Visits
CHIS,2014,2,TNRV,368,Non-Rec Visits,non_rec_visits,Total Non-Recreation Visits
CHIS,2014,2,TV,21551,Total Visits,total_visits,Total Visits (Recreation + Non-Recreation)
CHIS,2014,2,TRVH,147004,Rec Hrs,rec_hrs,Total Recreation Visitor Hours
CHIS,2014,2,TH,155836,Total Hrs,total_hrs,Total Hours (Recreation + Non-Recreation)
CHIS,2014,2,CL,0,Conc Lodging,conc_lodging,Concessioner Lodging Overnight Stays
CHIS,2014,2,CCG,0,Conc Camp,conc_camp,Concessioner Campground Overnight Stays
CHIS,2014,2,TT,0,Tent Camp,tent_camp,Tent Camping Overnight Stays (NPS)
CHIS,2014,2,TRVS,0,Rec Stays,rec_stays,Total Recreation Overnight Stays
CHIS,2014,2,TTRV,0,Tent & RV,tent_rv,Total Tent and RV Camping Stays
CHIS,2014,2,BC,364,Backcountry,backcountry,Backcountry Camping Overnight Stays
CHIS,2014,2,MISC,274,Misc Stays,misc_stays,Miscellaneous Overnight Stays
CHIS,2014,2,NROS,284,Non-Rec Stays,non_rec_stays,Non-Recreation Overnight Stays
CHIS,2014,2,TOS,922,Total Stays,total_stays,Total Overnight Stays
CHIS,2014,2,TNRVH,8832,Non-Rec Hrs,non_rec_hrs,Total Non-Recreation Visitor Hours
CHIS,2014,12,TRV,14819,Rec Visits,rec_visits,Total Recreation Visits
CHIS,2014,12,TNRV,532,Non-Rec Visits,non_rec_visits,Total Non-Recreation Visits
CHIS,2014,12,TV,15351,Total Visits,total_visits,Total Visits (Recreation + Non-Recreation)
CHIS,2014,12,TRVH,80404,Rec Hrs,rec_hrs,Total Recreation Visitor Hours
CHIS,2014,12,TH,93172,Total Hrs,total_hrs,Total Hours (Recreation + Non-Recreation)
CHIS,2014,12,CL,0,Conc Lodging,conc_lodging,Concessioner Lodging Overnight Stays
CHIS,2014,12,CCG,0,Conc Camp,conc_camp,Concessioner Campground Overnight Stays
CHIS,2014,12,TT,0,Tent Camp,tent_camp,Tent Camping Overnight Stays (NPS)
CHIS,2014,12,TRVS,0,Rec Stays,rec_stays,Total Recreation Overnight Stays
CHIS,2014,12,TTRV,0,Tent & RV,tent_rv,Total Tent and RV Camping Stays
CHIS,2014,12,BC,515,Backcountry,backcountry,Backcountry Camping Overnight Stays
CHIS,2014,12,MISC,342,Misc Stays,misc_stays,Miscellaneous Overnight Stays
CHIS,2014,12,NROS,778,Non-Rec Stays,non_rec_stays,Non-Recreation Overnight Stays
CHIS,2014,12,TOS,1636,Total Stays,total_stays,Total Overnight Stays
CHIS,2014,12,TNRVH,12768,Non-Rec Hrs,non_rec_hrs,Total Non-Recreation Visitor Hours
CHIS,2014,9,TRV,27100,Rec Visits,rec_visits,Total Recreation Visits
CHIS,2014,9,TNRV,427,Non-Rec Visits,non_rec_visits,Total Non-Recreation Visits
CHIS,2014,9,TV,27527,Total Visits,total_visits,Total Visits (Recreation + Non-Recreation)
CHIS,2014,9,TRVH,286062,Rec Hrs,rec_hrs,Total Recreation Visitor Hours
CHIS,2014,9,TH,296310,Total Hrs,total_hrs,Total Hours (Recreation + Non-Recreation)
CHIS,2014,9,CL,0,Conc Lodging,conc_lodging,Concessioner Lodging Overnight Stays
CHIS,2014,9,CCG,0,Conc Camp,conc_camp,Concessioner Campground Overnight Stays
CHIS,2014,9,TT,0,Tent Camp,tent_camp,Tent Camping Overnight Stays (NPS)
CHIS,2014,9,TRVS,0,Rec Stays,rec_stays,Total Recreation Overnight Stays
CHIS,2014,9,TTRV,0,Tent & RV,tent_rv,Total Tent and RV Camping Stays
CHIS,2014,9,BC,2952,Backcountry,backcountry,Backcountry Camping Overnight Stays
CHIS,2014,9,MISC,2898,Misc Stays,misc_stays,Miscellaneous Overnight Stays
CHIS,2014,9,NROS,180,Non-Rec Stays,non_rec_stays,Non-Recreation Overnight Stays
CHIS,2014,9,TOS,6030,Total Stays,total_stays,Total Overnight Stays
CHIS,2014,9,TNRVH,10248,Non-Rec Hrs,non_rec_hrs,Total Non-Recreation Visitor Hours
CHIS,2014,7,TRV,50470,Rec Visits,rec_visits,Total Recreation Visits
CHIS,2014,7,TNRV,688,Non-Rec Visits,non_rec_visits,Total Non-Recreation Visits
CHIS,2014,7,TV,51158,Total Visits,total_visits,Total Visits (Recreation + Non-Recreation)
CHIS,2014,7,TRVH,629703,Rec Hrs,rec_hrs,Total Recreation Visitor Hours
CHIS,2014,7,TH,646215,Total Hrs,total_hrs,Total Hours (Recreation + Non-Recreation)
CHIS,2014,7,CL,0,Conc Lodging,conc_lodging,Concessioner Lodging Overnight Stays
CHIS,2014,7,CCG,0,Conc Camp,conc_camp,Concessioner Campground Overnight Stays
CHIS,2014,7,TT,0,Tent Camp,tent_camp,Tent Camping Overnight Stays (NPS)
CHIS,2014,7,TRVS,0,Rec Stays,rec_stays,Total Recreation Overnight Stays
CHIS,2014,7,TTRV,0,Tent & RV,tent_rv,Total Tent and RV Camping Stays
CHIS,2014,7,BC,4106,Backcountry,backcountry,Backcountry Camping Overnight Stays
CHIS,2014,7,MISC,3636,Misc Stays,misc_stays,Miscellaneous Overnight Stays
CHIS,2014,7,NROS,837,Non-Rec Stays,non_rec_stays,Non-Recreation Overnight Stays
CHIS,2014,7,TOS,8579,Total Stays,total_stays,Total Overnight Stays
CHIS,2014,7,TNRVH,16512,Non-Rec Hrs,non_rec_hrs,Total Non-Recreation Visitor Hours
CHIS,2014,5,TRV,32869,Rec Visits,rec_visits,Total Recreation Visits
CHIS,2014,5,TNRV,533,Non-Rec Visits,non_rec_visits,Total Non-Recreation Visits
CHIS,2014,5,TV,33402,Total Visits,total_visits,Total Visits (Recreation + Non-Recreation)
CHIS,2014,5,TRVH,390435,Rec Hrs,rec_hrs,Total Recreation Visitor Hours
CHIS,2014,5,TH,403227,Total Hrs,total_hrs,Total Hours (Recreation + Non-Recreation)
CHIS,2014,5,CL,0,Conc Lodging,conc_lodging,Concessioner Lodging Overnight Stays
CHIS,2014,5,CCG,0,Conc Camp,conc_camp,Concessioner Campground Overnight Stays
CHIS,2014,5,TT,0,Tent Camp,tent_camp,Tent Camping Overnight Stays (NPS)
CHIS,2014,5,TRVS,0,Rec Stays,rec_stays,Total Recreation Overnight Stays
CHIS,2014,5,TTRV,0,Tent & RV,tent_rv,Total Tent and RV Camping Stays
CHIS,2014,5,BC,2482,Backcountry,backcountry,Backcountry Camping Overnight Stays
CHIS,2014,5,MISC,2529,Misc Stays,misc_stays,Miscellaneous Overnight Stays
CHIS,2014,5,NROS,477,Non-Rec Stays,non_rec_stays,Non-Recreation Overnight Stays
CHIS,2014,5,TOS,5488,Total Stays,total_stays,Total Overnight Stays
CHIS,2014,5,TNRVH,12792,Non-Rec Hrs,non_rec_hrs,Total Non-Recreation Visitor Hours
CHIS,2014,6,TRV,43584,Rec Visits,rec_visits,Total Recreation Visits
CHIS,2014,6,TNRV,1290,Non-Rec Visits,non_rec_visits,Total Non-Recreation Visits
CHIS,2014,6,TV,44874,Total Visits,total_visits,Total Visits (Recreation + Non-Recreation)
CHIS,2014,6,TRVH,573173,Rec Hrs,rec_hrs,Total Recreation Visitor Hours
CHIS,2014,6,TH,604133,Total Hrs,total_hrs,Total Hours (Recreation + Non-Recreation)
CHIS,2014,6,CL,0,Conc Lodging,conc_lodging,Concessioner Lodging Overnight Stays
CHIS,2014,6,CCG,0,Conc Camp,conc_camp,Concessioner Campground Overnight Stays
CHIS,2014,6,TT,0,Tent Camp,tent_camp,Tent Camping Overnight Stays (NPS)
CHIS,2014,6,TRVS,0,Rec Stays,rec_stays,Total Recreation Overnight Stays
CHIS,2014,6,TTRV,0,Tent & RV,tent_rv,Total Tent and RV Camping Stays
CHIS,2014,6,BC,2747,Backcountry,backcountry,Backcountry Camping Overnight Stays
CHIS,2014,6,MISC,1764,Misc Stays,misc_stays,Miscellaneous Overnight Stays
CHIS,2014,6,NROS,2750,Non-Rec Stays,non_rec_stays,Non-Recreation Overnight Stays
CHIS,2014,6,TOS,7260,Total Stays,total_stays,Total Overnight Stays
CHIS,2014,6,TNRVH,30960,Non-Rec Hrs,non_rec_hrs,Total Non-Recreation Visitor Hours
CHIS,2018,3,TRV,30668,Rec Visits,rec_visits,Total Recreation Visits
CHIS,2018,3,TNRV,715,Non-Rec Visits,non_rec_visits,Total Non-Recreation Visits
CHIS,2018,3,TV,31383,Total Visits,total_visits,Total Visits (Recreation + Non-Recreation)
CHIS,2018,3,TRVH,243711,Rec Hrs,rec_hrs,Total Recreation Visitor Hours
CHIS,2018,3,TH,260871,Total Hrs,total_hrs,Total Hours (Recreation + Non-Recreation)
CHIS,2018,3,CL,0,Conc Lodging,conc_lodging,Concessioner Lodging Overnight Stays
CHIS,2018,3,CCG,0,Conc Camp,conc_camp,Concessioner Campground Overnight Stays
CHIS,2018,3,TT,0,Tent Camp,tent_camp,Tent Camping Overnight Stays (NPS)
CHIS,2018,3,TRVS,0,Rec Stays,rec_stays,Total Recreation Overnight Stays
CHIS,2018,3,TTRV,0,Tent & RV,tent_rv,Total Tent and RV Camping Stays
CHIS,2018,3,BC,1171,Backcountry,backcountry,Backcountry Camping Overnight Stays
CHIS,2018,3,MISC,1678,Misc Stays,misc_stays,Miscellaneous Overnight Stays
CHIS,2018,3,NROS,850,Non-Rec Stays,non_rec_stays,Non-Recreation Overnight Stays
CHIS,2018,3,TOS,3700,Total Stays,total_stays,Total Overnight Stays
CHIS,2018,3,TNRVH,17160,Non-Rec Hrs,non_rec_hrs,Total Non-Recreation Visitor Hours
CHIS,2018,9,TRV,31267,Rec Visits,rec_visits,Total Recreation Visits
CHIS,2018,9,TNRV,319,Non-Rec Visits,non_rec_visits,Total Non-Recreation Visits
CHIS,2018,9,TV,31586,Total Visits,total_visits,Total Visits (Recreation + Non-Recreation)
CHIS,2018,9,TRVH,338458,Rec Hrs,rec_hrs,Total Recreation Visitor Hours
CHIS,2018,9,TH,346114,Total Hrs,total_hrs,Total Hours (Recreation + Non-Recreation)
CHIS,2018,9,CL,0,Conc Lodging,conc_lodging,Concessioner Lodging Overnight Stays
CHIS,2018,9,CCG,0,Conc Camp,conc_camp,Concessioner Campground Overnight Stays
CHIS,2018,9,TT,0,Tent Camp,tent_camp,Tent Camping Overnight Stays (NPS)
CHIS,2018,9,TRVS,0,Rec Stays,rec_stays,Total Recreation Overnight Stays
CHIS,2018,9,TTRV,0,Tent & RV,tent_rv,Total Tent and RV Camping Stays
CHIS,2018,9,BC,2836,Backcountry,backcountry,Backcountry Camping Overnight Stays
CHIS,2018,9,MISC,4846,Misc Stays,misc_stays,Miscellaneous Overnight Stays
CHIS,2018,9,NROS,459,Non-Rec Stays,non_rec_stays,Non-Recreation Overnight Stays
CHIS,2018,9,TOS,8142,Total Stays,total_stays,Total Overnight Stays
CHIS,2018,9,TNRVH,7656,Non-Rec Hrs,non_rec_hrs,Total Non-Recreation Visitor Hours
CHIS,2018,6,TRV,39141,Rec Visits,rec_visits,Total Recreation Visits
CHIS,2018,6,TNRV,994,Non-Rec Visits,non_rec_visits,Total Non-Recreation Visits
CHIS,2018,6,TV,40135,Total Visits,total_visits,Total Visits (Recreation + Non-Recreation)
CHIS,2018,6,TRVH,471492,Rec Hrs,rec_hrs,Total Recreation Visitor Hours
CHIS,2018,6,TH,495348,Total Hrs,total_hrs,Total Hours (Recreation + Non-Recreation)
CHIS,2018,6,CL,0,Conc Lodging,conc_lodging,Concessioner Lodging Overnight Stays
CHIS,2018,6,CCG,0,Conc Camp,conc_camp,Concessioner Campground Overnight Stays
CHIS,2018,6,TT,0,Tent Camp,tent_camp,Tent Camping Overnight Stays (NPS)
CHIS,2018,6,TRVS,0,Rec Stays,rec_stays,Total Recreation Overnight Stays
CHIS,2018,6,TTRV,0,Tent & RV,tent_rv,Total Tent and RV Camping Stays
CHIS,2018,6,BC,2183,Backcountry,backcountry,Backcountry Camping Overnight Stays
CHIS,2018,6,MISC,3200,Misc Stays,misc_stays,Miscellaneous Overnight Stays
CHIS,2018,6,NROS,1570,Non-Rec Stays,non_rec_stays,Non-Recreation Overnight Stays
CHIS,2018,6,TOS,6953,Total Stays,total_stays,Total Overnight Stays
CHIS,2018,6,TNRVH,23856,Non-Rec Hrs,non_rec_hrs,Total Non-Recreation Visitor Hours
CHIS,2018,12,TRV,15365,Rec Visits,rec_visits,Total Recreation Visits
CHIS,2018,12,TNRV,307,Non-Rec Visits,non_rec_visits,Total Non-Recreation Visits
CHIS,2018,12,TV,15672,Total Visits,total_visits,Total Visits (Recreation + Non-Recreation)
CHIS,2018,12,TRVH,134384,Rec Hrs,rec_hrs,Total Recreation Visitor Hours
CHIS,2018,12,TH,141752,Total Hrs,total_hrs,Total Hours (Recreation + Non-Recreation)
CHIS,2018,12,CL,0,Conc Lodging,conc_lodging,Concessioner Lodging Overnight Stays
CHIS,2018,12,CCG,0,Conc Camp,conc_camp,Concessioner Campground Overnight Stays
CHIS,2018,12,TT,0,Tent Camp,tent_camp,Tent Camping Overnight Stays (NPS)
CHIS,2018,12,TRVS,0,Rec Stays,rec_stays,Total Recreation Overnight Stays
CHIS,2018,12,TTRV,0,Tent & RV,tent_rv,Total Tent and RV Camping Stays
CHIS,2018,12,BC,334,Backcountry,backcountry,Backcountry Camping Overnight Stays
CHIS,2018,12,MISC,364,Misc Stays,misc_stays,Miscellaneous Overnight Stays
CHIS,2018,12,NROS,536,Non-Rec Stays,non_rec_stays,Non-Recreation Overnight Stays
CHIS,2018,12,TOS,1234,Total Stays,total_stays,Total Overnight Stays
CHIS,2018,12,TNRVH,7368,Non-Rec Hrs,non_rec_hrs,Total Non-Recreation Visitor Hours
CHIS,2018,2,TRV,24878,Rec Visits,rec_visits,Total Recreation Visits
CHIS,2018,2,TNRV,397,Non-Rec Visits,non_rec_visits,Total Non-Recreation Visits
CHIS,2018,2,TV,25275,Total Visits,total_visits,Total Visits (Recreation + Non-Recreation)
CHIS,2018,2,TRVH,133415,Rec Hrs,rec_hrs,Total Recreation Visitor Hours
CHIS,2018,2,TH,142943,Total Hrs,total_hrs,Total Hours (Recreation + Non-Recreation)
CHIS,2018,2,CL,0,Conc Lodging,conc_lodging,Concessioner Lodging Overnight Stays
CHIS,2018,2,CCG,0,Conc Camp,conc_camp,Concessioner Campground Overnight Stays
CHIS,2018,2,TT,0,Tent Camp,tent_camp,Tent Camping Overnight Stays (NPS)
CHIS,2018,2,TRVS,0,Rec Stays,rec_stays,Total Recreation Overnight Stays
CHIS,2018,2,TTRV,0,Tent & RV,tent_rv,Total Tent and RV Camping Stays
CHIS,2018,2,BC,523,Backcountry,backcountry,Backcountry Camping Overnight Stays
CHIS,2018,2,MISC,414,Misc Stays,misc_stays,Miscellaneous Overnight Stays
CHIS,2018,2,NROS,477,Non-Rec Stays,non_rec_stays,Non-Recreation Overnight Stays
CHIS,2018,2,TOS,1414,Total Stays,total_stays,Total Overnight Stays
CHIS,2018,2,TNRVH,9528,Non-Rec Hrs,non_rec_hrs,Total Non-Recreation Visitor Hours
CHIS,2018,5,TRV,33616,Rec Visits,rec_visits,Total Recreation Visits
CHIS,2018,5,TNRV,1143,Non-Rec Visits,non_rec_visits,Total Non-Recreation Visits
CHIS,2018,5,TV,34759,Total Visits,total_visits,Total Visits (Recreation + Non-Recreation)
CHIS,2018,5,TRVH,422704,Rec Hrs,rec_hrs,Total Recreation Visitor Hours
CHIS,2018,5,TH,450136,Total Hrs,total_hrs,Total Hours (Recreation + Non-Recreation)
CHIS,2018,5,CL,0,Conc Lodging,conc_lodging,Concessioner Lodging Overnight Stays
CHIS,2018,5,CCG,0,Conc Camp,conc_camp,Concessioner Campground Overnight Stays
CHIS,2018,5,TT,0,Tent Camp,tent_camp,Tent Camping Overnight Stays (NPS)
CHIS,2018,5,TRVS,0,Rec Stays,rec_stays,Total Recreation Overnight Stays
CHIS,2018,5,TTRV,0,Tent & RV,tent_rv,Total Tent and RV Camping Stays
CHIS,2018,5,BC,1979,Backcountry,backcountry,Backcountry Camping Overnight Stays
CHIS,2018,5,MISC,639,Misc Stays,misc_stays,Miscellaneous Overnight Stays
CHIS,2018,5,NROS,1022,Non-Rec Stays,non_rec_stays,Non-Recreation Overnight Stays
CHIS,2018,5,TOS,3640,Total Stays,total_stays,Total Overnight Stays
CHIS,2018,5,TNRVH,27432,Non-Rec Hrs,non_rec_hrs,Total Non-Recreation Visitor Hours
CHIS,2018,8,TRV,39684,Rec Visits,rec_visits,Total Recreation Visits
CHIS,2018,8,TNRV,36,Non-Rec Visits,non_rec_visits,Total Non-Recreation Visits
CHIS,2018,8,TV,39720,Total Visits,total_visits,Total Visits (Recreation + Non-Recreation)
CHIS,2018,8,TRVH,443800,Rec Hrs,rec_hrs,Total Recreation Visitor Hours
CHIS,2018,8,TH,444664,Total Hrs,total_hrs,Total Hours (Recreation + Non-Recreation)
CHIS,2018,8,CL,0,Conc Lodging,conc_lodging,Concessioner Lodging Overnight Stays
CHIS,2018,8,CCG,0,Conc Camp,conc_camp,Concessioner Campground Overnight Stays
CHIS,2018,8,TT,0,Tent Camp,tent_camp,Tent Camping Overnight Stays (NPS)
CHIS,2018,8,TRVS,0,Rec Stays,rec_stays,Total Recreation Overnight Stays
CHIS,2018,8,TTRV,0,Tent & RV,tent_rv,Total Tent and RV Camping Stays
CHIS,2018,8,BC,3377,Backcountry,backcountry,Backcountry Camping Overnight Stays
CHIS,2018,8,MISC,828,Misc Stays,misc_stays,Miscellaneous Overnight Stays
CHIS,2018,8,NROS,54,Non-Rec Stays,non_rec_stays,Non-Recreation Overnight Stays
CHIS,2018,8,TOS,4259,Total Stays,total_stays,Total Overnight Stays
CHIS,2018,8,TNRVH,864,Non-Rec Hrs,non_rec_hrs,Total Non-Recreation Visitor Hours
CHIS,2018,11,TRV,21703,Rec Visits,rec_visits,Total Recreation Visits
CHIS,2018,11,TNRV,579,Non-Rec Visits,non_rec_visits,Total Non-Recreation Visits
CHIS,2018,11,TV,22282,Total Visits,total_visits,Total Visits (Recreation + Non-Recreation)
CHIS,2018,11,TRVH,207970,Rec Hrs,rec_hrs,Total Recreation Visitor Hours
CHIS,2018,11,TH,221866,Total Hrs,total_hrs,Total Hours (Recreation + Non-Recreation)
CHIS,2018,11,CL,0,Conc Lodging,conc_lodging,Concessioner Lodging Overnight Stays
CHIS,2018,11,CCG,0,Conc Camp,conc_camp,Concessioner Campground Overnight Stays
CHIS,2018,11,TT,0,Tent Camp,tent_camp,Tent Camping Overnight Stays (NPS)
CHIS,2018,11,TRVS,0,Rec Stays,rec_stays,Total Recreation Overnight Stays
CHIS,2018,11,TTRV,0,Tent & RV,tent_rv,Total Tent and RV Camping Stays
CHIS,2018,11,BC,1960,Backcountry,backcountry,Backcountry Camping Overnight Stays
CHIS,2018,11,MISC,1197,Misc Stays,misc_stays,Miscellaneous Overnight Stays
CHIS,2018,11,NROS,882,Non-Rec Stays,non_rec_stays,Non-Recreation Overnight Stays
CHIS,2018,11,TOS,4039,Total Stays,total_stays,Total Overnight Stays
CHIS,2018,11,TNRVH,13896,Non-Rec Hrs,non_rec_hrs,Total Non-Recreation Visitor Hours
CHIS,2018,1,TRV,15986,Rec Visits,rec_visits,Total Recreation Visits
CHIS,2018,1,TNRV,420,Non-Rec Visits,non_rec_visits,Total Non-Recreation Visits
CHIS,2018,1,TV,16406,Total Visits,total_visits,Total Visits (Recreation + Non-Recreation)
CHIS,2018,1,TRVH,96626,Rec Hrs,rec_hrs,Total Recreation Visitor Hours
CHIS,2018,1,TH,106706,Total Hrs,total_hrs,Total Hours (Recreation + Non-Recreation)
CHIS,2018,1,CL,0,Conc Lodging,conc_lodging,Concessioner Lodging Overnight Stays
CHIS,2018,1,CCG,0,Conc Camp,conc_camp,Concessioner Campground Overnight Stays
CHIS,2018,1,TT,0,Tent Camp,tent_camp,Tent Camping Overnight Stays (NPS)
CHIS,2018,1,TRVS,0,Rec Stays,rec_stays,Total Recreation Overnight Stays
CHIS,2018,1,TTRV,0,Tent & RV,tent_rv,Total Tent and RV Camping Stays
CHIS,2018,1,BC,284,Backcountry,backcountry,Backcountry Camping Overnight Stays
CHIS,2018,1,MISC,531,Misc Stays,misc_stays,Miscellaneous Overnight Stays
CHIS,2018,1,NROS,562,Non-Rec Stays,non_rec_stays,Non-Recreation Overnight Stays
CHIS,2018,1,TOS,1378,Total Stays,total_stays,Total Overnight Stays
CHIS,2018,1,TNRVH,10080,Non-Rec Hrs,non_rec_hrs,Total Non-Recreation Visitor Hours
CHIS,2018,4,TRV,37565,Rec Visits,rec_visits,Total Recreation Visits
CHIS,2018,4,TNRV,304,Non-Rec Visits,non_rec_visits,Total Non-Recreation Visits
CHIS,2018,4,TV,37869,Total Visits,total_visits,Total Visits (Recreation + Non-Recreation)
CHIS,2018,4,TRVH,419761,Rec Hrs,rec_hrs,Total Recreation Visitor Hours
CHIS,2018,4,TH,427057,Total Hrs,total_hrs,Total Hours (Recreation + Non-Recreation)
CHIS,2018,4,CL,0,Conc Lodging,conc_lodging,Concessioner Lodging Overnight Stays
CHIS,2018,4,CCG,0,Conc Camp,conc_camp,Concessioner Campground Overnight Stays
CHIS,2018,4,TT,0,Tent Camp,tent_camp,Tent Camping Overnight Stays (NPS)
CHIS,2018,4,TRVS,0,Rec Stays,rec_stays,Total Recreation Overnight Stays
CHIS,2018,4,TTRV,0,Tent & RV,tent_rv,Total Tent and RV Camping Stays
CHIS,2018,4,BC,1672,Backcountry,backcountry,Backcountry Camping Overnight Stays
CHIS,2018,4,MISC,1287,Misc Stays,misc_stays,Miscellaneous Overnight Stays
CHIS,2018,4,NROS,2394,Non-Rec Stays,non_rec_stays,Non-Recreation Overnight Stays
CHIS,2018,4,TOS,5353,Total Stays,total_stays,Total Overnight Stays
CHIS,2018,4,TNRVH,7296,Non-Rec Hrs,non_rec_hrs,Total Non-Recreation Visitor Hours
CHIS,2018,7,TRV,49533,Rec Visits,rec_visits,Total Recreation Visits
CHIS,2018,7,TNRV,183,Non-Rec Visits,non_rec_visits,Total Non-Recreation Visits
CHIS,2018,7,TV,49716,Total Visits,total_visits,Total Visits (Recreation + Non-Recreation)
CHIS,2018,7,TRVH,530999,Rec Hrs,rec_hrs,Total Recreation Visitor Hours
CHIS,2018,7,TH,535391,Total Hrs,total_hrs,Total Hours (Recreation + Non-Recreation)
CHIS,2018,7,CL,0,Conc Lodging,conc_lodging,Concessioner Lodging Overnight Stays
CHIS,2018,7,CCG,0,Conc Camp,conc_camp,Concessioner Campground Overnight Stays
CHIS,2018,7,TT,0,Tent Camp,tent_camp,Tent Camping Overnight Stays (NPS)
CHIS,2018,7,TRVS,0,Rec Stays,rec_stays,Total Recreation Overnight Stays
CHIS,2018,7,TTRV,0,Tent & RV,tent_rv,Total Tent and RV Camping Stays
CHIS,2018,7,BC,3301,Backcountry,backcountry,Backcountry Camping Overnight Stays
CHIS,2018,7,MISC,873,Misc Stays,misc_stays,Miscellaneous Overnight Stays
CHIS,2018,7,NROS,27,Non-Rec Stays,non_rec_stays,Non-Recreation Overnight Stays
CHIS,2018,7,TOS,4201,Total Stays,total_stays,Total Overnight Stays
CHIS,2018,7,TNRVH,4392,Non-Rec Hrs,non_rec_hrs,Total Non-Recreation Visitor Hours
CHIS,2018,10,TRV,26844,Rec Visits,rec_visits,Total Recreation Visits
CHIS,2018,10,TNRV,466,Non-Rec Visits,non_rec_visits,Total Non-Recreation Visits
CHIS,2018,10,TV,27310,Total Visits,total_visits,Total Visits (Recreation + Non-Recreation)
CHIS,2018,10,TRVH,281746,Rec Hrs,rec_hrs,Total Recreation Visitor Hours
CHIS,2018,10,TH,292930,Total Hrs,total_hrs,Total Hours (Recreation + Non-Recreation)
CHIS,2018,10,CL,0,Conc Lodging,conc_lodging,Concessioner Lodging Overnight Stays
CHIS,2018,10,CCG,0,Conc Camp,conc_camp,Concessioner Campground Overnight Stays
CHIS,2018,10,TT,0,Tent Camp,tent_camp,Tent Camping Overnight Stays (NPS)
CHIS,2018,10,TRVS,0,Rec Stays,rec_stays,Total Recreation Overnight Stays
CHIS,2018,10,TTRV,0,Tent & RV,tent_rv,Total Tent and RV Camping Stays
CHIS,2018,10,BC,1843,Backcountry,backcountry,Backcountry Camping Overnight Stays
CHIS,2018,10,MISC,2686,Misc Stays,misc_stays,Miscellaneous Overnight Stays
CHIS,2018,10,NROS,333,Non-Rec Stays,non_rec_stays,Non-Recreation Overnight Stays
CHIS,2018,10,TOS,4862,Total Stays,total_stays,Total Overnight Stays
CHIS,2018,10,TNRVH,11184,Non-Rec Hrs,non_rec_hrs,Total Non-Recreation Visitor Hours
CHIS,2016,2,TRV,20168,Rec Visits,rec_visits,Total Recreation Visits
CHIS,2016,2,TNRV,393,Non-Rec Visits,non_rec_visits,Total Non-Recreation Visits
CHIS,2016,2,TV,20561,Total Visits,total_visits,Total Visits (Recreation + Non-Recreation)
CHIS,2016,2,TRVH,104168,Rec Hrs,rec_hrs,Total Recreation Visitor Hours
CHIS,2016,2,TH,113600,Total Hrs,total_hrs,Total Hours (Recreation + Non-Recreation)
CHIS,2016,2,CL,0,Conc Lodging,conc_lodging,Concessioner Lodging Overnight Stays
CHIS,2016,2,CCG,0,Conc Camp,conc_camp,Concessioner Campground Overnight Stays
CHIS,2016,2,TT,0,Tent Camp,tent_camp,Tent Camping Overnight Stays (NPS)
CHIS,2016,2,TRVS,0,Rec Stays,rec_stays,Total Recreation Overnight Stays
CHIS,2016,2,TTRV,0,Tent & RV,tent_rv,Total Tent and RV Camping Stays
CHIS,2016,2,BC,602,Backcountry,backcountry,Backcountry Camping Overnight Stays
CHIS,2016,2,MISC,356,Misc Stays,misc_stays,Miscellaneous Overnight Stays
CHIS,2016,2,NROS,639,Non-Rec Stays,non_rec_stays,Non-Recreation Overnight Stays
CHIS,2016,2,TOS,1596,Total Stays,total_stays,Total Overnight Stays
CHIS,2016,2,TNRVH,9432,Non-Rec Hrs,non_rec_hrs,Total Non-Recreation Visitor Hours
CHIS,2016,12,TRV,19288,Rec Visits,rec_visits,Total Recreation Visits
CHIS,2016,12,TNRV,311,Non-Rec Visits,non_rec_visits,Total Non-Recreation Visits
CHIS,2016,12,TV,19599,Total Visits,total_visits,Total Visits (Recreation + Non-Recreation)
CHIS,2016,12,TRVH,134530,Rec Hrs,rec_hrs,Total Recreation Visitor Hours
CHIS,2016,12,TH,141994,Total Hrs,total_hrs,Total Hours (Recreation + Non-Recreation)
CHIS,2016,12,CL,0,Conc Lodging,conc_lodging,Concessioner Lodging Overnight Stays
CHIS,2016,12,CCG,0,Conc Camp,conc_camp,Concessioner Campground Overnight Stays
CHIS,2016,12,TT,0,Tent Camp,tent_camp,Tent Camping Overnight Stays (NPS)
CHIS,2016,12,TRVS,0,Rec Stays,rec_stays,Total Recreation Overnight Stays
CHIS,2016,12,TTRV,0,Tent & RV,tent_rv,Total Tent and RV Camping Stays
CHIS,2016,12,BC,499,Backcountry,backcountry,Backcountry Camping Overnight Stays
CHIS,2016,12,MISC,472,Misc Stays,misc_stays,Miscellaneous Overnight Stays
CHIS,2016,12,NROS,531,Non-Rec Stays,non_rec_stays,Non-Recreation Overnight Stays
CHIS,2016,12,TOS,1502,Total Stays,total_stays,Total Overnight Stays
CHIS,2016,12,TNRVH,7464,Non-Rec Hrs,non_rec_hrs,Total Non-Recreation Visitor Hours
CHIS,2016,5,TRV,33476,Rec Visits,rec_visits,Total Recreation Visits
CHIS,2016,5,TNRV,758,Non-Rec Visits,non_rec_visits,Total Non-Recreation Visits
CHIS,2016,5,TV,34234,Total Visits,total_visits,Total Visits (Recreation + Non-Recreation)
CHIS,2016,5,TRVH,336460,Rec Hrs,rec_hrs,Total Recreation Visitor Hours
CHIS,2016,5,TH,354652,Total Hrs,total_hrs,Total Hours (Recreation + Non-Recreation)
CHIS,2016,5,CL,0,Conc Lodging,conc_lodging,Concessioner Lodging Overnight Stays
CHIS,2016,5,CCG,0,Conc Camp,conc_camp,Concessioner Campground Overnight Stays
CHIS,2016,5,TT,0,Tent Camp,tent_camp,Tent Camping Overnight Stays (NPS)
CHIS,2016,5,TRVS,0,Rec Stays,rec_stays,Total Recreation Overnight Stays
CHIS,2016,5,TTRV,0,Tent & RV,tent_rv,Total Tent and RV Camping Stays
CHIS,2016,5,BC,2572,Backcountry,backcountry,Backcountry Camping Overnight Stays
CHIS,2016,5,MISC,2070,Misc Stays,misc_stays,Miscellaneous Overnight Stays
CHIS,2016,5,NROS,828,Non-Rec Stays,non_rec_stays,Non-Recreation Overnight Stays
CHIS,2016,5,TOS,5470,Total Stays,total_stays,Total Overnight Stays
CHIS,2016,5,TNRVH,18192,Non-Rec Hrs,non_rec_hrs,Total Non-Recreation Visitor Hours
CHIS,2016,10,TRV,28906,Rec Visits,rec_visits,Total Recreation Visits
CHIS,2016,10,TNRV,560,Non-Rec Visits,non_rec_visits,Total Non-Recreation Visits
CHIS,2016,10,TV,29466,Total Visits,total_visits,Total Visits (Recreation + Non-Recreation)
CHIS,2016,10,TRVH,303311,Rec Hrs,rec_hrs,Total Recreation Visitor Hours
CHIS,2016,10,TH,316751,Total Hrs,total_hrs,Total Hours (Recreation + Non-Recreation)
CHIS,2016,10,CL,0,Conc Lodging,conc_lodging,Concessioner Lodging Overnight Stays
CHIS,2016,10,CCG,0,Conc Camp,conc_camp,Concessioner Campground Overnight Stays
CHIS,2016,10,TT,0,Tent Camp,tent_camp,Tent Camping Overnight Stays (NPS)
CHIS,2016,10,TRVS,0,Rec Stays,rec_stays,Total Recreation Overnight Stays
CHIS,2016,10,TTRV,0,Tent & RV,tent_rv,Total Tent and RV Camping Stays
CHIS,2016,10,BC,1325,Backcountry,backcountry,Backcountry Camping Overnight Stays
CHIS,2016,10,MISC,3114,Misc Stays,misc_stays,Miscellaneous Overnight Stays
CHIS,2016,10,NROS,1084,Non-Rec Stays,non_rec_stays,Non-Recreation Overnight Stays
CHIS,2016,10,TOS,5524,Total Stays,total_stays,Total Overnight Stays
CHIS,2016,10,TNRVH,13440,Non-Rec Hrs,non_rec_hrs,Total Non-Recreation Visitor Hours
CHIS,2016,7,TRV,49119,Rec Visits,rec_visits,Total Recreation Visits
CHIS,2016,7,TNRV,906,Non-Rec Visits,non_rec_visits,Total Non-Recreation Visits
CHIS,2016,7,TV,50025,Total Visits,total_visits,Total Visits (Recreation + Non-Recreation)
CHIS,2016,7,TRVH,526388,Rec Hrs,rec_hrs,Total Recreation Visitor Hours
CHIS,2016,7,TH,548132,Total Hrs,total_hrs,Total Hours (Recreation + Non-Recreation)
CHIS,2016,7,CL,0,Conc Lodging,conc_lodging,Concessioner Lodging Overnight Stays
CHIS,2016,7,CCG,0,Conc Camp,conc_camp,Concessioner Campground Overnight Stays
CHIS,2016,7,TT,0,Tent Camp,tent_camp,Tent Camping Overnight Stays (NPS)
CHIS,2016,7,TRVS,0,Rec Stays,rec_stays,Total Recreation Overnight Stays
CHIS,2016,7,TTRV,0,Tent & RV,tent_rv,Total Tent and RV Camping Stays
CHIS,2016,7,BC,3720,Backcountry,backcountry,Backcountry Camping Overnight Stays
CHIS,2016,7,MISC,3942,Misc Stays,misc_stays,Miscellaneous Overnight Stays
CHIS,2016,7,NROS,1516,Non-Rec Stays,non_rec_stays,Non-Recreation Overnight Stays
CHIS,2016,7,TOS,9178,Total Stays,total_stays,Total Overnight Stays
CHIS,2016,7,TNRVH,21744,Non-Rec Hrs,non_rec_hrs,Total Non-Recreation Visitor Hours
CHIS,2016,11,TRV,20029,Rec Visits,rec_visits,Total Recreation Visits
CHIS,2016,11,TNRV,487,Non-Rec Visits,non_rec_visits,Total Non-Recreation Visits
CHIS,2016,11,TV,20516,Total Visits,total_visits,Total Visits (Recreation + Non-Recreation)
CHIS,2016,11,TRVH,159804,Rec Hrs,rec_hrs,Total Recreation Visitor Hours
CHIS,2016,11,TH,171492,Total Hrs,total_hrs,Total Hours (Recreation + Non-Recreation)
CHIS,2016,11,CL,0,Conc Lodging,conc_lodging,Concessioner Lodging Overnight Stays
CHIS,2016,11,CCG,0,Conc Camp,conc_camp,Concessioner Campground Overnight Stays
CHIS,2016,11,TT,0,Tent Camp,tent_camp,Tent Camping Overnight Stays (NPS)
CHIS,2016,11,TRVS,0,Rec Stays,rec_stays,Total Recreation Overnight Stays
CHIS,2016,11,TTRV,0,Tent & RV,tent_rv,Total Tent and RV Camping Stays
CHIS,2016,11,BC,767,Backcountry,backcountry,Backcountry Camping Overnight Stays
CHIS,2016,11,MISC,918,Misc Stays,misc_stays,Miscellaneous Overnight Stays
CHIS,2016,11,NROS,684,Non-Rec Stays,non_rec_stays,Non-Recreation Overnight Stays
CHIS,2016,11,TOS,2369,Total Stays,total_stays,Total Overnight Stays
CHIS,2016,11,TNRVH,11688,Non-Rec Hrs,non_rec_hrs,Total Non-Recreation Visitor Hours
CHIS,2016,8,TRV,45123,Rec Visits,rec_visits,Total Recreation Visits
CHIS,2016,8,TNRV,689,Non-Rec Visits,non_rec_visits,Total Non-Recreation Visits
CHIS,2016,8,TV,45812,Total Visits,total_visits,Total Visits (Recreation + Non-Recreation)
CHIS,2016,8,TRVH,529788,Rec Hrs,rec_hrs,Total Recreation Visitor Hours
CHIS,2016,8,TH,546324,Total Hrs,total_hrs,Total Hours (Recreation + Non-Recreation)
CHIS,2016,8,CL,0,Conc Lodging,conc_lodging,Concessioner Lodging Overnight Stays
CHIS,2016,8,CCG,0,Conc Camp,conc_camp,Concessioner Campground Overnight Stays
CHIS,2016,8,TT,0,Tent Camp,tent_camp,Tent Camping Overnight Stays (NPS)
CHIS,2016,8,TRVS,0,Rec Stays,rec_stays,Total Recreation Overnight Stays
CHIS,2016,8,TTRV,0,Tent & RV,tent_rv,Total Tent and RV Camping Stays
CHIS,2016,8,BC,4154,Backcountry,backcountry,Backcountry Camping Overnight Stays
CHIS,2016,8,MISC,4928,Misc Stays,misc_stays,Miscellaneous Overnight Stays
CHIS,2016,8,NROS,932,Non-Rec Stays,non_rec_stays,Non-Recreation Overnight Stays
CHIS,2016,8,TOS,10013,Total Stays,total_stays,Total Overnight Stays
CHIS,2016,8,TNRVH,16536,Non-Rec Hrs,non_rec_hrs,Total Non-Recreation Visitor Hours
CHIS,2016,3,TRV,28054,Rec Visits,rec_visits,Total Recreation Visits
CHIS,2016,3,TNRV,467,Non-Rec Visits,non_rec_visits,Total Non-Recreation Visits
CHIS,2016,3,TV,28521,Total Visits,total_visits,Total Visits (Recreation + Non-Recreation)
CHIS,2016,3,TRVH,188205,Rec Hrs,rec_hrs,Total Recreation Visitor Hours
CHIS,2016,3,TH,199413,Total Hrs,total_hrs,Total Hours (Recreation + Non-Recreation)
CHIS,2016,3,CL,0,Conc Lodging,conc_lodging,Concessioner Lodging Overnight Stays
CHIS,2016,3,CCG,0,Conc Camp,conc_camp,Concessioner Campground Overnight Stays
CHIS,2016,3,TT,0,Tent Camp,tent_camp,Tent Camping Overnight Stays (NPS)
CHIS,2016,3,TRVS,0,Rec Stays,rec_stays,Total Recreation Overnight Stays
CHIS,2016,3,TTRV,0,Tent & RV,tent_rv,Total Tent and RV Camping Stays
CHIS,2016,3,BC,1123,Backcountry,backcountry,Backcountry Camping Overnight Stays
CHIS,2016,3,MISC,1728,Misc Stays,misc_stays,Miscellaneous Overnight Stays
CHIS,2016,3,NROS,698,Non-Rec Stays,non_rec_stays,Non-Recreation Overnight Stays
CHIS,2016,3,TOS,3548,Total Stays,total_stays,Total Overnight Stays
CHIS,2016,3,TNRVH,11208,Non-Rec Hrs,non_rec_hrs,Total Non-Recreation Visitor Hours
CHIS,2016,6,TRV,39342,Rec Visits,rec_visits,Total Recreation Visits
CHIS,2016,6,TNRV,1058,Non-Rec Visits,non_rec_visits,Total Non-Recreation Visits
CHIS,2016,6,TV,40400,Total Visits,total_visits,Total Visits (Recreation + Non-Recreation)
CHIS,2016,6,TRVH,444532,Rec Hrs,rec_hrs,Total Recreation Visitor Hours
CHIS,2016,6,TH,469924,Total Hrs,total_hrs,Total Hours (Recreation + Non-Recreation)
CHIS,2016,6,CL,0,Conc Lodging,conc_lodging,Concessioner Lodging Overnight Stays
CHIS,2016,6,CCG,0,Conc Camp,conc_camp,Concessioner Campground Overnight Stays
CHIS,2016,6,TT,0,Tent Camp,tent_camp,Tent Camping Overnight Stays (NPS)
CHIS,2016,6,TRVS,0,Rec Stays,rec_stays,Total Recreation Overnight Stays
CHIS,2016,6,TTRV,0,Tent & RV,tent_rv,Total Tent and RV Camping Stays
CHIS,2016,6,BC,3267,Backcountry,backcountry,Backcountry Camping Overnight Stays
CHIS,2016,6,MISC,2804,Misc Stays,misc_stays,Miscellaneous Overnight Stays
CHIS,2016,6,NROS,1372,Non-Rec Stays,non_rec_stays,Non-Recreation Overnight Stays
CHIS,2016,6,TOS,7443,Total Stays,total_stays,Total Overnight Stays
CHIS,2016,6,TNRVH,25392,Non-Rec Hrs,non_rec_hrs,Total Non-Recreation Visitor Hours
CHIS,2016,1,TRV,15710,Rec Visits,rec_visits,Total Recreation Visits
CHIS,2016,1,TNRV,447,Non-Rec Visits,non_rec_visits,Total Non-Recreation Visits
CHIS,2016,1,TV,16157,Total Visits,total_visits,Total Visits (Recreation + Non-Recreation)
CHIS,2016,1,TRVH,59409,Rec Hrs,rec_hrs,Total Recreation Visitor Hours
CHIS,2016,1,TH,70137,Total Hrs,total_hrs,Total Hours (Recreation + Non-Recreation)
CHIS,2016,1,CL,0,Conc Lodging,conc_lodging,Concessioner Lodging Overnight Stays
CHIS,2016,1,CCG,0,Conc Camp,conc_camp,Concessioner Campground Overnight Stays
CHIS,2016,1,TT,0,Tent Camp,tent_camp,Tent Camping Overnight Stays (NPS)
CHIS,2016,1,TRVS,0,Rec Stays,rec_stays,Total Recreation Overnight Stays
CHIS,2016,1,TTRV,0,Tent & RV,tent_rv,Total Tent and RV Camping Stays
CHIS,2016,1,BC,279,Backcountry,backcountry,Backcountry Camping Overnight Stays
CHIS,2016,1,MISC,441,Misc Stays,misc_stays,Miscellaneous Overnight Stays
CHIS,2016,1,NROS,626,Non-Rec Stays,non_rec_stays,Non-Recreation Overnight Stays
CHIS,2016,1,TOS,1346,Total Stays,total_stays,Total Overnight Stays
CHIS,2016,1,TNRVH,10728,Non-Rec Hrs,non_rec_hrs,Total Non-Recreation Visitor Hours
CHIS,2016,9,TRV,39450,Rec Visits,rec_visits,Total Recreation Visits
CHIS,2016,9,TNRV,700,Non-Rec Visits,non_rec_visits,Total Non-Recreation Visits
CHIS,2016,9,TV,40150,Total Visits,total_visits,Total Visits (Recreation + Non-Recreation)
CHIS,2016,9,TRVH,501250,Rec Hrs,rec_hrs,Total Recreation Visitor Hours
CHIS,2016,9,TH,518050,Total Hrs,total_hrs,Total Hours (Recreation + Non-Recreation)
CHIS,2016,9,CL,0,Conc Lodging,conc_lodging,Concessioner Lodging Overnight Stays
CHIS,2016,9,CCG,0,Conc Camp,conc_camp,Concessioner Campground Overnight Stays
CHIS,2016,9,TT,0,Tent Camp,tent_camp,Tent Camping Overnight Stays (NPS)
CHIS,2016,9,TRVS,0,Rec Stays,rec_stays,Total Recreation Overnight Stays
CHIS,2016,9,TTRV,0,Tent & RV,tent_rv,Total Tent and RV Camping Stays
CHIS,2016,9,BC,3364,Backcountry,backcountry,Backcountry Camping Overnight Stays
CHIS,2016,9,MISC,3996,Misc Stays,misc_stays,Miscellaneous Overnight Stays
CHIS,2016,9,NROS,1058,Non-Rec Stays,non_rec_stays,Non-Recreation Overnight Stays
CHIS,2016,9,TOS,8418,Total Stays,total_stays,Total Overnight Stays
CHIS,2016,9,TNRVH,16800,Non-Rec Hrs,non_rec_hrs,Total Non-Recreation Visitor Hours
CHIS,2016,4,TRV,26142,Rec Visits,rec_visits,Total Recreation Visits
CHIS,2016,4,TNRV,611,Non-Rec Visits,non_rec_visits,Total Non-Recreation Visits
CHIS,2016,4,TV,26753,Total Visits,total_visits,Total Visits (Recreation + Non-Recreation)
CHIS,2016,4,TRVH,177650,Rec Hrs,rec_hrs,Total Recreation Visitor Hours
CHIS,2016,4,TH,192314,Total Hrs,total_hrs,Total Hours (Recreation + Non-Recreation)
CHIS,2016,4,CL,0,Conc Lodging,conc_lodging,Concessioner Lodging Overnight Stays
CHIS,2016,4,CCG,0,Conc Camp,conc_camp,Concessioner Campground Overnight Stays
CHIS,2016,4,TT,0,Tent Camp,tent_camp,Tent Camping Overnight Stays (NPS)
CHIS,2016,4,TRVS,0,Rec Stays,rec_stays,Total Recreation Overnight Stays
CHIS,2016,4,TTRV,0,Tent & RV,tent_rv,Total Tent and RV Camping Stays
CHIS,2016,4,BC,1213,Backcountry,backcountry,Backcountry Camping Overnight Stays
CHIS,2016,4,MISC,1184,Misc Stays,misc_stays,Miscellaneous Overnight Stays
CHIS,2016,4,NROS,720,Non-Rec Stays,non_rec_stays,Non-Recreation Overnight Stays
CHIS,2016,4,TOS,3116,Total Stays,total_stays,Total Overnight Stays
CHIS,2016,4,TNRVH,14664,Non-Rec Hrs,non_rec_hrs,Total Non-Recreation Visitor Hours
CHIS,2019,12,TRV,22062,Rec Visits,rec_visits,Total Recreation Visits
CHIS,2019,12,TNRV,292,Non-Rec Visits,non_rec_visits,Total Non-Recreation Visits
CHIS,2019,12,TV,22354,Total Visits,total_visits,Total Visits (Recreation + Non-Recreation)
CHIS,2019,12,TRVH,265216,Rec Hrs,rec_hrs,Total Recreation Visitor Hours
CHIS,2019,12,TH,272224,Total Hrs,total_hrs,Total Hours (Recreation + Non-Recreation)
CHIS,2019,12,CL,0,Conc Lodging,conc_lodging,Concessioner Lodging Overnight Stays
CHIS,2019,12,CCG,0,Conc Camp,conc_camp,Concessioner Campground Overnight Stays
CHIS,2019,12,TT,0,Tent Camp,tent_camp,Tent Camping Overnight Stays (NPS)
CHIS,2019,12,TRVS,0,Rec Stays,rec_stays,Total Recreation Overnight Stays
CHIS,2019,12,TTRV,0,Tent & RV,tent_rv,Total Tent and RV Camping Stays
CHIS,2019,12,BC,648,Backcountry,backcountry,Backcountry Camping Overnight Stays
CHIS,2019,12,MISC,864,Misc Stays,misc_stays,Miscellaneous Overnight Stays
CHIS,2019,12,NROS,674,Non-Rec Stays,non_rec_stays,Non-Recreation Overnight Stays
CHIS,2019,12,TOS,2186,Total Stays,total_stays,Total Overnight Stays
CHIS,2019,12,TNRVH,7008,Non-Rec Hrs,non_rec_hrs,Total Non-Recreation Visitor Hours
CHIS,2019,9,TRV,38681,Rec Visits,rec_visits,Total Recreation Visits
CHIS,2019,9,TNRV,348,Non-Rec Visits,non_rec_visits,Total Non-Recreation Visits
CHIS,2019,9,TV,39029,Total Visits,total_visits,Total Visits (Recreation + Non-Recreation)
CHIS,2019,9,TRVH,542859,Rec Hrs,rec_hrs,Total Recreation Visitor Hours
CHIS,2019,9,TH,551202,Total Hrs,total_hrs,Total Hours (Recreation + Non-Recreation)
CHIS,2019,9,CL,0,Conc Lodging,conc_lodging,Concessioner Lodging Overnight Stays
CHIS,2019,9,CCG,0,Conc Camp,conc_camp,Concessioner Campground Overnight Stays
CHIS,2019,9,TT,0,Tent Camp,tent_camp,Tent Camping Overnight Stays (NPS)
CHIS,2019,9,TRVS,0,Rec Stays,rec_stays,Total Recreation Overnight Stays
CHIS,2019,9,TTRV,0,Tent & RV,tent_rv,Total Tent and RV Camping Stays
CHIS,2019,9,BC,2791,Backcountry,backcountry,Backcountry Camping Overnight Stays
CHIS,2019,9,MISC,8708,Misc Stays,misc_stays,Miscellaneous Overnight Stays
CHIS,2019,9,NROS,936,Non-Rec Stays,non_rec_stays,Non-Recreation Overnight Stays
CHIS,2019,9,TOS,12434,Total Stays,total_stays,Total Overnight Stays
CHIS,2019,9,TNRVH,8344,Non-Rec Hrs,non_rec_hrs,Total Non-Recreation Visitor Hours
CHIS,2019,6,TRV,44915,Rec Visits,rec_visits,Total Recreation Visits
CHIS,2019,6,TNRV,481,Non-Rec Visits,non_rec_visits,Total Non-Recreation Visits
CHIS,2019,6,TV,45396,Total Visits,total_visits,Total Visits (Recreation + Non-Recreation)
CHIS,2019,6,TRVH,609130,Rec Hrs,rec_hrs,Total Recreation Visitor Hours
CHIS,2019,6,TH,620675,Total Hrs,total_hrs,Total Hours (Recreation + Non-Recreation)
CHIS,2019,6,CL,0,Conc Lodging,conc_lodging,Concessioner Lodging Overnight Stays
CHIS,2019,6,CCG,0,Conc Camp,conc_camp,Concessioner Campground Overnight Stays
CHIS,2019,6,TT,0,Tent Camp,tent_camp,Tent Camping Overnight Stays (NPS)
CHIS,2019,6,TRVS,0,Rec Stays,rec_stays,Total Recreation Overnight Stays
CHIS,2019,6,TTRV,0,Tent & RV,tent_rv,Total Tent and RV Camping Stays
CHIS,2019,6,BC,2484,Backcountry,backcountry,Backcountry Camping Overnight Stays
CHIS,2019,6,MISC,4334,Misc Stays,misc_stays,Miscellaneous Overnight Stays
CHIS,2019,6,NROS,600,Non-Rec Stays,non_rec_stays,Non-Recreation Overnight Stays
CHIS,2019,6,TOS,7418,Total Stays,total_stays,Total Overnight Stays
CHIS,2019,6,TNRVH,11545,Non-Rec Hrs,non_rec_hrs,Total Non-Recreation Visitor Hours
CHIS,2019,2,TRV,22263,Rec Visits,rec_visits,Total Recreation Visits
CHIS,2019,2,TNRV,281,Non-Rec Visits,non_rec_visits,Total Non-Recreation Visits
CHIS,2019,2,TV,22544,Total Visits,total_visits,Total Visits (Recreation + Non-Recreation)
CHIS,2019,2,TRVH,229853,Rec Hrs,rec_hrs,Total Recreation Visitor Hours
CHIS,2019,2,TH,236597,Total Hrs,total_hrs,Total Hours (Recreation + Non-Recreation)
CHIS,2019,2,CL,0,Conc Lodging,conc_lodging,Concessioner Lodging Overnight Stays
CHIS,2019,2,CCG,0,Conc Camp,conc_camp,Concessioner Campground Overnight Stays
CHIS,2019,2,TT,0,Tent Camp,tent_camp,Tent Camping Overnight Stays (NPS)
CHIS,2019,2,TRVS,0,Rec Stays,rec_stays,Total Recreation Overnight Stays
CHIS,2019,2,TTRV,0,Tent & RV,tent_rv,Total Tent and RV Camping Stays
CHIS,2019,2,BC,722,Backcountry,backcountry,Backcountry Camping Overnight Stays
CHIS,2019,2,MISC,504,Misc Stays,misc_stays,Miscellaneous Overnight Stays
CHIS,2019,2,NROS,342,Non-Rec Stays,non_rec_stays,Non-Recreation Overnight Stays
CHIS,2019,2,TOS,1568,Total Stays,total_stays,Total Overnight Stays
CHIS,2019,2,TNRVH,6744,Non-Rec Hrs,non_rec_hrs,Total Non-Recreation Visitor Hours
CHIS,2019,5,TRV,39070,Rec Visits,rec_visits,Total Recreation Visits
CHIS,2019,5,TNRV,745,Non-Rec Visits,non_rec_visits,Total Non-Recreation Visits
CHIS,2019,5,TV,39816,Total Visits,total_visits,Total Visits (Recreation + Non-Recreation)
CHIS,2019,5,TRVH,504262,Rec Hrs,rec_hrs,Total Recreation Visitor Hours
CHIS,2019,5,TH,522152,Total Hrs,total_hrs,Total Hours (Recreation + Non-Recreation)
CHIS,2019,5,CL,0,Conc Lodging,conc_lodging,Concessioner Lodging Overnight Stays
CHIS,2019,5,CCG,0,Conc Camp,conc_camp,Concessioner Campground Overnight Stays
CHIS,2019,5,TT,0,Tent Camp,tent_camp,Tent Camping Overnight Stays (NPS)
CHIS,2019,5,TRVS,0,Rec Stays,rec_stays,Total Recreation Overnight Stays
CHIS,2019,5,TTRV,0,Tent & RV,tent_rv,Total Tent and RV Camping Stays
CHIS,2019,5,BC,1962,Backcountry,backcountry,Backcountry Camping Overnight Stays
CHIS,2019,5,MISC,3528,Misc Stays,misc_stays,Miscellaneous Overnight Stays
CHIS,2019,5,NROS,576,Non-Rec Stays,non_rec_stays,Non-Recreation Overnight Stays
CHIS,2019,5,TOS,6066,Total Stays,total_stays,Total Overnight Stays
CHIS,2019,5,TNRVH,17889,Non-Rec Hrs,non_rec_hrs,Total Non-Recreation Visitor Hours
CHIS,2019,11,TRV,25212,Rec Visits,rec_visits,Total Recreation Visits
CHIS,2019,11,TNRV,279,Non-Rec Visits,non_rec_visits,Total Non-Recreation Visits
CHIS,2019,11,TV,25491,Total Visits,total_visits,Total Visits (Recreation + Non-Recreation)
CHIS,2019,11,TRVH,333865,Rec Hrs,rec_hrs,Total Recreation Visitor Hours
CHIS,2019,11,TH,340569,Total Hrs,total_hrs,Total Hours (Recreation + Non-Recreation)
CHIS,2019,11,CL,0,Conc Lodging,conc_lodging,Concessioner Lodging Overnight Stays
CHIS,2019,11,CCG,0,Conc Camp,conc_camp,Concessioner Campground Overnight Stays
CHIS,2019,11,TT,0,Tent Camp,tent_camp,Tent Camping Overnight Stays (NPS)
CHIS,2019,11,TRVS,0,Rec Stays,rec_stays,Total Recreation Overnight Stays
CHIS,2019,11,TTRV,0,Tent & RV,tent_rv,Total Tent and RV Camping Stays
CHIS,2019,11,BC,1066,Backcountry,backcountry,Backcountry Camping Overnight Stays
CHIS,2019,11,MISC,2344,Misc Stays,misc_stays,Miscellaneous Overnight Stays
CHIS,2019,11,NROS,874,Non-Rec Stays,non_rec_stays,Non-Recreation Overnight Stays
CHIS,2019,11,TOS,4284,Total Stays,total_stays,Total Overnight Stays
CHIS,2019,11,TNRVH,6704,Non-Rec Hrs,non_rec_hrs,Total Non-Recreation Visitor Hours
CHIS,2019,8,TRV,49793,Rec Visits,rec_visits,Total Recreation Visits
CHIS,2019,8,TNRV,333,Non-Rec Visits,non_rec_visits,Total Non-Recreation Visits
CHIS,2019,8,TV,50126,Total Visits,total_visits,Total Visits (Recreation + Non-Recreation)
CHIS,2019,8,TRVH,743094,Rec Hrs,rec_hrs,Total Recreation Visitor Hours
CHIS,2019,8,TH,751089,Total Hrs,total_hrs,Total Hours (Recreation + Non-Recreation)
CHIS,2019,8,CL,0,Conc Lodging,conc_lodging,Concessioner Lodging Overnight Stays
CHIS,2019,8,CCG,0,Conc Camp,conc_camp,Concessioner Campground Overnight Stays
CHIS,2019,8,TT,0,Tent Camp,tent_camp,Tent Camping Overnight Stays (NPS)
CHIS,2019,8,TRVS,0,Rec Stays,rec_stays,Total Recreation Overnight Stays
CHIS,2019,8,TTRV,0,Tent & RV,tent_rv,Total Tent and RV Camping Stays
CHIS,2019,8,BC,3506,Backcountry,backcountry,Backcountry Camping Overnight Stays
CHIS,2019,8,MISC,8374,Misc Stays,misc_stays,Miscellaneous Overnight Stays
CHIS,2019,8,NROS,778,Non-Rec Stays,non_rec_stays,Non-Recreation Overnight Stays
CHIS,2019,8,TOS,12658,Total Stays,total_stays,Total Overnight Stays
CHIS,2019,8,TNRVH,7995,Non-Rec Hrs,non_rec_hrs,Total Non-Recreation Visitor Hours
CHIS,2019,1,TRV,9193,Rec Visits,rec_visits,Total Recreation Visits
CHIS,2019,1,TNRV,175,Non-Rec Visits,non_rec_visits,Total Non-Recreation Visits
CHIS,2019,1,TV,9368,Total Visits,total_visits,Total Visits (Recreation + Non-Recreation)
CHIS,2019,1,TRVH,146626,Rec Hrs,rec_hrs,Total Recreation Visitor Hours
CHIS,2019,1,TH,150826,Total Hrs,total_hrs,Total Hours (Recreation + Non-Recreation)
CHIS,2019,1,CL,0,Conc Lodging,conc_lodging,Concessioner Lodging Overnight Stays
CHIS,2019,1,CCG,0,Conc Camp,conc_camp,Concessioner Campground Overnight Stays
CHIS,2019,1,TT,0,Tent Camp,tent_camp,Tent Camping Overnight Stays (NPS)
CHIS,2019,1,TRVS,0,Rec Stays,rec_stays,Total Recreation Overnight Stays
CHIS,2019,1,TTRV,0,Tent & RV,tent_rv,Total Tent and RV Camping Stays
CHIS,2019,1,BC,691,Backcountry,backcountry,Backcountry Camping Overnight Stays
CHIS,2019,1,MISC,896,Misc Stays,misc_stays,Miscellaneous Overnight Stays
CHIS,2019,1,NROS,688,Non-Rec Stays,non_rec_stays,Non-Recreation Overnight Stays
CHIS,2019,1,TOS,2274,Total Stays,total_stays,Total Overnight Stays
CHIS,2019,1,TNRVH,4200,Non-Rec Hrs,non_rec_hrs,Total Non-Recreation Visitor Hours
CHIS,2019,4,TRV,39218,Rec Visits,rec_visits,Total Recreation Visits
CHIS,2019,4,TNRV,406,Non-Rec Visits,non_rec_visits,Total Non-Recreation Visits
CHIS,2019,4,TV,39624,Total Visits,total_visits,Total Visits (Recreation + Non-Recreation)
CHIS,2019,4,TRVH,484974,Rec Hrs,rec_hrs,Total Recreation Visitor Hours
CHIS,2019,4,TH,494718,Total Hrs,total_hrs,Total Hours (Recreation + Non-Recreation)
CHIS,2019,4,CL,0,Conc Lodging,conc_lodging,Concessioner Lodging Overnight Stays
CHIS,2019,4,CCG,0,Conc Camp,conc_camp,Concessioner Campground Overnight Stays
CHIS,2019,4,TT,0,Tent Camp,tent_camp,Tent Camping Overnight Stays (NPS)
CHIS,2019,4,TRVS,0,Rec Stays,rec_stays,Total Recreation Overnight Stays
CHIS,2019,4,TTRV,0,Tent & RV,tent_rv,Total Tent and RV Camping Stays
CHIS,2019,4,BC,2724,Backcountry,backcountry,Backcountry Camping Overnight Stays
CHIS,2019,4,MISC,2142,Misc Stays,misc_stays,Miscellaneous Overnight Stays
CHIS,2019,4,NROS,458,Non-Rec Stays,non_rec_stays,Non-Recreation Overnight Stays
CHIS,2019,4,TOS,5324,Total Stays,total_stays,Total Overnight Stays
CHIS,2019,4,TNRVH,9744,Non-Rec Hrs,non_rec_hrs,Total Non-Recreation Visitor Hours
CHIS,2019,7,TRV,47581,Rec Visits,rec_visits,Total Recreation Visits
CHIS,2019,7,TNRV,508,Non-Rec Visits,non_rec_visits,Total Non-Recreation Visits
CHIS,2019,7,TV,48090,Total Visits,total_visits,Total Visits (Recreation + Non-Recreation)
CHIS,2019,7,TRVH,564097,Rec Hrs,rec_hrs,Total Recreation Visitor Hours
CHIS,2019,7,TH,576299,Total Hrs,total_hrs,Total Hours (Recreation + Non-Recreation)
CHIS,2019,7,CL,0,Conc Lodging,conc_lodging,Concessioner Lodging Overnight Stays
CHIS,2019,7,CCG,0,Conc Camp,conc_camp,Concessioner Campground Overnight Stays
CHIS,2019,7,TT,0,Tent Camp,tent_camp,Tent Camping Overnight Stays (NPS)
CHIS,2019,7,TRVS,0,Rec Stays,rec_stays,Total Recreation Overnight Stays
CHIS,2019,7,TTRV,0,Tent & RV,tent_rv,Total Tent and RV Camping Stays
CHIS,2019,7,BC,3019,Backcountry,backcountry,Backcountry Camping Overnight Stays
CHIS,2019,7,MISC,6566,Misc Stays,misc_stays,Miscellaneous Overnight Stays
CHIS,2019,7,NROS,730,Non-Rec Stays,non_rec_stays,Non-Recreation Overnight Stays
CHIS,2019,7,TOS,10314,Total Stays,total_stays,Total Overnight Stays
CHIS,2019,7,TNRVH,12202,Non-Rec Hrs,non_rec_hrs,Total Non-Recreation Visitor Hours
CHIS,2019,10,TRV,36691,Rec Visits,rec_visits,Total Recreation Visits
CHIS,2019,10,TNRV,223,Non-Rec Visits,non_rec_visits,Total Non-Recreation Visits
CHIS,2019,10,TV,36914,Total Visits,total_visits,Total Visits (Recreation + Non-Recreation)
CHIS,2019,10,TRVH,583282,Rec Hrs,rec_hrs,Total Recreation Visitor Hours
CHIS,2019,10,TH,588641,Total Hrs,total_hrs,Total Hours (Recreation + Non-Recreation)
CHIS,2019,10,CL,0,Conc Lodging,conc_lodging,Concessioner Lodging Overnight Stays
CHIS,2019,10,CCG,0,Conc Camp,conc_camp,Concessioner Campground Overnight Stays
CHIS,2019,10,TT,0,Tent Camp,tent_camp,Tent Camping Overnight Stays (NPS)
CHIS,2019,10,TRVS,0,Rec Stays,rec_stays,Total Recreation Overnight Stays
CHIS,2019,10,TTRV,0,Tent & RV,tent_rv,Total Tent and RV Camping Stays
CHIS,2019,10,BC,1528,Backcountry,backcountry,Backcountry Camping Overnight Stays
CHIS,2019,10,MISC,5229,Misc Stays,misc_stays,Miscellaneous Overnight Stays
CHIS,2019,10,NROS,782,Non-Rec Stays,non_rec_stays,Non-Recreation Overnight Stays
CHIS,2019,10,TOS,7539,Total Stays,total_stays,Total Overnight Stays
CHIS,2019,10,TNRVH,5359,Non-Rec Hrs,non_rec_hrs,Total Non-Recreation Visitor Hours
CHIS,2019,3,TRV,34951,Rec Visits,rec_visits,Total Recreation Visits
CHIS,2019,3,TNRV,374,Non-Rec Visits,non_rec_visits,Total Non-Recreation Visits
CHIS,2019,3,TV,35325,Total Visits,total_visits,Total Visits (Recreation + Non-Recreation)
CHIS,2019,3,TRVH,404187,Rec Hrs,rec_hrs,Total Recreation Visitor Hours
CHIS,2019,3,TH,413159,Total Hrs,total_hrs,Total Hours (Recreation + Non-Recreation)
CHIS,2019,3,CL,0,Conc Lodging,conc_lodging,Concessioner Lodging Overnight Stays
CHIS,2019,3,CCG,0,Conc Camp,conc_camp,Concessioner Campground Overnight Stays
CHIS,2019,3,TT,0,Tent Camp,tent_camp,Tent Camping Overnight Stays (NPS)
CHIS,2019,3,TRVS,0,Rec Stays,rec_stays,Total Recreation Overnight Stays
CHIS,2019,3,TTRV,0,Tent & RV,tent_rv,Total Tent and RV Camping Stays
CHIS,2019,3,BC,2270,Backcountry,backcountry,Backcountry Camping Overnight Stays
CHIS,2019,3,MISC,1588,Misc Stays,misc_stays,Miscellaneous Overnight Stays
CHIS,2019,3,NROS,450,Non-Rec Stays,non_rec_stays,Non-Recreation Overnight Stays
CHIS,2019,3,TOS,4308,Total Stays,total_stays,Total Overnight Stays
CHIS,2019,3,TNRVH,8971,Non-Rec Hrs,non_rec_hrs,Total Non-Recreation Visitor Hours
CHIS,2017,10,TRV,25495,Rec Visits,rec_visits,Total Recreation Visits
CHIS,2017,10,TNRV,1046,Non-Rec Visits,non_rec_visits,Total Non-Recreation Visits
CHIS,2017,10,TV,26541,Total Visits,total_visits,Total Visits (Recreation + Non-Recreation)
CHIS,2017,10,TRVH,262857,Rec Hrs,rec_hrs,Total Recreation Visitor Hours
CHIS,2017,10,TH,287961,Total Hrs,total_hrs,Total Hours (Recreation + Non-Recreation)
CHIS,2017,10,CL,0,Conc Lodging,conc_lodging,Concessioner Lodging Overnight Stays
CHIS,2017,10,CCG,0,Conc Camp,conc_camp,Concessioner Campground Overnight Stays
CHIS,2017,10,TT,0,Tent Camp,tent_camp,Tent Camping Overnight Stays (NPS)
CHIS,2017,10,TRVS,0,Rec Stays,rec_stays,Total Recreation Overnight Stays
CHIS,2017,10,TTRV,0,Tent & RV,tent_rv,Total Tent and RV Camping Stays
CHIS,2017,10,BC,2084,Backcountry,backcountry,Backcountry Camping Overnight Stays
CHIS,2017,10,MISC,2934,Misc Stays,misc_stays,Miscellaneous Overnight Stays
CHIS,2017,10,NROS,1521,Non-Rec Stays,non_rec_stays,Non-Recreation Overnight Stays
CHIS,2017,10,TOS,6539,Total Stays,total_stays,Total Overnight Stays
CHIS,2017,10,TNRVH,25104,Non-Rec Hrs,non_rec_hrs,Total Non-Recreation Visitor Hours
CHIS,2017,7,TRV,56194,Rec Visits,rec_visits,Total Recreation Visits
CHIS,2017,7,TNRV,1082,Non-Rec Visits,non_rec_visits,Total Non-Recreation Visits
CHIS,2017,7,TV,57276,Total Visits,total_visits,Total Visits (Recreation + Non-Recreation)
CHIS,2017,7,TRVH,677662,Rec Hrs,rec_hrs,Total Recreation Visitor Hours
CHIS,2017,7,TH,703630,Total Hrs,total_hrs,Total Hours (Recreation + Non-Recreation)
CHIS,2017,7,CL,0,Conc Lodging,conc_lodging,Concessioner Lodging Overnight Stays
CHIS,2017,7,CCG,0,Conc Camp,conc_camp,Concessioner Campground Overnight Stays
CHIS,2017,7,TT,0,Tent Camp,tent_camp,Tent Camping Overnight Stays (NPS)
CHIS,2017,7,TRVS,0,Rec Stays,rec_stays,Total Recreation Overnight Stays
CHIS,2017,7,TTRV,0,Tent & RV,tent_rv,Total Tent and RV Camping Stays
CHIS,2017,7,BC,3729,Backcountry,backcountry,Backcountry Camping Overnight Stays
CHIS,2017,7,MISC,3285,Misc Stays,misc_stays,Miscellaneous Overnight Stays
CHIS,2017,7,NROS,1256,Non-Rec Stays,non_rec_stays,Non-Recreation Overnight Stays
CHIS,2017,7,TOS,8270,Total Stays,total_stays,Total Overnight Stays
CHIS,2017,7,TNRVH,25968,Non-Rec Hrs,non_rec_hrs,Total Non-Recreation Visitor Hours
CHIS,2017,4,TRV,33888,Rec Visits,rec_visits,Total Recreation Visits
CHIS,2017,4,TNRV,1070,Non-Rec Visits,non_rec_visits,Total Non-Recreation Visits
CHIS,2017,4,TV,34958,Total Visits,total_visits,Total Visits (Recreation + Non-Recreation)
CHIS,2017,4,TRVH,322936,Rec Hrs,rec_hrs,Total Recreation Visitor Hours
CHIS,2017,4,TH,348616,Total Hrs,total_hrs,Total Hours (Recreation + Non-Recreation)
CHIS,2017,4,CL,0,Conc Lodging,conc_lodging,Concessioner Lodging Overnight Stays
CHIS,2017,4,CCG,0,Conc Camp,conc_camp,Concessioner Campground Overnight Stays
CHIS,2017,4,TT,0,Tent Camp,tent_camp,Tent Camping Overnight Stays (NPS)
CHIS,2017,4,TRVS,0,Rec Stays,rec_stays,Total Recreation Overnight Stays
CHIS,2017,4,TTRV,0,Tent & RV,tent_rv,Total Tent and RV Camping Stays
CHIS,2017,4,BC,1775,Backcountry,backcountry,Backcountry Camping Overnight Stays
CHIS,2017,4,MISC,1328,Misc Stays,misc_stays,Miscellaneous Overnight Stays
CHIS,2017,4,NROS,594,Non-Rec Stays,non_rec_stays,Non-Recreation Overnight Stays
CHIS,2017,4,TOS,3696,Total Stays,total_stays,Total Overnight Stays
CHIS,2017,4,TNRVH,25680,Non-Rec Hrs,non_rec_hrs,Total Non-Recreation Visitor Hours
CHIS,2017,2,TRV,20325,Rec Visits,rec_visits,Total Recreation Visits
CHIS,2017,2,TNRV,396,Non-Rec Visits,non_rec_visits,Total Non-Recreation Visits
CHIS,2017,2,TV,20721,Total Visits,total_visits,Total Visits (Recreation + Non-Recreation)
CHIS,2017,2,TRVH,104978,Rec Hrs,rec_hrs,Total Recreation Visitor Hours
CHIS,2017,2,TH,114482,Total Hrs,total_hrs,Total Hours (Recreation + Non-Recreation)
CHIS,2017,2,CL,0,Conc Lodging,conc_lodging,Concessioner Lodging Overnight Stays
CHIS,2017,2,CCG,0,Conc Camp,conc_camp,Concessioner Campground Overnight Stays
CHIS,2017,2,TT,0,Tent Camp,tent_camp,Tent Camping Overnight Stays (NPS)
CHIS,2017,2,TRVS,0,Rec Stays,rec_stays,Total Recreation Overnight Stays
CHIS,2017,2,TTRV,0,Tent & RV,tent_rv,Total Tent and RV Camping Stays
CHIS,2017,2,BC,226,Backcountry,backcountry,Backcountry Camping Overnight Stays
CHIS,2017,2,MISC,346,Misc Stays,misc_stays,Miscellaneous Overnight Stays
CHIS,2017,2,NROS,450,Non-Rec Stays,non_rec_stays,Non-Recreation Overnight Stays
CHIS,2017,2,TOS,1022,Total Stays,total_stays,Total Overnight Stays
CHIS,2017,2,TNRVH,9504,Non-Rec Hrs,non_rec_hrs,Total Non-Recreation Visitor Hours
CHIS,2017,8,TRV,40750,Rec Visits,rec_visits,Total Recreation Visits
CHIS,2017,8,TNRV,734,Non-Rec Visits,non_rec_visits,Total Non-Recreation Visits
CHIS,2017,8,TV,41484,Total Visits,total_visits,Total Visits (Recreation + Non-Recreation)
CHIS,2017,8,TRVH,492759,Rec Hrs,rec_hrs,Total Recreation Visitor Hours
CHIS,2017,8,TH,510375,Total Hrs,total_hrs,Total Hours (Recreation + Non-Recreation)
CHIS,2017,8,CL,0,Conc Lodging,conc_lodging,Concessioner Lodging Overnight Stays
CHIS,2017,8,CCG,0,Conc Camp,conc_camp,Concessioner Campground Overnight Stays
CHIS,2017,8,TT,0,Tent Camp,tent_camp,Tent Camping Overnight Stays (NPS)
CHIS,2017,8,TRVS,0,Rec Stays,rec_stays,Total Recreation Overnight Stays
CHIS,2017,8,TTRV,0,Tent & RV,tent_rv,Total Tent and RV Camping Stays
CHIS,2017,8,BC,3107,Backcountry,backcountry,Backcountry Camping Overnight Stays
CHIS,2017,8,MISC,5049,Misc Stays,misc_stays,Miscellaneous Overnight Stays
CHIS,2017,8,NROS,1156,Non-Rec Stays,non_rec_stays,Non-Recreation Overnight Stays
CHIS,2017,8,TOS,9312,Total Stays,total_stays,Total Overnight Stays
CHIS,2017,8,TNRVH,17616,Non-Rec Hrs,non_rec_hrs,Total Non-Recreation Visitor Hours
CHIS,2017,5,TRV,37528,Rec Visits,rec_visits,Total Recreation Visits
CHIS,2017,5,TNRV,2495,Non-Rec Visits,non_rec_visits,Total Non-Recreation Visits
CHIS,2017,5,TV,40023,Total Visits,total_visits,Total Visits (Recreation + Non-Recreation)
CHIS,2017,5,TRVH,443485,Rec Hrs,rec_hrs,Total Recreation Visitor Hours
CHIS,2017,5,TH,503365,Total Hrs,total_hrs,Total Hours (Recreation + Non-Recreation)
CHIS,2017,5,CL,0,Conc Lodging,conc_lodging,Concessioner Lodging Overnight Stays
CHIS,2017,5,CCG,0,Conc Camp,conc_camp,Concessioner Campground Overnight Stays
CHIS,2017,5,TT,0,Tent Camp,tent_camp,Tent Camping Overnight Stays (NPS)
CHIS,2017,5,TRVS,0,Rec Stays,rec_stays,Total Recreation Overnight Stays
CHIS,2017,5,TTRV,0,Tent & RV,tent_rv,Total Tent and RV Camping Stays
CHIS,2017,5,BC,2747,Backcountry,backcountry,Backcountry Camping Overnight Stays
CHIS,2017,5,MISC,2732,Misc Stays,misc_stays,Miscellaneous Overnight Stays
CHIS,2017,5,NROS,2830,Non-Rec Stays,non_rec_stays,Non-Recreation Overnight Stays
CHIS,2017,5,TOS,8309,Total Stays,total_stays,Total Overnight Stays
CHIS,2017,5,TNRVH,59880,Non-Rec Hrs,non_rec_hrs,Total Non-Recreation Visitor Hours
CHIS,2017,3,TRV,32263,Rec Visits,rec_visits,Total Recreation Visits
CHIS,2017,3,TNRV,1125,Non-Rec Visits,non_rec_visits,Total Non-Recreation Visits
CHIS,2017,3,TV,33388,Total Visits,total_visits,Total Visits (Recreation + Non-Recreation)
CHIS,2017,3,TRVH,259306,Rec Hrs,rec_hrs,Total Recreation Visitor Hours
CHIS,2017,3,TH,286306,Total Hrs,total_hrs,Total Hours (Recreation + Non-Recreation)
CHIS,2017,3,CL,0,Conc Lodging,conc_lodging,Concessioner Lodging Overnight Stays
CHIS,2017,3,CCG,0,Conc Camp,conc_camp,Concessioner Campground Overnight Stays
CHIS,2017,3,TT,0,Tent Camp,tent_camp,Tent Camping Overnight Stays (NPS)
CHIS,2017,3,TRVS,0,Rec Stays,rec_stays,Total Recreation Overnight Stays
CHIS,2017,3,TTRV,0,Tent & RV,tent_rv,Total Tent and RV Camping Stays
CHIS,2017,3,BC,1309,Backcountry,backcountry,Backcountry Camping Overnight Stays
CHIS,2017,3,MISC,1714,Misc Stays,misc_stays,Miscellaneous Overnight Stays
CHIS,2017,3,NROS,1098,Non-Rec Stays,non_rec_stays,Non-Recreation Overnight Stays
CHIS,2017,3,TOS,4122,Total Stays,total_stays,Total Overnight Stays
CHIS,2017,3,TNRVH,27000,Non-Rec Hrs,non_rec_hrs,Total Non-Recreation Visitor Hours
CHIS,2017,11,TRV,23696,Rec Visits,rec_visits,Total Recreation Visits
CHIS,2017,11,TNRV,701,Non-Rec Visits,non_rec_visits,Total Non-Recreation Visits
CHIS,2017,11,TV,24397,Total Visits,total_visits,Total Visits (Recreation + Non-Recreation)
CHIS,2017,11,TRVH,200131,Rec Hrs,rec_hrs,Total Recreation Visitor Hours
CHIS,2017,11,TH,216955,Total Hrs,total_hrs,Total Hours (Recreation + Non-Recreation)
CHIS,2017,11,CL,0,Conc Lodging,conc_lodging,Concessioner Lodging Overnight Stays
CHIS,2017,11,CCG,0,Conc Camp,conc_camp,Concessioner Campground Overnight Stays
CHIS,2017,11,TT,0,Tent Camp,tent_camp,Tent Camping Overnight Stays (NPS)
CHIS,2017,11,TRVS,0,Rec Stays,rec_stays,Total Recreation Overnight Stays
CHIS,2017,11,TTRV,0,Tent & RV,tent_rv,Total Tent and RV Camping Stays
CHIS,2017,11,BC,1019,Backcountry,backcountry,Backcountry Camping Overnight Stays
CHIS,2017,11,MISC,1336,Misc Stays,misc_stays,Miscellaneous Overnight Stays
CHIS,2017,11,NROS,914,Non-Rec Stays,non_rec_stays,Non-Recreation Overnight Stays
CHIS,2017,11,TOS,3269,Total Stays,total_stays,Total Overnight Stays
CHIS,2017,11,TNRVH,16824,Non-Rec Hrs,non_rec_hrs,Total Non-Recreation Visitor Hours
CHIS,2017,9,TRV,33063,Rec Visits,rec_visits,Total Recreation Visits
CHIS,2017,9,TNRV,834,Non-Rec Visits,non_rec_visits,Total Non-Recreation Visits
CHIS,2017,9,TV,33897,Total Visits,total_visits,Total Visits (Recreation + Non-Recreation)
CHIS,2017,9,TRVH,391828,Rec Hrs,rec_hrs,Total Recreation Visitor Hours
CHIS,2017,9,TH,411844,Total Hrs,total_hrs,Total Hours (Recreation + Non-Recreation)
CHIS,2017,9,CL,0,Conc Lodging,conc_lodging,Concessioner Lodging Overnight Stays
CHIS,2017,9,CCG,0,Conc Camp,conc_camp,Concessioner Campground Overnight Stays
CHIS,2017,9,TT,0,Tent Camp,tent_camp,Tent Camping Overnight Stays (NPS)
CHIS,2017,9,TRVS,0,Rec Stays,rec_stays,Total Recreation Overnight Stays
CHIS,2017,9,TTRV,0,Tent & RV,tent_rv,Total Tent and RV Camping Stays
CHIS,2017,9,BC,3189,Backcountry,backcountry,Backcountry Camping Overnight Stays
CHIS,2017,9,MISC,4964,Misc Stays,misc_stays,Miscellaneous Overnight Stays
CHIS,2017,9,NROS,608,Non-Rec Stays,non_rec_stays,Non-Recreation Overnight Stays
CHIS,2017,9,TOS,8760,Total Stays,total_stays,Total Overnight Stays
CHIS,2017,9,TNRVH,20016,Non-Rec Hrs,non_rec_hrs,Total Non-Recreation Visitor Hours
CHIS,2017,6,TRV,44852,Rec Visits,rec_visits,Total Recreation Visits
CHIS,2017,6,TNRV,1196,Non-Rec Visits,non_rec_visits,Total Non-Recreation Visits
CHIS,2017,6,TV,46048,Total Visits,total_visits,Total Visits (Recreation + Non-Recreation)
CHIS,2017,6,TRVH,568134,Rec Hrs,rec_hrs,Total Recreation Visitor Hours
CHIS,2017,6,TH,596838,Total Hrs,total_hrs,Total Hours (Recreation + Non-Recreation)
CHIS,2017,6,CL,0,Conc Lodging,conc_lodging,Concessioner Lodging Overnight Stays
CHIS,2017,6,CCG,0,Conc Camp,conc_camp,Concessioner Campground Overnight Stays
CHIS,2017,6,TT,0,Tent Camp,tent_camp,Tent Camping Overnight Stays (NPS)
CHIS,2017,6,TRVS,0,Rec Stays,rec_stays,Total Recreation Overnight Stays
CHIS,2017,6,TTRV,0,Tent & RV,tent_rv,Total Tent and RV Camping Stays
CHIS,2017,6,BC,3051,Backcountry,backcountry,Backcountry Camping Overnight Stays
CHIS,2017,6,MISC,3375,Misc Stays,misc_stays,Miscellaneous Overnight Stays
CHIS,2017,6,NROS,1220,Non-Rec Stays,non_rec_stays,Non-Recreation Overnight Stays
CHIS,2017,6,TOS,7646,Total Stays,total_stays,Total Overnight Stays
CHIS,2017,6,TNRVH,28704,Non-Rec Hrs,non_rec_hrs,Total Non-Recreation Visitor Hours
CHIS,2017,1,TRV,18887,Rec Visits,rec_visits,Total Recreation Visits
CHIS,2017,1,TNRV,476,Non-Rec Visits,non_rec_visits,Total Non-Recreation Visits
CHIS,2017,1,TV,19363,Total Visits,total_visits,Total Visits (Recreation + Non-Recreation)
CHIS,2017,1,TRVH,94216,Rec Hrs,rec_hrs,Total Recreation Visitor Hours
CHIS,2017,1,TH,105640,Total Hrs,total_hrs,Total Hours (Recreation + Non-Recreation)
CHIS,2017,1,CL,0,Conc Lodging,conc_lodging,Concessioner Lodging Overnight Stays
CHIS,2017,1,CCG,0,Conc Camp,conc_camp,Concessioner Campground Overnight Stays
CHIS,2017,1,TT,0,Tent Camp,tent_camp,Tent Camping Overnight Stays (NPS)
CHIS,2017,1,TRVS,0,Rec Stays,rec_stays,Total Recreation Overnight Stays
CHIS,2017,1,TTRV,0,Tent & RV,tent_rv,Total Tent and RV Camping Stays
CHIS,2017,1,BC,298,Backcountry,backcountry,Backcountry Camping Overnight Stays
CHIS,2017,1,MISC,396,Misc Stays,misc_stays,Miscellaneous Overnight Stays
CHIS,2017,1,NROS,616,Non-Rec Stays,non_rec_stays,Non-Recreation Overnight Stays
CHIS,2017,1,TOS,1310,Total Stays,total_stays,Total Overnight Stays
CHIS,2017,1,TNRVH,11424,Non-Rec Hrs,non_rec_hrs,Total Non-Recreation Visitor Hours
CHIS,2017,12,TRV,16746,Rec Visits,rec_visits,Total Recreation Visits
CHIS,2017,12,TNRV,294,Non-Rec Visits,non_rec_visits,Total Non-Recreation Visits
CHIS,2017,12,TV,17040,Total Visits,total_visits,Total Visits (Recreation + Non-Recreation)
CHIS,2017,12,TRVH,114579,Rec Hrs,rec_hrs,Total Recreation Visitor Hours
CHIS,2017,12,TH,121635,Total Hrs,total_hrs,Total Hours (Recreation + Non-Recreation)
CHIS,2017,12,CL,0,Conc Lodging,conc_lodging,Concessioner Lodging Overnight Stays
CHIS,2017,12,CCG,0,Conc Camp,conc_camp,Concessioner Campground Overnight Stays
CHIS,2017,12,TT,0,Tent Camp,tent_camp,Tent Camping Overnight Stays (NPS)
CHIS,2017,12,TRVS,0,Rec Stays,rec_stays,Total Recreation Overnight Stays
CHIS,2017,12,TTRV,0,Tent & RV,tent_rv,Total Tent and RV Camping Stays
CHIS,2017,12,BC,400,Backcountry,backcountry,Backcountry Camping Overnight Stays
CHIS,2017,12,MISC,558,Misc Stays,misc_stays,Miscellaneous Overnight Stays
CHIS,2017,12,NROS,662,Non-Rec Stays,non_rec_stays,Non-Recreation Overnight Stays
CHIS,2017,12,TOS,1620,Total Stays,total_stays,Total Overnight Stays
CHIS,2017,12,TNRVH,7056,Non-Rec Hrs,non_rec_hrs,Total Non-Recreation Visitor Hours
CHIS,2020,10,TRV,26302,Rec Visits,rec_visits,Total Recreation Visits
CHIS,2020,10,TNRV,440,Non-Rec Visits,non_rec_visits,Total Non-Recreation Visits
CHIS,2020,10,TV,26742,Total Visits,total_visits,Total Visits (Recreation + Non-Recreation)
CHIS,2020,10,TRVH,554823,Rec Hrs,rec_hrs,Total Recreation Visitor Hours
CHIS,2020,10,TH,565395,Total Hrs,total_hrs,Total Hours (Recreation + Non-Recreation)
CHIS,2020,10,CL,0,Conc Lodging,conc_lodging,Concessioner Lodging Overnight Stays
CHIS,2020,10,CCG,0,Conc Camp,conc_camp,Concessioner Campground Overnight Stays
CHIS,2020,10,TT,0,Tent Camp,tent_camp,Tent Camping Overnight Stays (NPS)
CHIS,2020,10,TRVS,0,Rec Stays,rec_stays,Total Recreation Overnight Stays
CHIS,2020,10,TTRV,0,Tent & RV,tent_rv,Total Tent and RV Camping Stays
CHIS,2020,10,BC,1808,Backcountry,backcountry,Backcountry Camping Overnight Stays
CHIS,2020,10,MISC,5229,Misc Stays,misc_stays,Miscellaneous Overnight Stays
CHIS,2020,10,NROS,807,Non-Rec Stays,non_rec_stays,Non-Recreation Overnight Stays
CHIS,2020,10,TOS,7844,Total Stays,total_stays,Total Overnight Stays
CHIS,2020,10,TNRVH,10572,Non-Rec Hrs,non_rec_hrs,Total Non-Recreation Visitor Hours
CHIS,2020,7,TRV,15323,Rec Visits,rec_visits,Total Recreation Visits
CHIS,2020,7,TNRV,357,Non-Rec Visits,non_rec_visits,Total Non-Recreation Visits
CHIS,2020,7,TV,15680,Total Visits,total_visits,Total Visits (Recreation + Non-Recreation)
CHIS,2020,7,TRVH,367745,Rec Hrs,rec_hrs,Total Recreation Visitor Hours
CHIS,2020,7,TH,376313,Total Hrs,total_hrs,Total Hours (Recreation + Non-Recreation)
CHIS,2020,7,CL,0,Conc Lodging,conc_lodging,Concessioner Lodging Overnight Stays
CHIS,2020,7,CCG,0,Conc Camp,conc_camp,Concessioner Campground Overnight Stays
CHIS,2020,7,TT,0,Tent Camp,tent_camp,Tent Camping Overnight Stays (NPS)
CHIS,2020,7,TRVS,0,Rec Stays,rec_stays,Total Recreation Overnight Stays
CHIS,2020,7,TTRV,0,Tent & RV,tent_rv,Total Tent and RV Camping Stays
CHIS,2020,7,BC,1512,Backcountry,backcountry,Backcountry Camping Overnight Stays
CHIS,2020,7,MISC,6566,Misc Stays,misc_stays,Miscellaneous Overnight Stays
CHIS,2020,7,NROS,754,Non-Rec Stays,non_rec_stays,Non-Recreation Overnight Stays
CHIS,2020,7,TOS,8832,Total Stays,total_stays,Total Overnight Stays
CHIS,2020,7,TNRVH,8568,Non-Rec Hrs,non_rec_hrs,Total Non-Recreation Visitor Hours
CHIS,2020,4,TRV,365,Rec Visits,rec_visits,Total Recreation Visits
CHIS,2020,4,TNRV,73,Non-Rec Visits,non_rec_visits,Total Non-Recreation Visits
CHIS,2020,4,TV,438,Total Visits,total_visits,Total Visits (Recreation + Non-Recreation)
CHIS,2020,4,TRVH,8754,Rec Hrs,rec_hrs,Total Recreation Visitor Hours
CHIS,2020,4,TH,10506,Total Hrs,total_hrs,Total Hours (Recreation + Non-Recreation)
CHIS,2020,4,CL,0,Conc Lodging,conc_lodging,Concessioner Lodging Overnight Stays
CHIS,2020,4,CCG,0,Conc Camp,conc_camp,Concessioner Campground Overnight Stays
CHIS,2020,4,TT,0,Tent Camp,tent_camp,Tent Camping Overnight Stays (NPS)
CHIS,2020,4,TRVS,0,Rec Stays,rec_stays,Total Recreation Overnight Stays
CHIS,2020,4,TTRV,0,Tent & RV,tent_rv,Total Tent and RV Camping Stays
CHIS,2020,4,BC,0,Backcountry,backcountry,Backcountry Camping Overnight Stays
CHIS,2020,4,MISC,2142,Misc Stays,misc_stays,Miscellaneous Overnight Stays
CHIS,2020,4,NROS,458,Non-Rec Stays,non_rec_stays,Non-Recreation Overnight Stays
CHIS,2020,4,TOS,2600,Total Stays,total_stays,Total Overnight Stays
CHIS,2020,4,TNRVH,1752,Non-Rec Hrs,non_rec_hrs,Total Non-Recreation Visitor Hours
CHIS,2020,2,TRV,20318,Rec Visits,rec_visits,Total Recreation Visits
CHIS,2020,2,TNRV,123,Non-Rec Visits,non_rec_visits,Total Non-Recreation Visits
CHIS,2020,2,TV,20440,Total Visits,total_visits,Total Visits (Recreation + Non-Recreation)
CHIS,2020,2,TRVH,163822,Rec Hrs,rec_hrs,Total Recreation Visitor Hours
CHIS,2020,2,TH,166765,Total Hrs,total_hrs,Total Hours (Recreation + Non-Recreation)
CHIS,2020,2,CL,0,Conc Lodging,conc_lodging,Concessioner Lodging Overnight Stays
CHIS,2020,2,CCG,0,Conc Camp,conc_camp,Concessioner Campground Overnight Stays
CHIS,2020,2,TT,0,Tent Camp,tent_camp,Tent Camping Overnight Stays (NPS)
CHIS,2020,2,TRVS,0,Rec Stays,rec_stays,Total Recreation Overnight Stays
CHIS,2020,2,TTRV,0,Tent & RV,tent_rv,Total Tent and RV Camping Stays
CHIS,2020,2,BC,87,Backcountry,backcountry,Backcountry Camping Overnight Stays
CHIS,2020,2,MISC,504,Misc Stays,misc_stays,Miscellaneous Overnight Stays
CHIS,2020,2,NROS,359,Non-Rec Stays,non_rec_stays,Non-Recreation Overnight Stays
CHIS,2020,2,TOS,950,Total Stays,total_stays,Total Overnight Stays
CHIS,2020,2,TNRVH,2943,Non-Rec Hrs,non_rec_hrs,Total Non-Recreation Visitor Hours
CHIS,2020,8,TRV,18462,Rec Visits,rec_visits,Total Recreation Visits
CHIS,2020,8,TNRV,333,Non-Rec Visits,non_rec_visits,Total Non-Recreation Visits
CHIS,2020,8,TV,18795,Total Visits,total_visits,Total Visits (Recreation + Non-Recreation)
CHIS,2020,8,TRVH,443088,Rec Hrs,rec_hrs,Total Recreation Visitor Hours
CHIS,2020,8,TH,451080,Total Hrs,total_hrs,Total Hours (Recreation + Non-Recreation)
CHIS,2020,8,CL,0,Conc Lodging,conc_lodging,Concessioner Lodging Overnight Stays
CHIS,2020,8,CCG,0,Conc Camp,conc_camp,Concessioner Campground Overnight Stays
CHIS,2020,8,TT,0,Tent Camp,tent_camp,Tent Camping Overnight Stays (NPS)
CHIS,2020,8,TRVS,0,Rec Stays,rec_stays,Total Recreation Overnight Stays
CHIS,2020,8,TTRV,0,Tent & RV,tent_rv,Total Tent and RV Camping Stays
CHIS,2020,8,BC,1920,Backcountry,backcountry,Backcountry Camping Overnight Stays
CHIS,2020,8,MISC,8374,Misc Stays,misc_stays,Miscellaneous Overnight Stays
CHIS,2020,8,NROS,782,Non-Rec Stays,non_rec_stays,Non-Recreation Overnight Stays
CHIS,2020,8,TOS,11076,Total Stays,total_stays,Total Overnight Stays
CHIS,2020,8,TNRVH,7992,Non-Rec Hrs,non_rec_hrs,Total Non-Recreation Visitor Hours
CHIS,2020,5,TRV,2514,Rec Visits,rec_visits,Total Recreation Visits
CHIS,2020,5,TNRV,74,Non-Rec Visits,non_rec_visits,Total Non-Recreation Visits
CHIS,2020,5,TV,2588,Total Visits,total_visits,Total Visits (Recreation + Non-Recreation)
CHIS,2020,5,TRVH,60341,Rec Hrs,rec_hrs,Total Recreation Visitor Hours
CHIS,2020,5,TH,62117,Total Hrs,total_hrs,Total Hours (Recreation + Non-Recreation)
CHIS,2020,5,CL,0,Conc Lodging,conc_lodging,Concessioner Lodging Overnight Stays
CHIS,2020,5,CCG,0,Conc Camp,conc_camp,Concessioner Campground Overnight Stays
CHIS,2020,5,TT,0,Tent Camp,tent_camp,Tent Camping Overnight Stays (NPS)
CHIS,2020,5,TRVS,0,Rec Stays,rec_stays,Total Recreation Overnight Stays
CHIS,2020,5,TTRV,0,Tent & RV,tent_rv,Total Tent and RV Camping Stays
CHIS,2020,5,BC,0,Backcountry,backcountry,Backcountry Camping Overnight Stays
CHIS,2020,5,MISC,3528,Misc Stays,misc_stays,Miscellaneous Overnight Stays
CHIS,2020,5,NROS,586,Non-Rec Stays,non_rec_stays,Non-Recreation Overnight Stays
CHIS,2020,5,TOS,4114,Total Stays,total_stays,Total Overnight Stays
CHIS,2020,5,TNRVH,1776,Non-Rec Hrs,non_rec_hrs,Total Non-Recreation Visitor Hours
CHIS,2020,3,TRV,13408,Rec Visits,rec_visits,Total Recreation Visits
CHIS,2020,3,TNRV,161,Non-Rec Visits,non_rec_visits,Total Non-Recreation Visits
CHIS,2020,3,TV,13569,Total Visits,total_visits,Total Visits (Recreation + Non-Recreation)
CHIS,2020,3,TRVH,163248,Rec Hrs,rec_hrs,Total Recreation Visitor Hours
CHIS,2020,3,TH,167112,Total Hrs,total_hrs,Total Hours (Recreation + Non-Recreation)
CHIS,2020,3,CL,0,Conc Lodging,conc_lodging,Concessioner Lodging Overnight Stays
CHIS,2020,3,CCG,0,Conc Camp,conc_camp,Concessioner Campground Overnight Stays
CHIS,2020,3,TT,0,Tent Camp,tent_camp,Tent Camping Overnight Stays (NPS)
CHIS,2020,3,TRVS,0,Rec Stays,rec_stays,Total Recreation Overnight Stays
CHIS,2020,3,TTRV,0,Tent & RV,tent_rv,Total Tent and RV Camping Stays
CHIS,2020,3,BC,119,Backcountry,backcountry,Backcountry Camping Overnight Stays
CHIS,2020,3,MISC,1588,Misc Stays,misc_stays,Miscellaneous Overnight Stays
CHIS,2020,3,NROS,481,Non-Rec Stays,non_rec_stays,Non-Recreation Overnight Stays
CHIS,2020,3,TOS,2188,Total Stays,total_stays,Total Overnight Stays
CHIS,2020,3,TNRVH,3864,Non-Rec Hrs,non_rec_hrs,Total Non-Recreation Visitor Hours
CHIS,2020,11,TRV,16745,Rec Visits,rec_visits,Total Recreation Visits
CHIS,2020,11,TNRV,566,Non-Rec Visits,non_rec_visits,Total Non-Recreation Visits
CHIS,2020,11,TV,17312,Total Visits,total_visits,Total Visits (Recreation + Non-Recreation)
CHIS,2020,11,TRVH,315144,Rec Hrs,rec_hrs,Total Recreation Visitor Hours
CHIS,2020,11,TH,328738,Total Hrs,total_hrs,Total Hours (Recreation + Non-Recreation)
CHIS,2020,11,CL,0,Conc Lodging,conc_lodging,Concessioner Lodging Overnight Stays
CHIS,2020,11,CCG,0,Conc Camp,conc_camp,Concessioner Campground Overnight Stays
CHIS,2020,11,TT,0,Tent Camp,tent_camp,Tent Camping Overnight Stays (NPS)
CHIS,2020,11,TRVS,0,Rec Stays,rec_stays,Total Recreation Overnight Stays
CHIS,2020,11,TTRV,0,Tent & RV,tent_rv,Total Tent and RV Camping Stays
CHIS,2020,11,BC,801,Backcountry,backcountry,Backcountry Camping Overnight Stays
CHIS,2020,11,MISC,2344,Misc Stays,misc_stays,Miscellaneous Overnight Stays
CHIS,2020,11,NROS,874,Non-Rec Stays,non_rec_stays,Non-Recreation Overnight Stays
CHIS,2020,11,TOS,4020,Total Stays,total_stays,Total Overnight Stays
CHIS,2020,11,TNRVH,13594,Non-Rec Hrs,non_rec_hrs,Total Non-Recreation Visitor Hours
CHIS,2020,9,TRV,18147,Rec Visits,rec_visits,Total Recreation Visits
CHIS,2020,9,TNRV,341,Non-Rec Visits,non_rec_visits,Total Non-Recreation Visits
CHIS,2020,9,TV,18488,Total Visits,total_visits,Total Visits (Recreation + Non-Recreation)
CHIS,2020,9,TRVH,435519,Rec Hrs,rec_hrs,Total Recreation Visitor Hours
CHIS,2020,9,TH,443713,Total Hrs,total_hrs,Total Hours (Recreation + Non-Recreation)
CHIS,2020,9,CL,0,Conc Lodging,conc_lodging,Concessioner Lodging Overnight Stays
CHIS,2020,9,CCG,0,Conc Camp,conc_camp,Concessioner Campground Overnight Stays
CHIS,2020,9,TT,0,Tent Camp,tent_camp,Tent Camping Overnight Stays (NPS)
CHIS,2020,9,TRVS,0,Rec Stays,rec_stays,Total Recreation Overnight Stays
CHIS,2020,9,TTRV,0,Tent & RV,tent_rv,Total Tent and RV Camping Stays
CHIS,2020,9,BC,1847,Backcountry,backcountry,Backcountry Camping Overnight Stays
CHIS,2020,9,MISC,8708,Misc Stays,misc_stays,Miscellaneous Overnight Stays
CHIS,2020,9,NROS,957,Non-Rec Stays,non_rec_stays,Non-Recreation Overnight Stays
CHIS,2020,9,TOS,11512,Total Stays,total_stays,Total Overnight Stays
CHIS,2020,9,TNRVH,8194,Non-Rec Hrs,non_rec_hrs,Total Non-Recreation Visitor Hours
CHIS,2020,6,TRV,13740,Rec Visits,rec_visits,Total Recreation Visits
CHIS,2020,6,TNRV,121,Non-Rec Visits,non_rec_visits,Total Non-Recreation Visits
CHIS,2020,6,TV,13860,Total Visits,total_visits,Total Visits (Recreation + Non-Recreation)
CHIS,2020,6,TRVH,329748,Rec Hrs,rec_hrs,Total Recreation Visitor Hours
CHIS,2020,6,TH,332652,Total Hrs,total_hrs,Total Hours (Recreation + Non-Recreation)
CHIS,2020,6,CL,0,Conc Lodging,conc_lodging,Concessioner Lodging Overnight Stays
CHIS,2020,6,CCG,0,Conc Camp,conc_camp,Concessioner Campground Overnight Stays
CHIS,2020,6,TT,0,Tent Camp,tent_camp,Tent Camping Overnight Stays (NPS)
CHIS,2020,6,TRVS,0,Rec Stays,rec_stays,Total Recreation Overnight Stays
CHIS,2020,6,TTRV,0,Tent & RV,tent_rv,Total Tent and RV Camping Stays
CHIS,2020,6,BC,1000,Backcountry,backcountry,Backcountry Camping Overnight Stays
CHIS,2020,6,MISC,4334,Misc Stays,misc_stays,Miscellaneous Overnight Stays
CHIS,2020,6,NROS,572,Non-Rec Stays,non_rec_stays,Non-Recreation Overnight Stays
CHIS,2020,6,TOS,5906,Total Stays,total_stays,Total Overnight Stays
CHIS,2020,6,TNRVH,2904,Non-Rec Hrs,non_rec_hrs,Total Non-Recreation Visitor Hours
CHIS,2020,1,TRV,18955,Rec Visits,rec_visits,Total Recreation Visits
CHIS,2020,1,TNRV,421,Non-Rec Visits,non_rec_visits,Total Non-Recreation Visits
CHIS,2020,1,TV,19376,Total Visits,total_visits,Total Visits (Recreation + Non-Recreation)
CHIS,2020,1,TRVH,177294,Rec Hrs,rec_hrs,Total Recreation Visitor Hours
CHIS,2020,1,TH,187387,Total Hrs,total_hrs,Total Hours (Recreation + Non-Recreation)
CHIS,2020,1,CL,0,Conc Lodging,conc_lodging,Concessioner Lodging Overnight Stays
CHIS,2020,1,CCG,0,Conc Camp,conc_camp,Concessioner Campground Overnight Stays
CHIS,2020,1,TT,0,Tent Camp,tent_camp,Tent Camping Overnight Stays (NPS)
CHIS,2020,1,TRVS,0,Rec Stays,rec_stays,Total Recreation Overnight Stays
CHIS,2020,1,TTRV,0,Tent & RV,tent_rv,Total Tent and RV Camping Stays
CHIS,2020,1,BC,170,Backcountry,backcountry,Backcountry Camping Overnight Stays
CHIS,2020,1,MISC,896,Misc Stays,misc_stays,Miscellaneous Overnight Stays
CHIS,2020,1,NROS,768,Non-Rec Stays,non_rec_stays,Non-Recreation Overnight Stays
CHIS,2020,1,TOS,1834,Total Stays,total_stays,Total Overnight Stays
CHIS,2020,1,TNRVH,10093,Non-Rec Hrs,non_rec_hrs,Total Non-Recreation Visitor Hours
CHIS,2020,12,TRV,3011,Rec Visits,rec_visits,Total Recreation Visits
CHIS,2020,12,TNRV,134,Non-Rec Visits,non_rec_visits,Total Non-Recreation Visits
CHIS,2020,12,TV,3145,Total Visits,total_visits,Total Visits (Recreation + Non-Recreation)
CHIS,2020,12,TRVH,72264,Rec Hrs,rec_hrs,Total Recreation Visitor Hours
CHIS,2020,12,TH,75480,Total Hrs,total_hrs,Total Hours (Recreation + Non-Recreation)
CHIS,2020,12,CL,0,Conc Lodging,conc_lodging,Concessioner Lodging Overnight Stays
CHIS,2020,12,CCG,0,Conc Camp,conc_camp,Concessioner Campground Overnight Stays
CHIS,2020,12,TT,0,Tent Camp,tent_camp,Tent Camping Overnight Stays (NPS)
CHIS,2020,12,TRVS,0,Rec Stays,rec_stays,Total Recreation Overnight Stays
CHIS,2020,12,TTRV,0,Tent & RV,tent_rv,Total Tent and RV Camping Stays
CHIS,2020,12,BC,0,Backcountry,backcountry,Backcountry Camping Overnight Stays
CHIS,2020,12,MISC,864,Misc Stays,misc_stays,Miscellaneous Overnight Stays
CHIS,2020,12,NROS,674,Non-Rec Stays,non_rec_stays,Non-Recreation Overnight Stays
CHIS,2020,12,TOS,1538,Total Stays,total_stays,Total Overnight Stays
CHIS,2020,12,TNRVH,3216,Non-Rec Hrs,non_rec_hrs,Total Non-Recreation Visitor Hours
CHIS,2024,8,TRV,26380,Rec Visits,rec_visits,Total Recreation Visits
CHIS,2024,8,TNRV,778,Non-Rec Visits,non_rec_visits,Total Non-Recreation Visits
CHIS,2024,8,TV,27158,Total Visits,total_visits,Total Visits (Recreation + Non-Recreation)
CHIS,2024,8,TRVH,286102,Rec Hrs,rec_hrs,Total Recreation Visitor Hours
CHIS,2024,8,TH,304774,Total Hrs,total_hrs,Total Hours (Recreation + Non-Recreation)
CHIS,2024,8,CL,0,Conc Lodging,conc_lodging,Concessioner Lodging Overnight Stays
CHIS,2024,8,CCG,0,Conc Camp,conc_camp,Concessioner Campground Overnight Stays
CHIS,2024,8,TT,0,Tent Camp,tent_camp,Tent Camping Overnight Stays (NPS)
CHIS,2024,8,TRVS,0,Rec Stays,rec_stays,Total Recreation Overnight Stays
CHIS,2024,8,TTRV,0,Tent & RV,tent_rv,Total Tent and RV Camping Stays
CHIS,2024,8,BC,5944,Backcountry,backcountry,Backcountry Camping Overnight Stays
CHIS,2024,8,MISC,8374,Misc Stays,misc_stays,Miscellaneous Overnight Stays
CHIS,2024,8,NROS,778,Non-Rec Stays,non_rec_stays,Non-Recreation Overnight Stays
CHIS,2024,8,TOS,15096,Total Stays,total_stays,Total Overnight Stays
CHIS,2024,8,TNRVH,18672,Non-Rec Hrs,non_rec_hrs,Total Non-Recreation Visitor Hours
CHIS,2024,11,TRV,17900,Rec Visits,rec_visits,Total Recreation Visits
CHIS,2024,11,TNRV,874,Non-Rec Visits,non_rec_visits,Total Non-Recreation Visits
CHIS,2024,11,TV,18774,Total Visits,total_visits,Total Visits (Recreation + Non-Recreation)
CHIS,2024,11,TRVH,171652,Rec Hrs,rec_hrs,Total Recreation Visitor Hours
CHIS,2024,11,TH,192628,Total Hrs,total_hrs,Total Hours (Recreation + Non-Recreation)
CHIS,2024,11,CL,0,Conc Lodging,conc_lodging,Concessioner Lodging Overnight Stays
CHIS,2024,11,CCG,0,Conc Camp,conc_camp,Concessioner Campground Overnight Stays
CHIS,2024,11,TT,0,Tent Camp,tent_camp,Tent Camping Overnight Stays (NPS)
CHIS,2024,11,TRVS,0,Rec Stays,rec_stays,Total Recreation Overnight Stays
CHIS,2024,11,TTRV,0,Tent & RV,tent_rv,Total Tent and RV Camping Stays
CHIS,2024,11,BC,4035,Backcountry,backcountry,Backcountry Camping Overnight Stays
CHIS,2024,11,MISC,2344,Misc Stays,misc_stays,Miscellaneous Overnight Stays
CHIS,2024,11,NROS,874,Non-Rec Stays,non_rec_stays,Non-Recreation Overnight Stays
CHIS,2024,11,TOS,7254,Total Stays,total_stays,Total Overnight Stays
CHIS,2024,11,TNRVH,20976,Non-Rec Hrs,non_rec_hrs,Total Non-Recreation Visitor Hours
CHIS,2024,2,TRV,14888,Rec Visits,rec_visits,Total Recreation Visits
CHIS,2024,2,TNRV,342,Non-Rec Visits,non_rec_visits,Total Non-Recreation Visits
CHIS,2024,2,TV,15230,Total Visits,total_visits,Total Visits (Recreation + Non-Recreation)
CHIS,2024,2,TRVH,85752,Rec Hrs,rec_hrs,Total Recreation Visitor Hours
CHIS,2024,2,TH,93960,Total Hrs,total_hrs,Total Hours (Recreation + Non-Recreation)
CHIS,2024,2,CL,0,Conc Lodging,conc_lodging,Concessioner Lodging Overnight Stays
CHIS,2024,2,CCG,0,Conc Camp,conc_camp,Concessioner Campground Overnight Stays
CHIS,2024,2,TT,0,Tent Camp,tent_camp,Tent Camping Overnight Stays (NPS)
CHIS,2024,2,TRVS,0,Rec Stays,rec_stays,Total Recreation Overnight Stays
CHIS,2024,2,TTRV,0,Tent & RV,tent_rv,Total Tent and RV Camping Stays
CHIS,2024,2,BC,1210,Backcountry,backcountry,Backcountry Camping Overnight Stays
CHIS,2024,2,MISC,504,Misc Stays,misc_stays,Miscellaneous Overnight Stays
CHIS,2024,2,NROS,342,Non-Rec Stays,non_rec_stays,Non-Recreation Overnight Stays
CHIS,2024,2,TOS,2056,Total Stays,total_stays,Total Overnight Stays
CHIS,2024,2,TNRVH,8208,Non-Rec Hrs,non_rec_hrs,Total Non-Recreation Visitor Hours
CHIS,2024,5,TRV,23374,Rec Visits,rec_visits,Total Recreation Visits
CHIS,2024,5,TNRV,576,Non-Rec Visits,non_rec_visits,Total Non-Recreation Visits
CHIS,2024,5,TV,23950,Total Visits,total_visits,Total Visits (Recreation + Non-Recreation)
CHIS,2024,5,TRVH,195160,Rec Hrs,rec_hrs,Total Recreation Visitor Hours
CHIS,2024,5,TH,208984,Total Hrs,total_hrs,Total Hours (Recreation + Non-Recreation)
CHIS,2024,5,CL,0,Conc Lodging,conc_lodging,Concessioner Lodging Overnight Stays
CHIS,2024,5,CCG,0,Conc Camp,conc_camp,Concessioner Campground Overnight Stays
CHIS,2024,5,TT,0,Tent Camp,tent_camp,Tent Camping Overnight Stays (NPS)
CHIS,2024,5,TRVS,0,Rec Stays,rec_stays,Total Recreation Overnight Stays
CHIS,2024,5,TTRV,0,Tent & RV,tent_rv,Total Tent and RV Camping Stays
CHIS,2024,5,BC,5443,Backcountry,backcountry,Backcountry Camping Overnight Stays
CHIS,2024,5,MISC,3528,Misc Stays,misc_stays,Miscellaneous Overnight Stays
CHIS,2024,5,NROS,576,Non-Rec Stays,non_rec_stays,Non-Recreation Overnight Stays
CHIS,2024,5,TOS,9547,Total Stays,total_stays,Total Overnight Stays
CHIS,2024,5,TNRVH,13824,Non-Rec Hrs,non_rec_hrs,Total Non-Recreation Visitor Hours
CHIS,2024,10,TRV,23694,Rec Visits,rec_visits,Total Recreation Visits
CHIS,2024,10,TNRV,782,Non-Rec Visits,non_rec_visits,Total Non-Recreation Visits
CHIS,2024,10,TV,24476,Total Visits,total_visits,Total Visits (Recreation + Non-Recreation)
CHIS,2024,10,TRVH,286384,Rec Hrs,rec_hrs,Total Recreation Visitor Hours
CHIS,2024,10,TH,305152,Total Hrs,total_hrs,Total Hours (Recreation + Non-Recreation)
CHIS,2024,10,CL,0,Conc Lodging,conc_lodging,Concessioner Lodging Overnight Stays
CHIS,2024,10,CCG,0,Conc Camp,conc_camp,Concessioner Campground Overnight Stays
CHIS,2024,10,TT,0,Tent Camp,tent_camp,Tent Camping Overnight Stays (NPS)
CHIS,2024,10,TRVS,0,Rec Stays,rec_stays,Total Recreation Overnight Stays
CHIS,2024,10,TTRV,0,Tent & RV,tent_rv,Total Tent and RV Camping Stays
CHIS,2024,10,BC,4898,Backcountry,backcountry,Backcountry Camping Overnight Stays
CHIS,2024,10,MISC,5229,Misc Stays,misc_stays,Miscellaneous Overnight Stays
CHIS,2024,10,NROS,782,Non-Rec Stays,non_rec_stays,Non-Recreation Overnight Stays
CHIS,2024,10,TOS,10909,Total Stays,total_stays,Total Overnight Stays
CHIS,2024,10,TNRVH,18768,Non-Rec Hrs,non_rec_hrs,Total Non-Recreation Visitor Hours
CHIS,2024,3,TRV,23069,Rec Visits,rec_visits,Total Recreation Visits
CHIS,2024,3,TNRV,450,Non-Rec Visits,non_rec_visits,Total Non-Recreation Visits
CHIS,2024,3,TV,23519,Total Visits,total_visits,Total Visits (Recreation + Non-Recreation)
CHIS,2024,3,TRVH,141154,Rec Hrs,rec_hrs,Total Recreation Visitor Hours
CHIS,2024,3,TH,151954,Total Hrs,total_hrs,Total Hours (Recreation + Non-Recreation)
CHIS,2024,3,CL,0,Conc Lodging,conc_lodging,Concessioner Lodging Overnight Stays
CHIS,2024,3,CCG,0,Conc Camp,conc_camp,Concessioner Campground Overnight Stays
CHIS,2024,3,TT,0,Tent Camp,tent_camp,Tent Camping Overnight Stays (NPS)
CHIS,2024,3,TRVS,0,Rec Stays,rec_stays,Total Recreation Overnight Stays
CHIS,2024,3,TTRV,0,Tent & RV,tent_rv,Total Tent and RV Camping Stays
CHIS,2024,3,BC,4434,Backcountry,backcountry,Backcountry Camping Overnight Stays
CHIS,2024,3,MISC,1588,Misc Stays,misc_stays,Miscellaneous Overnight Stays
CHIS,2024,3,NROS,450,Non-Rec Stays,non_rec_stays,Non-Recreation Overnight Stays
CHIS,2024,3,TOS,6472,Total Stays,total_stays,Total Overnight Stays
CHIS,2024,3,TNRVH,10800,Non-Rec Hrs,non_rec_hrs,Total Non-Recreation Visitor Hours
CHIS,2024,7,TRV,32816,Rec Visits,rec_visits,Total Recreation Visits
CHIS,2024,7,TNRV,730,Non-Rec Visits,non_rec_visits,Total Non-Recreation Visits
CHIS,2024,7,TV,33546,Total Visits,total_visits,Total Visits (Recreation + Non-Recreation)
CHIS,2024,7,TRVH,320534,Rec Hrs,rec_hrs,Total Recreation Visitor Hours
CHIS,2024,7,TH,338054,Total Hrs,total_hrs,Total Hours (Recreation + Non-Recreation)
CHIS,2024,7,CL,0,Conc Lodging,conc_lodging,Concessioner Lodging Overnight Stays
CHIS,2024,7,CCG,0,Conc Camp,conc_camp,Concessioner Campground Overnight Stays
CHIS,2024,7,TT,0,Tent Camp,tent_camp,Tent Camping Overnight Stays (NPS)
CHIS,2024,7,TRVS,0,Rec Stays,rec_stays,Total Recreation Overnight Stays
CHIS,2024,7,TTRV,0,Tent & RV,tent_rv,Total Tent and RV Camping Stays
CHIS,2024,7,BC,6977,Backcountry,backcountry,Backcountry Camping Overnight Stays
CHIS,2024,7,MISC,6566,Misc Stays,misc_stays,Miscellaneous Overnight Stays
CHIS,2024,7,NROS,730,Non-Rec Stays,non_rec_stays,Non-Recreation Overnight Stays
CHIS,2024,7,TOS,14272,Total Stays,total_stays,Total Overnight Stays
CHIS,2024,7,TNRVH,17520,Non-Rec Hrs,non_rec_hrs,Total Non-Recreation Visitor Hours
CHIS,2024,1,TRV,17055,Rec Visits,rec_visits,Total Recreation Visits
CHIS,2024,1,TNRV,688,Non-Rec Visits,non_rec_visits,Total Non-Recreation Visits
CHIS,2024,1,TV,17743,Total Visits,total_visits,Total Visits (Recreation + Non-Recreation)
CHIS,2024,1,TRVH,137940,Rec Hrs,rec_hrs,Total Recreation Visitor Hours
CHIS,2024,1,TH,154452,Total Hrs,total_hrs,Total Hours (Recreation + Non-Recreation)
CHIS,2024,1,CL,0,Conc Lodging,conc_lodging,Concessioner Lodging Overnight Stays
CHIS,2024,1,CCG,0,Conc Camp,conc_camp,Concessioner Campground Overnight Stays
CHIS,2024,1,TT,0,Tent Camp,tent_camp,Tent Camping Overnight Stays (NPS)
CHIS,2024,1,TRVS,0,Rec Stays,rec_stays,Total Recreation Overnight Stays
CHIS,2024,1,TTRV,0,Tent & RV,tent_rv,Total Tent and RV Camping Stays
CHIS,2024,1,BC,1303,Backcountry,backcountry,Backcountry Camping Overnight Stays
CHIS,2024,1,MISC,896,Misc Stays,misc_stays,Miscellaneous Overnight Stays
CHIS,2024,1,NROS,688,Non-Rec Stays,non_rec_stays,Non-Recreation Overnight Stays
CHIS,2024,1,TOS,2886,Total Stays,total_stays,Total Overnight Stays
CHIS,2024,1,TNRVH,16512,Non-Rec Hrs,non_rec_hrs,Total Non-Recreation Visitor Hours
CHIS,2024,4,TRV,22081,Rec Visits,rec_visits,Total Recreation Visits
CHIS,2024,4,TNRV,458,Non-Rec Visits,non_rec_visits,Total Non-Recreation Visits
CHIS,2024,4,TV,22539,Total Visits,total_visits,Total Visits (Recreation + Non-Recreation)
CHIS,2024,4,TRVH,155921,Rec Hrs,rec_hrs,Total Recreation Visitor Hours
CHIS,2024,4,TH,166913,Total Hrs,total_hrs,Total Hours (Recreation + Non-Recreation)
CHIS,2024,4,CL,0,Conc Lodging,conc_lodging,Concessioner Lodging Overnight Stays
CHIS,2024,4,CCG,0,Conc Camp,conc_camp,Concessioner Campground Overnight Stays
CHIS,2024,4,TT,0,Tent Camp,tent_camp,Tent Camping Overnight Stays (NPS)
CHIS,2024,4,TRVS,0,Rec Stays,rec_stays,Total Recreation Overnight Stays
CHIS,2024,4,TTRV,0,Tent & RV,tent_rv,Total Tent and RV Camping Stays
CHIS,2024,4,BC,4580,Backcountry,backcountry,Backcountry Camping Overnight Stays
CHIS,2024,4,MISC,2142,Misc Stays,misc_stays,Miscellaneous Overnight Stays
CHIS,2024,4,NROS,458,Non-Rec Stays,non_rec_stays,Non-Recreation Overnight Stays
CHIS,2024,4,TOS,7180,Total Stays,total_stays,Total Overnight Stays
CHIS,2024,4,TNRVH,10992,Non-Rec Hrs,non_rec_hrs,Total Non-Recreation Visitor Hours
CHIS,2024,9,TRV,20251,Rec Visits,rec_visits,Total Recreation Visits
CHIS,2024,9,TNRV,936,Non-Rec Visits,non_rec_visits,Total Non-Recreation Visits
CHIS,2024,9,TV,21187,Total Visits,total_visits,Total Visits (Recreation + Non-Recreation)
CHIS,2024,9,TRVH,187142,Rec Hrs,rec_hrs,Total Recreation Visitor Hours
CHIS,2024,9,TH,209606,Total Hrs,total_hrs,Total Hours (Recreation + Non-Recreation)
CHIS,2024,9,CL,0,Conc Lodging,conc_lodging,Concessioner Lodging Overnight Stays
CHIS,2024,9,CCG,0,Conc Camp,conc_camp,Concessioner Campground Overnight Stays
CHIS,2024,9,TT,0,Tent Camp,tent_camp,Tent Camping Overnight Stays (NPS)
CHIS,2024,9,TRVS,0,Rec Stays,rec_stays,Total Recreation Overnight Stays
CHIS,2024,9,TTRV,0,Tent & RV,tent_rv,Total Tent and RV Camping Stays
CHIS,2024,9,BC,6827,Backcountry,backcountry,Backcountry Camping Overnight Stays
CHIS,2024,9,MISC,8708,Misc Stays,misc_stays,Miscellaneous Overnight Stays
CHIS,2024,9,NROS,936,Non-Rec Stays,non_rec_stays,Non-Recreation Overnight Stays
CHIS,2024,9,TOS,16470,Total Stays,total_stays,Total Overnight Stays
CHIS,2024,9,TNRVH,22464,Non-Rec Hrs,non_rec_hrs,Total Non-Recreation Visitor Hours
CHIS,2024,12,TRV,14893,Rec Visits,rec_visits,Total Recreation Visits
CHIS,2024,12,TNRV,674,Non-Rec Visits,non_rec_visits,Total Non-Recreation Visits
CHIS,2024,12,TV,15567,Total Visits,total_visits,Total Visits (Recreation + Non-Recreation)
CHIS,2024,12,TRVH,93591,Rec Hrs,rec_hrs,Total Recreation Visitor Hours
CHIS,2024,12,TH,109767,Total Hrs,total_hrs,Total Hours (Recreation + Non-Recreation)
CHIS,2024,12,CL,0,Conc Lodging,conc_lodging,Concessioner Lodging Overnight Stays
CHIS,2024,12,CCG,0,Conc Camp,conc_camp,Concessioner Campground Overnight Stays
CHIS,2024,12,TT,0,Tent Camp,tent_camp,Tent Camping Overnight Stays (NPS)
CHIS,2024,12,TRVS,0,Rec Stays,rec_stays,Total Recreation Overnight Stays
CHIS,2024,12,TTRV,0,Tent & RV,tent_rv,Total Tent and RV Camping Stays
CHIS,2024,12,BC,1504,Backcountry,backcountry,Backcountry Camping Overnight Stays
CHIS,2024,12,MISC,864,Misc Stays,misc_stays,Miscellaneous Overnight Stays
CHIS,2024,12,NROS,674,Non-Rec Stays,non_rec_stays,Non-Recreation Overnight Stays
CHIS,2024,12,TOS,3042,Total Stays,total_stays,Total Overnight Stays
CHIS,2024,12,TNRVH,16176,Non-Rec Hrs,non_rec_hrs,Total Non-Recreation Visitor Hours
CHIS,2024,6,TRV,26180,Rec Visits,rec_visits,Total Recreation Visits
CHIS,2024,6,TNRV,564,Non-Rec Visits,non_rec_visits,Total Non-Recreation Visits
CHIS,2024,6,TV,26744,Total Visits,total_visits,Total Visits (Recreation + Non-Recreation)
CHIS,2024,6,TRVH,201933,Rec Hrs,rec_hrs,Total Recreation Visitor Hours
CHIS,2024,6,TH,215469,Total Hrs,total_hrs,Total Hours (Recreation + Non-Recreation)
CHIS,2024,6,CL,0,Conc Lodging,conc_lodging,Concessioner Lodging Overnight Stays
CHIS,2024,6,CCG,0,Conc Camp,conc_camp,Concessioner Campground Overnight Stays
CHIS,2024,6,TT,0,Tent Camp,tent_camp,Tent Camping Overnight Stays (NPS)
CHIS,2024,6,TRVS,0,Rec Stays,rec_stays,Total Recreation Overnight Stays
CHIS,2024,6,TTRV,0,Tent & RV,tent_rv,Total Tent and RV Camping Stays
CHIS,2024,6,BC,6819,Backcountry,backcountry,Backcountry Camping Overnight Stays
CHIS,2024,6,MISC,4334,Misc Stays,misc_stays,Miscellaneous Overnight Stays
CHIS,2024,6,NROS,564,Non-Rec Stays,non_rec_stays,Non-Recreation Overnight Stays
CHIS,2024,6,TOS,11716,Total Stays,total_stays,Total Overnight Stays
CHIS,2024,6,TNRVH,13536,Non-Rec Hrs,non_rec_hrs,Total Non-Recreation Visitor Hours
CHIS,2023,8,TRV,31076,Rec Visits,rec_visits,Total Recreation Visits
CHIS,2023,8,TNRV,977,Non-Rec Visits,non_rec_visits,Total Non-Recreation Visits
CHIS,2023,8,TV,32053,Total Visits,total_visits,Total Visits (Recreation + Non-Recreation)
CHIS,2023,8,TRVH,438273,Rec Hrs,rec_hrs,Total Recreation Visitor Hours
CHIS,2023,8,TH,461723,Total Hrs,total_hrs,Total Hours (Recreation + Non-Recreation)
CHIS,2023,8,CL,0,Conc Lodging,conc_lodging,Concessioner Lodging Overnight Stays
CHIS,2023,8,CCG,0,Conc Camp,conc_camp,Concessioner Campground Overnight Stays
CHIS,2023,8,TT,0,Tent Camp,tent_camp,Tent Camping Overnight Stays (NPS)
CHIS,2023,8,TRVS,0,Rec Stays,rec_stays,Total Recreation Overnight Stays
CHIS,2023,8,TTRV,0,Tent & RV,tent_rv,Total Tent and RV Camping Stays
CHIS,2023,8,BC,2921,Backcountry,backcountry,Backcountry Camping Overnight Stays
CHIS,2023,8,MISC,8374,Misc Stays,misc_stays,Miscellaneous Overnight Stays
CHIS,2023,8,NROS,794,Non-Rec Stays,non_rec_stays,Non-Recreation Overnight Stays
CHIS,2023,8,TOS,12090,Total Stays,total_stays,Total Overnight Stays
CHIS,2023,8,TNRVH,23450,Non-Rec Hrs,non_rec_hrs,Total Non-Recreation Visitor Hours
CHIS,2023,11,TRV,27115,Rec Visits,rec_visits,Total Recreation Visits
CHIS,2023,11,TNRV,1136,Non-Rec Visits,non_rec_visits,Total Non-Recreation Visits
CHIS,2023,11,TV,28250,Total Visits,total_visits,Total Visits (Recreation + Non-Recreation)
CHIS,2023,11,TRVH,327505,Rec Hrs,rec_hrs,Total Recreation Visitor Hours
CHIS,2023,11,TH,354765,Total Hrs,total_hrs,Total Hours (Recreation + Non-Recreation)
CHIS,2023,11,CL,0,Conc Lodging,conc_lodging,Concessioner Lodging Overnight Stays
CHIS,2023,11,CCG,0,Conc Camp,conc_camp,Concessioner Campground Overnight Stays
CHIS,2023,11,TT,0,Tent Camp,tent_camp,Tent Camping Overnight Stays (NPS)
CHIS,2023,11,TRVS,0,Rec Stays,rec_stays,Total Recreation Overnight Stays
CHIS,2023,11,TTRV,0,Tent & RV,tent_rv,Total Tent and RV Camping Stays
CHIS,2023,11,BC,1499,Backcountry,backcountry,Backcountry Camping Overnight Stays
CHIS,2023,11,MISC,2344,Misc Stays,misc_stays,Miscellaneous Overnight Stays
CHIS,2023,11,NROS,903,Non-Rec Stays,non_rec_stays,Non-Recreation Overnight Stays
CHIS,2023,11,TOS,4746,Total Stays,total_stays,Total Overnight Stays
CHIS,2023,11,TNRVH,27260,Non-Rec Hrs,non_rec_hrs,Total Non-Recreation Visitor Hours
CHIS,2023,2,TRV,19726,Rec Visits,rec_visits,Total Recreation Visits
CHIS,2023,2,TNRV,672,Non-Rec Visits,non_rec_visits,Total Non-Recreation Visits
CHIS,2023,2,TV,20399,Total Visits,total_visits,Total Visits (Recreation + Non-Recreation)
CHIS,2023,2,TRVH,206641,Rec Hrs,rec_hrs,Total Recreation Visitor Hours
CHIS,2023,2,TH,222778,Total Hrs,total_hrs,Total Hours (Recreation + Non-Recreation)
CHIS,2023,2,CL,0,Conc Lodging,conc_lodging,Concessioner Lodging Overnight Stays
CHIS,2023,2,CCG,0,Conc Camp,conc_camp,Concessioner Campground Overnight Stays
CHIS,2023,2,TT,0,Tent Camp,tent_camp,Tent Camping Overnight Stays (NPS)
CHIS,2023,2,TRVS,0,Rec Stays,rec_stays,Total Recreation Overnight Stays
CHIS,2023,2,TTRV,0,Tent & RV,tent_rv,Total Tent and RV Camping Stays
CHIS,2023,2,BC,935,Backcountry,backcountry,Backcountry Camping Overnight Stays
CHIS,2023,2,MISC,504,Misc Stays,misc_stays,Miscellaneous Overnight Stays
CHIS,2023,2,NROS,404,Non-Rec Stays,non_rec_stays,Non-Recreation Overnight Stays
CHIS,2023,2,TOS,1843,Total Stays,total_stays,Total Overnight Stays
CHIS,2023,2,TNRVH,16137,Non-Rec Hrs,non_rec_hrs,Total Non-Recreation Visitor Hours
CHIS,2023,5,TRV,30918,Rec Visits,rec_visits,Total Recreation Visits
CHIS,2023,5,TNRV,1048,Non-Rec Visits,non_rec_visits,Total Non-Recreation Visits
CHIS,2023,5,TV,31966,Total Visits,total_visits,Total Visits (Recreation + Non-Recreation)
CHIS,2023,5,TRVH,458725,Rec Hrs,rec_hrs,Total Recreation Visitor Hours
CHIS,2023,5,TH,483871,Total Hrs,total_hrs,Total Hours (Recreation + Non-Recreation)
CHIS,2023,5,CL,0,Conc Lodging,conc_lodging,Concessioner Lodging Overnight Stays
CHIS,2023,5,CCG,0,Conc Camp,conc_camp,Concessioner Campground Overnight Stays
CHIS,2023,5,TT,0,Tent Camp,tent_camp,Tent Camping Overnight Stays (NPS)
CHIS,2023,5,TRVS,0,Rec Stays,rec_stays,Total Recreation Overnight Stays
CHIS,2023,5,TTRV,0,Tent & RV,tent_rv,Total Tent and RV Camping Stays
CHIS,2023,5,BC,3040,Backcountry,backcountry,Backcountry Camping Overnight Stays
CHIS,2023,5,MISC,3528,Misc Stays,misc_stays,Miscellaneous Overnight Stays
CHIS,2023,5,NROS,642,Non-Rec Stays,non_rec_stays,Non-Recreation Overnight Stays
CHIS,2023,5,TOS,7210,Total Stays,total_stays,Total Overnight Stays
CHIS,2023,5,TNRVH,25147,Non-Rec Hrs,non_rec_hrs,Total Non-Recreation Visitor Hours
CHIS,2022,1,TRV,16968,Rec Visits,rec_visits,Total Recreation Visits
CHIS,2022,1,TNRV,1052,Non-Rec Visits,non_rec_visits,Total Non-Recreation Visits
CHIS,2022,1,TV,18020,Total Visits,total_visits,Total Visits (Recreation + Non-Recreation)
CHIS,2022,1,TRVH,198548,Rec Hrs,rec_hrs,Total Recreation Visitor Hours
CHIS,2022,1,TH,223785,Total Hrs,total_hrs,Total Hours (Recreation + Non-Recreation)
CHIS,2022,1,CL,0,Conc Lodging,conc_lodging,Concessioner Lodging Overnight Stays
CHIS,2022,1,CCG,0,Conc Camp,conc_camp,Concessioner Campground Overnight Stays
CHIS,2022,1,TT,0,Tent Camp,tent_camp,Tent Camping Overnight Stays (NPS)
CHIS,2022,1,TRVS,0,Rec Stays,rec_stays,Total Recreation Overnight Stays
CHIS,2022,1,TTRV,0,Tent & RV,tent_rv,Total Tent and RV Camping Stays
CHIS,2022,1,BC,465,Backcountry,backcountry,Backcountry Camping Overnight Stays
CHIS,2022,1,MISC,896,Misc Stays,misc_stays,Miscellaneous Overnight Stays
CHIS,2022,1,NROS,715,Non-Rec Stays,non_rec_stays,Non-Recreation Overnight Stays
CHIS,2022,1,TOS,2076,Total Stays,total_stays,Total Overnight Stays
CHIS,2022,1,TNRVH,25237,Non-Rec Hrs,non_rec_hrs,Total Non-Recreation Visitor Hours
CHIS,2022,7,TRV,37853,Rec Visits,rec_visits,Total Recreation Visits
CHIS,2022,7,TNRV,1553,Non-Rec Visits,non_rec_visits,Total Non-Recreation Visits
CHIS,2022,7,TV,39405,Total Visits,total_visits,Total Visits (Recreation + Non-Recreation)
CHIS,2022,7,TRVH,549225,Rec Hrs,rec_hrs,Total Recreation Visitor Hours
CHIS,2022,7,TH,586496,Total Hrs,total_hrs,Total Hours (Recreation + Non-Recreation)
CHIS,2022,7,CL,0,Conc Lodging,conc_lodging,Concessioner Lodging Overnight Stays
CHIS,2022,7,CCG,0,Conc Camp,conc_camp,Concessioner Campground Overnight Stays
CHIS,2022,7,TT,0,Tent Camp,tent_camp,Tent Camping Overnight Stays (NPS)
CHIS,2022,7,TRVS,0,Rec Stays,rec_stays,Total Recreation Overnight Stays
CHIS,2022,7,TTRV,0,Tent & RV,tent_rv,Total Tent and RV Camping Stays
CHIS,2022,7,BC,3909,Backcountry,backcountry,Backcountry Camping Overnight Stays
CHIS,2022,7,MISC,6566,Misc Stays,misc_stays,Miscellaneous Overnight Stays
CHIS,2022,7,NROS,967,Non-Rec Stays,non_rec_stays,Non-Recreation Overnight Stays
CHIS,2022,7,TOS,11442,Total Stays,total_stays,Total Overnight Stays
CHIS,2022,7,TNRVH,37271,Non-Rec Hrs,non_rec_hrs,Total Non-Recreation Visitor Hours
CHIS,2022,4,TRV,30769,Rec Visits,rec_visits,Total Recreation Visits
CHIS,2022,4,TNRV,1068,Non-Rec Visits,non_rec_visits,Total Non-Recreation Visits
CHIS,2022,4,TV,31837,Total Visits,total_visits,Total Visits (Recreation + Non-Recreation)
CHIS,2022,4,TRVH,412766,Rec Hrs,rec_hrs,Total Recreation Visitor Hours
CHIS,2022,4,TH,438398,Total Hrs,total_hrs,Total Hours (Recreation + Non-Recreation)
CHIS,2022,4,CL,0,Conc Lodging,conc_lodging,Concessioner Lodging Overnight Stays
CHIS,2022,4,CCG,0,Conc Camp,conc_camp,Concessioner Campground Overnight Stays
CHIS,2022,4,TT,0,Tent Camp,tent_camp,Tent Camping Overnight Stays (NPS)
CHIS,2022,4,TRVS,0,Rec Stays,rec_stays,Total Recreation Overnight Stays
CHIS,2022,4,TTRV,0,Tent & RV,tent_rv,Total Tent and RV Camping Stays
CHIS,2022,4,BC,2668,Backcountry,backcountry,Backcountry Camping Overnight Stays
CHIS,2022,4,MISC,2142,Misc Stays,misc_stays,Miscellaneous Overnight Stays
CHIS,2022,4,NROS,630,Non-Rec Stays,non_rec_stays,Non-Recreation Overnight Stays
CHIS,2022,4,TOS,5440,Total Stays,total_stays,Total Overnight Stays
CHIS,2022,4,TNRVH,25632,Non-Rec Hrs,non_rec_hrs,Total Non-Recreation Visitor Hours
CHIS,2022,3,TRV,25048,Rec Visits,rec_visits,Total Recreation Visits
CHIS,2022,3,TNRV,678,Non-Rec Visits,non_rec_visits,Total Non-Recreation Visits
CHIS,2022,3,TV,25726,Total Visits,total_visits,Total Visits (Recreation + Non-Recreation)
CHIS,2022,3,TRVH,270316,Rec Hrs,rec_hrs,Total Recreation Visitor Hours
CHIS,2022,3,TH,286588,Total Hrs,total_hrs,Total Hours (Recreation + Non-Recreation)
CHIS,2022,3,CL,0,Conc Lodging,conc_lodging,Concessioner Lodging Overnight Stays
CHIS,2022,3,CCG,0,Conc Camp,conc_camp,Concessioner Campground Overnight Stays
CHIS,2022,3,TT,0,Tent Camp,tent_camp,Tent Camping Overnight Stays (NPS)
CHIS,2022,3,TRVS,0,Rec Stays,rec_stays,Total Recreation Overnight Stays
CHIS,2022,3,TTRV,0,Tent & RV,tent_rv,Total Tent and RV Camping Stays
CHIS,2022,3,BC,2102,Backcountry,backcountry,Backcountry Camping Overnight Stays
CHIS,2022,3,MISC,1588,Misc Stays,misc_stays,Miscellaneous Overnight Stays
CHIS,2022,3,NROS,472,Non-Rec Stays,non_rec_stays,Non-Recreation Overnight Stays
CHIS,2022,3,TOS,4162,Total Stays,total_stays,Total Overnight Stays
CHIS,2022,3,TNRVH,16272,Non-Rec Hrs,non_rec_hrs,Total Non-Recreation Visitor Hours
CHIS,2022,10,TRV,27647,Rec Visits,rec_visits,Total Recreation Visits
CHIS,2022,10,TNRV,1381,Non-Rec Visits,non_rec_visits,Total Non-Recreation Visits
CHIS,2022,10,TV,29027,Total Visits,total_visits,Total Visits (Recreation + Non-Recreation)
CHIS,2022,10,TRVH,576076,Rec Hrs,rec_hrs,Total Recreation Visitor Hours
CHIS,2022,10,TH,609216,Total Hrs,total_hrs,Total Hours (Recreation + Non-Recreation)
CHIS,2022,10,CL,0,Conc Lodging,conc_lodging,Concessioner Lodging Overnight Stays
CHIS,2022,10,CCG,0,Conc Camp,conc_camp,Concessioner Campground Overnight Stays
CHIS,2022,10,TT,0,Tent Camp,tent_camp,Tent Camping Overnight Stays (NPS)
CHIS,2022,10,TRVS,0,Rec Stays,rec_stays,Total Recreation Overnight Stays
CHIS,2022,10,TTRV,0,Tent & RV,tent_rv,Total Tent and RV Camping Stays
CHIS,2022,10,BC,2671,Backcountry,backcountry,Backcountry Camping Overnight Stays
CHIS,2022,10,MISC,5229,Misc Stays,misc_stays,Miscellaneous Overnight Stays
CHIS,2022,10,NROS,934,Non-Rec Stays,non_rec_stays,Non-Recreation Overnight Stays
CHIS,2022,10,TOS,8834,Total Stays,total_stays,Total Overnight Stays
CHIS,2022,10,TNRVH,33140,Non-Rec Hrs,non_rec_hrs,Total Non-Recreation Visitor Hours
CHIS,2022,12,TRV,17579,Rec Visits,rec_visits,Total Recreation Visits
CHIS,2022,12,TNRV,867,Non-Rec Visits,non_rec_visits,Total Non-Recreation Visits
CHIS,2022,12,TV,18445,Total Visits,total_visits,Total Visits (Recreation + Non-Recreation)
CHIS,2022,12,TRVH,201317,Rec Hrs,rec_hrs,Total Recreation Visitor Hours
CHIS,2022,12,TH,222115,Total Hrs,total_hrs,Total Hours (Recreation + Non-Recreation)
CHIS,2022,12,CL,0,Conc Lodging,conc_lodging,Concessioner Lodging Overnight Stays
CHIS,2022,12,CCG,0,Conc Camp,conc_camp,Concessioner Campground Overnight Stays
CHIS,2022,12,TT,0,Tent Camp,tent_camp,Tent Camping Overnight Stays (NPS)
CHIS,2022,12,TRVS,0,Rec Stays,rec_stays,Total Recreation Overnight Stays
CHIS,2022,12,TTRV,0,Tent & RV,tent_rv,Total Tent and RV Camping Stays
CHIS,2022,12,BC,504,Backcountry,backcountry,Backcountry Camping Overnight Stays
CHIS,2022,12,MISC,864,Misc Stays,misc_stays,Miscellaneous Overnight Stays
CHIS,2022,12,NROS,674,Non-Rec Stays,non_rec_stays,Non-Recreation Overnight Stays
CHIS,2022,12,TOS,2042,Total Stays,total_stays,Total Overnight Stays
CHIS,2022,12,TNRVH,20798,Non-Rec Hrs,non_rec_hrs,Total Non-Recreation Visitor Hours
CHIS,2022,9,TRV,31120,Rec Visits,rec_visits,Total Recreation Visits
CHIS,2022,9,TNRV,1721,Non-Rec Visits,non_rec_visits,Total Non-Recreation Visits
CHIS,2022,9,TV,32841,Total Visits,total_visits,Total Visits (Recreation + Non-Recreation)
CHIS,2022,9,TRVH,528064,Rec Hrs,rec_hrs,Total Recreation Visitor Hours
CHIS,2022,9,TH,569378,Total Hrs,total_hrs,Total Hours (Recreation + Non-Recreation)
CHIS,2022,9,CL,0,Conc Lodging,conc_lodging,Concessioner Lodging Overnight Stays
CHIS,2022,9,CCG,0,Conc Camp,conc_camp,Concessioner Campground Overnight Stays
CHIS,2022,9,TT,0,Tent Camp,tent_camp,Tent Camping Overnight Stays (NPS)
CHIS,2022,9,TRVS,0,Rec Stays,rec_stays,Total Recreation Overnight Stays
CHIS,2022,9,TTRV,0,Tent & RV,tent_rv,Total Tent and RV Camping Stays
CHIS,2022,9,BC,2852,Backcountry,backcountry,Backcountry Camping Overnight Stays
CHIS,2022,9,MISC,8708,Misc Stays,misc_stays,Miscellaneous Overnight Stays
CHIS,2022,9,NROS,1076,Non-Rec Stays,non_rec_stays,Non-Recreation Overnight Stays
CHIS,2022,9,TOS,12636,Total Stays,total_stays,Total Overnight Stays
CHIS,2022,9,TNRVH,41314,Non-Rec Hrs,non_rec_hrs,Total Non-Recreation Visitor Hours
CHIS,2022,6,TRV,30138,Rec Visits,rec_visits,Total Recreation Visits
CHIS,2022,6,TNRV,1075,Non-Rec Visits,non_rec_visits,Total Non-Recreation Visits
CHIS,2022,6,TV,31212,Total Visits,total_visits,Total Visits (Recreation + Non-Recreation)
CHIS,2022,6,TRVH,411425,Rec Hrs,rec_hrs,Total Recreation Visitor Hours
CHIS,2022,6,TH,437220,Total Hrs,total_hrs,Total Hours (Recreation + Non-Recreation)
CHIS,2022,6,CL,0,Conc Lodging,conc_lodging,Concessioner Lodging Overnight Stays
CHIS,2022,6,CCG,0,Conc Camp,conc_camp,Concessioner Campground Overnight Stays
CHIS,2022,6,TT,0,Tent Camp,tent_camp,Tent Camping Overnight Stays (NPS)
CHIS,2022,6,TRVS,0,Rec Stays,rec_stays,Total Recreation Overnight Stays
CHIS,2022,6,TTRV,0,Tent & RV,tent_rv,Total Tent and RV Camping Stays
CHIS,2022,6,BC,4070,Backcountry,backcountry,Backcountry Camping Overnight Stays
CHIS,2022,6,MISC,4334,Misc Stays,misc_stays,Miscellaneous Overnight Stays
CHIS,2022,6,NROS,675,Non-Rec Stays,non_rec_stays,Non-Recreation Overnight Stays
CHIS,2022,6,TOS,9078,Total Stays,total_stays,Total Overnight Stays
CHIS,2022,6,TNRVH,25795,Non-Rec Hrs,non_rec_hrs,Total Non-Recreation Visitor Hours
CHIS,2023,10,TRV,28935,Rec Visits,rec_visits,Total Recreation Visits
CHIS,2023,10,TNRV,987,Non-Rec Visits,non_rec_visits,Total Non-Recreation Visits
CHIS,2023,10,TV,29922,Total Visits,total_visits,Total Visits (Recreation + Non-Recreation)
CHIS,2023,10,TRVH,431434,Rec Hrs,rec_hrs,Total Recreation Visitor Hours
CHIS,2023,10,TH,455116,Total Hrs,total_hrs,Total Hours (Recreation + Non-Recreation)
CHIS,2023,10,CL,0,Conc Lodging,conc_lodging,Concessioner Lodging Overnight Stays
CHIS,2023,10,CCG,0,Conc Camp,conc_camp,Concessioner Campground Overnight Stays
CHIS,2023,10,TT,0,Tent Camp,tent_camp,Tent Camping Overnight Stays (NPS)
CHIS,2023,10,TRVS,0,Rec Stays,rec_stays,Total Recreation Overnight Stays
CHIS,2023,10,TTRV,0,Tent & RV,tent_rv,Total Tent and RV Camping Stays
CHIS,2023,10,BC,2036,Backcountry,backcountry,Backcountry Camping Overnight Stays
CHIS,2023,10,MISC,5229,Misc Stays,misc_stays,Miscellaneous Overnight Stays
CHIS,2023,10,NROS,832,Non-Rec Stays,non_rec_stays,Non-Recreation Overnight Stays
CHIS,2023,10,TOS,8097,Total Stays,total_stays,Total Overnight Stays
CHIS,2023,10,TNRVH,23682,Non-Rec Hrs,non_rec_hrs,Total Non-Recreation Visitor Hours
CHIS,2023,3,TRV,25063,Rec Visits,rec_visits,Total Recreation Visits
CHIS,2023,3,TNRV,997,Non-Rec Visits,non_rec_visits,Total Non-Recreation Visits
CHIS,2023,3,TV,26060,Total Visits,total_visits,Total Visits (Recreation + Non-Recreation)
CHIS,2023,3,TRVH,243740,Rec Hrs,rec_hrs,Total Recreation Visitor Hours
CHIS,2023,3,TH,267671,Total Hrs,total_hrs,Total Hours (Recreation + Non-Recreation)
CHIS,2023,3,CL,0,Conc Lodging,conc_lodging,Concessioner Lodging Overnight Stays
CHIS,2023,3,CCG,0,Conc Camp,conc_camp,Concessioner Campground Overnight Stays
CHIS,2023,3,TT,0,Tent Camp,tent_camp,Tent Camping Overnight Stays (NPS)
CHIS,2023,3,TRVS,0,Rec Stays,rec_stays,Total Recreation Overnight Stays
CHIS,2023,3,TTRV,0,Tent & RV,tent_rv,Total Tent and RV Camping Stays
CHIS,2023,3,BC,660,Backcountry,backcountry,Backcountry Camping Overnight Stays
CHIS,2023,3,MISC,1588,Misc Stays,misc_stays,Miscellaneous Overnight Stays
CHIS,2023,3,NROS,643,Non-Rec Stays,non_rec_stays,Non-Recreation Overnight Stays
CHIS,2023,3,TOS,2892,Total Stays,total_stays,Total Overnight Stays
CHIS,2023,3,TNRVH,23930,Non-Rec Hrs,non_rec_hrs,Total Non-Recreation Visitor Hours
CHIS,2022,2,TRV,21175,Rec Visits,rec_visits,Total Recreation Visits
CHIS,2022,2,TNRV,894,Non-Rec Visits,non_rec_visits,Total Non-Recreation Visits
CHIS,2022,2,TV,22069,Total Visits,total_visits,Total Visits (Recreation + Non-Recreation)
CHIS,2022,2,TRVH,251038,Rec Hrs,rec_hrs,Total Recreation Visitor Hours
CHIS,2022,2,TH,272484,Total Hrs,total_hrs,Total Hours (Recreation + Non-Recreation)
CHIS,2022,2,CL,0,Conc Lodging,conc_lodging,Concessioner Lodging Overnight Stays
CHIS,2022,2,CCG,0,Conc Camp,conc_camp,Concessioner Campground Overnight Stays
CHIS,2022,2,TT,0,Tent Camp,tent_camp,Tent Camping Overnight Stays (NPS)
CHIS,2022,2,TRVS,0,Rec Stays,rec_stays,Total Recreation Overnight Stays
CHIS,2022,2,TTRV,0,Tent & RV,tent_rv,Total Tent and RV Camping Stays
CHIS,2022,2,BC,1210,Backcountry,backcountry,Backcountry Camping Overnight Stays
CHIS,2022,2,MISC,504,Misc Stays,misc_stays,Miscellaneous Overnight Stays
CHIS,2022,2,NROS,363,Non-Rec Stays,non_rec_stays,Non-Recreation Overnight Stays
CHIS,2022,2,TOS,2077,Total Stays,total_stays,Total Overnight Stays
CHIS,2022,2,TNRVH,21446,Non-Rec Hrs,non_rec_hrs,Total Non-Recreation Visitor Hours
CHIS,2022,11,TRV,27468,Rec Visits,rec_visits,Total Recreation Visits
CHIS,2022,11,TNRV,1626,Non-Rec Visits,non_rec_visits,Total Non-Recreation Visits
CHIS,2022,11,TV,29093,Total Visits,total_visits,Total Visits (Recreation + Non-Recreation)
CHIS,2022,11,TRVH,425680,Rec Hrs,rec_hrs,Total Recreation Visitor Hours
CHIS,2022,11,TH,464697,Total Hrs,total_hrs,Total Hours (Recreation + Non-Recreation)
CHIS,2022,11,CL,0,Conc Lodging,conc_lodging,Concessioner Lodging Overnight Stays
CHIS,2022,11,CCG,0,Conc Camp,conc_camp,Concessioner Campground Overnight Stays
CHIS,2022,11,TT,0,Tent Camp,tent_camp,Tent Camping Overnight Stays (NPS)
CHIS,2022,11,TRVS,0,Rec Stays,rec_stays,Total Recreation Overnight Stays
CHIS,2022,11,TTRV,0,Tent & RV,tent_rv,Total Tent and RV Camping Stays
CHIS,2022,11,BC,1389,Backcountry,backcountry,Backcountry Camping Overnight Stays
CHIS,2022,11,MISC,2344,Misc Stays,misc_stays,Miscellaneous Overnight Stays
CHIS,2022,11,NROS,954,Non-Rec Stays,non_rec_stays,Non-Recreation Overnight Stays
CHIS,2022,11,TOS,4688,Total Stays,total_stays,Total Overnight Stays
CHIS,2022,11,TNRVH,39017,Non-Rec Hrs,non_rec_hrs,Total Non-Recreation Visitor Hours
CHIS,2022,8,TRV,33844,Rec Visits,rec_visits,Total Recreation Visits
CHIS,2022,8,TNRV,1174,Non-Rec Visits,non_rec_visits,Total Non-Recreation Visits
CHIS,2022,8,TV,35018,Total Visits,total_visits,Total Visits (Recreation + Non-Recreation)
CHIS,2022,8,TRVH,495092,Rec Hrs,rec_hrs,Total Recreation Visitor Hours
CHIS,2022,8,TH,523268,Total Hrs,total_hrs,Total Hours (Recreation + Non-Recreation)
CHIS,2022,8,CL,0,Conc Lodging,conc_lodging,Concessioner Lodging Overnight Stays
CHIS,2022,8,CCG,0,Conc Camp,conc_camp,Concessioner Campground Overnight Stays
CHIS,2022,8,TT,0,Tent Camp,tent_camp,Tent Camping Overnight Stays (NPS)
CHIS,2022,8,TRVS,0,Rec Stays,rec_stays,Total Recreation Overnight Stays
CHIS,2022,8,TTRV,0,Tent & RV,tent_rv,Total Tent and RV Camping Stays
CHIS,2022,8,BC,3700,Backcountry,backcountry,Backcountry Camping Overnight Stays
CHIS,2022,8,MISC,8374,Misc Stays,misc_stays,Miscellaneous Overnight Stays
CHIS,2022,8,NROS,860,Non-Rec Stays,non_rec_stays,Non-Recreation Overnight Stays
CHIS,2022,8,TOS,12934,Total Stays,total_stays,Total Overnight Stays
CHIS,2022,8,TNRVH,28176,Non-Rec Hrs,non_rec_hrs,Total Non-Recreation Visitor Hours
CHIS,2022,5,TRV,23636,Rec Visits,rec_visits,Total Recreation Visits
CHIS,2022,5,TNRV,1103,Non-Rec Visits,non_rec_visits,Total Non-Recreation Visits
CHIS,2022,5,TV,24739,Total Visits,total_visits,Total Visits (Recreation + Non-Recreation)
CHIS,2022,5,TRVH,305441,Rec Hrs,rec_hrs,Total Recreation Visitor Hours
CHIS,2022,5,TH,331913,Total Hrs,total_hrs,Total Hours (Recreation + Non-Recreation)
CHIS,2022,5,CL,0,Conc Lodging,conc_lodging,Concessioner Lodging Overnight Stays
CHIS,2022,5,CCG,0,Conc Camp,conc_camp,Concessioner Campground Overnight Stays
CHIS,2022,5,TT,0,Tent Camp,tent_camp,Tent Camping Overnight Stays (NPS)
CHIS,2022,5,TRVS,0,Rec Stays,rec_stays,Total Recreation Overnight Stays
CHIS,2022,5,TTRV,0,Tent & RV,tent_rv,Total Tent and RV Camping Stays
CHIS,2022,5,BC,2670,Backcountry,backcountry,Backcountry Camping Overnight Stays
CHIS,2022,5,MISC,3528,Misc Stays,misc_stays,Miscellaneous Overnight Stays
CHIS,2022,5,NROS,690,Non-Rec Stays,non_rec_stays,Non-Recreation Overnight Stays
CHIS,2022,5,TOS,6888,Total Stays,total_stays,Total Overnight Stays
CHIS,2022,5,TNRVH,26472,Non-Rec Hrs,non_rec_hrs,Total Non-Recreation Visitor Hours
CHIS,2021,3,TRV,13914,Rec Visits,rec_visits,Total Recreation Visits
CHIS,2021,3,TNRV,857,Non-Rec Visits,non_rec_visits,Total Non-Recreation Visits
CHIS,2021,3,TV,14772,Total Visits,total_visits,Total Visits (Recreation + Non-Recreation)
CHIS,2021,3,TRVH,249223,Rec Hrs,rec_hrs,Total Recreation Visitor Hours
CHIS,2021,3,TH,269796,Total Hrs,total_hrs,Total Hours (Recreation + Non-Recreation)
CHIS,2021,3,CL,0,Conc Lodging,conc_lodging,Concessioner Lodging Overnight Stays
CHIS,2021,3,CCG,0,Conc Camp,conc_camp,Concessioner Campground Overnight Stays
CHIS,2021,3,TT,0,Tent Camp,tent_camp,Tent Camping Overnight Stays (NPS)
CHIS,2021,3,TRVS,0,Rec Stays,rec_stays,Total Recreation Overnight Stays
CHIS,2021,3,TTRV,0,Tent & RV,tent_rv,Total Tent and RV Camping Stays
CHIS,2021,3,BC,1136,Backcountry,backcountry,Backcountry Camping Overnight Stays
CHIS,2021,3,MISC,1588,Misc Stays,misc_stays,Miscellaneous Overnight Stays
CHIS,2021,3,NROS,466,Non-Rec Stays,non_rec_stays,Non-Recreation Overnight Stays
CHIS,2021,3,TOS,3190,Total Stays,total_stays,Total Overnight Stays
CHIS,2021,3,TNRVH,20573,Non-Rec Hrs,non_rec_hrs,Total Non-Recreation Visitor Hours
CHIS,2021,10,TRV,35612,Rec Visits,rec_visits,Total Recreation Visits
CHIS,2021,10,TNRV,1086,Non-Rec Visits,non_rec_visits,Total Non-Recreation Visits
CHIS,2021,10,TV,36697,Total Visits,total_visits,Total Visits (Recreation + Non-Recreation)
CHIS,2021,10,TRVH,604112,Rec Hrs,rec_hrs,Total Recreation Visitor Hours
CHIS,2021,10,TH,630173,Total Hrs,total_hrs,Total Hours (Recreation + Non-Recreation)
CHIS,2021,10,CL,0,Conc Lodging,conc_lodging,Concessioner Lodging Overnight Stays
CHIS,2021,10,CCG,0,Conc Camp,conc_camp,Concessioner Campground Overnight Stays
CHIS,2021,10,TT,0,Tent Camp,tent_camp,Tent Camping Overnight Stays (NPS)
CHIS,2021,10,TRVS,0,Rec Stays,rec_stays,Total Recreation Overnight Stays
CHIS,2021,10,TTRV,0,Tent & RV,tent_rv,Total Tent and RV Camping Stays
CHIS,2021,10,BC,2965,Backcountry,backcountry,Backcountry Camping Overnight Stays
CHIS,2021,10,MISC,5229,Misc Stays,misc_stays,Miscellaneous Overnight Stays
CHIS,2021,10,NROS,804,Non-Rec Stays,non_rec_stays,Non-Recreation Overnight Stays
CHIS,2021,10,TOS,8998,Total Stays,total_stays,Total Overnight Stays
CHIS,2021,10,TNRVH,26061,Non-Rec Hrs,non_rec_hrs,Total Non-Recreation Visitor Hours
CHIS,2021,1,TRV,1684,Rec Visits,rec_visits,Total Recreation Visits
CHIS,2021,1,TNRV,742,Non-Rec Visits,non_rec_visits,Total Non-Recreation Visits
CHIS,2021,1,TV,2426,Total Visits,total_visits,Total Visits (Recreation + Non-Recreation)
CHIS,2021,1,TRVH,40416,Rec Hrs,rec_hrs,Total Recreation Visitor Hours
CHIS,2021,1,TH,58216,Total Hrs,total_hrs,Total Hours (Recreation + Non-Recreation)
CHIS,2021,1,CL,0,Conc Lodging,conc_lodging,Concessioner Lodging Overnight Stays
CHIS,2021,1,CCG,0,Conc Camp,conc_camp,Concessioner Campground Overnight Stays
CHIS,2021,1,TT,0,Tent Camp,tent_camp,Tent Camping Overnight Stays (NPS)
CHIS,2021,1,TRVS,0,Rec Stays,rec_stays,Total Recreation Overnight Stays
CHIS,2021,1,TTRV,0,Tent & RV,tent_rv,Total Tent and RV Camping Stays
CHIS,2021,1,BC,8,Backcountry,backcountry,Backcountry Camping Overnight Stays
CHIS,2021,1,MISC,896,Misc Stays,misc_stays,Miscellaneous Overnight Stays
CHIS,2021,1,NROS,688,Non-Rec Stays,non_rec_stays,Non-Recreation Overnight Stays
CHIS,2021,1,TOS,1592,Total Stays,total_stays,Total Overnight Stays
CHIS,2021,1,TNRVH,17800,Non-Rec Hrs,non_rec_hrs,Total Non-Recreation Visitor Hours
CHIS,2021,7,TRV,41381,Rec Visits,rec_visits,Total Recreation Visits
CHIS,2021,7,TNRV,1016,Non-Rec Visits,non_rec_visits,Total Non-Recreation Visits
CHIS,2021,7,TV,42397,Total Visits,total_visits,Total Visits (Recreation + Non-Recreation)
CHIS,2021,7,TRVH,539324,Rec Hrs,rec_hrs,Total Recreation Visitor Hours
CHIS,2021,7,TH,563713,Total Hrs,total_hrs,Total Hours (Recreation + Non-Recreation)
CHIS,2021,7,CL,0,Conc Lodging,conc_lodging,Concessioner Lodging Overnight Stays
CHIS,2021,7,CCG,0,Conc Camp,conc_camp,Concessioner Campground Overnight Stays
CHIS,2021,7,TT,0,Tent Camp,tent_camp,Tent Camping Overnight Stays (NPS)
CHIS,2021,7,TRVS,0,Rec Stays,rec_stays,Total Recreation Overnight Stays
CHIS,2021,7,TTRV,0,Tent & RV,tent_rv,Total Tent and RV Camping Stays
CHIS,2021,7,BC,3014,Backcountry,backcountry,Backcountry Camping Overnight Stays
CHIS,2021,7,MISC,6566,Misc Stays,misc_stays,Miscellaneous Overnight Stays
CHIS,2021,7,NROS,744,Non-Rec Stays,non_rec_stays,Non-Recreation Overnight Stays
CHIS,2021,7,TOS,10324,Total Stays,total_stays,Total Overnight Stays
CHIS,2021,7,TNRVH,24389,Non-Rec Hrs,non_rec_hrs,Total Non-Recreation Visitor Hours
CHIS,2021,4,TRV,22512,Rec Visits,rec_visits,Total Recreation Visits
CHIS,2021,4,TNRV,929,Non-Rec Visits,non_rec_visits,Total Non-Recreation Visits
CHIS,2021,4,TV,23441,Total Visits,total_visits,Total Visits (Recreation + Non-Recreation)
CHIS,2021,4,TRVH,321388,Rec Hrs,rec_hrs,Total Recreation Visitor Hours
CHIS,2021,4,TH,343695,Total Hrs,total_hrs,Total Hours (Recreation + Non-Recreation)
CHIS,2021,4,CL,0,Conc Lodging,conc_lodging,Concessioner Lodging Overnight Stays
CHIS,2021,4,CCG,0,Conc Camp,conc_camp,Concessioner Campground Overnight Stays
CHIS,2021,4,TT,0,Tent Camp,tent_camp,Tent Camping Overnight Stays (NPS)
CHIS,2021,4,TRVS,0,Rec Stays,rec_stays,Total Recreation Overnight Stays
CHIS,2021,4,TTRV,0,Tent & RV,tent_rv,Total Tent and RV Camping Stays
CHIS,2021,4,BC,1832,Backcountry,backcountry,Backcountry Camping Overnight Stays
CHIS,2021,4,MISC,2142,Misc Stays,misc_stays,Miscellaneous Overnight Stays
CHIS,2021,4,NROS,461,Non-Rec Stays,non_rec_stays,Non-Recreation Overnight Stays
CHIS,2021,4,TOS,4435,Total Stays,total_stays,Total Overnight Stays
CHIS,2021,4,TNRVH,22306,Non-Rec Hrs,non_rec_hrs,Total Non-Recreation Visitor Hours
CHIS,2023,7,TRV,38390,Rec Visits,rec_visits,Total Recreation Visits
CHIS,2023,7,TNRV,947,Non-Rec Visits,non_rec_visits,Total Non-Recreation Visits
CHIS,2023,7,TV,39337,Total Visits,total_visits,Total Visits (Recreation + Non-Recreation)
CHIS,2023,7,TRVH,506429,Rec Hrs,rec_hrs,Total Recreation Visitor Hours
CHIS,2023,7,TH,529166,Total Hrs,total_hrs,Total Hours (Recreation + Non-Recreation)
CHIS,2023,7,CL,0,Conc Lodging,conc_lodging,Concessioner Lodging Overnight Stays
CHIS,2023,7,CCG,0,Conc Camp,conc_camp,Concessioner Campground Overnight Stays
CHIS,2023,7,TT,0,Tent Camp,tent_camp,Tent Camping Overnight Stays (NPS)
CHIS,2023,7,TRVS,0,Rec Stays,rec_stays,Total Recreation Overnight Stays
CHIS,2023,7,TTRV,0,Tent & RV,tent_rv,Total Tent and RV Camping Stays
CHIS,2023,7,BC,3753,Backcountry,backcountry,Backcountry Camping Overnight Stays
CHIS,2023,7,MISC,6566,Misc Stays,misc_stays,Miscellaneous Overnight Stays
CHIS,2023,7,NROS,760,Non-Rec Stays,non_rec_stays,Non-Recreation Overnight Stays
CHIS,2023,7,TOS,11078,Total Stays,total_stays,Total Overnight Stays
CHIS,2023,7,TNRVH,22737,Non-Rec Hrs,non_rec_hrs,Total Non-Recreation Visitor Hours
CHIS,2023,1,TRV,12950,Rec Visits,rec_visits,Total Recreation Visits
CHIS,2023,1,TNRV,1330,Non-Rec Visits,non_rec_visits,Total Non-Recreation Visits
CHIS,2023,1,TV,14280,Total Visits,total_visits,Total Visits (Recreation + Non-Recreation)
CHIS,2023,1,TRVH,144833,Rec Hrs,rec_hrs,Total Recreation Visitor Hours
CHIS,2023,1,TH,176762,Total Hrs,total_hrs,Total Hours (Recreation + Non-Recreation)
CHIS,2023,1,CL,0,Conc Lodging,conc_lodging,Concessioner Lodging Overnight Stays
CHIS,2023,1,CCG,0,Conc Camp,conc_camp,Concessioner Campground Overnight Stays
CHIS,2023,1,TT,0,Tent Camp,tent_camp,Tent Camping Overnight Stays (NPS)
CHIS,2023,1,TRVS,0,Rec Stays,rec_stays,Total Recreation Overnight Stays
CHIS,2023,1,TTRV,0,Tent & RV,tent_rv,Total Tent and RV Camping Stays
CHIS,2023,1,BC,314,Backcountry,backcountry,Backcountry Camping Overnight Stays
CHIS,2023,1,MISC,896,Misc Stays,misc_stays,Miscellaneous Overnight Stays
CHIS,2023,1,NROS,688,Non-Rec Stays,non_rec_stays,Non-Recreation Overnight Stays
CHIS,2023,1,TOS,1898,Total Stays,total_stays,Total Overnight Stays
CHIS,2023,1,TNRVH,31928,Non-Rec Hrs,non_rec_hrs,Total Non-Recreation Visitor Hours
CHIS,2023,4,TRV,27243,Rec Visits,rec_visits,Total Recreation Visits
CHIS,2023,4,TNRV,1062,Non-Rec Visits,non_rec_visits,Total Non-Recreation Visits
CHIS,2023,4,TV,28305,Total Visits,total_visits,Total Visits (Recreation + Non-Recreation)
CHIS,2023,4,TRVH,330587,Rec Hrs,rec_hrs,Total Recreation Visitor Hours
CHIS,2023,4,TH,356078,Total Hrs,total_hrs,Total Hours (Recreation + Non-Recreation)
CHIS,2023,4,CL,0,Conc Lodging,conc_lodging,Concessioner Lodging Overnight Stays
CHIS,2023,4,CCG,0,Conc Camp,conc_camp,Concessioner Campground Overnight Stays
CHIS,2023,4,TT,0,Tent Camp,tent_camp,Tent Camping Overnight Stays (NPS)
CHIS,2023,4,TRVS,0,Rec Stays,rec_stays,Total Recreation Overnight Stays
CHIS,2023,4,TTRV,0,Tent & RV,tent_rv,Total Tent and RV Camping Stays
CHIS,2023,4,BC,1885,Backcountry,backcountry,Backcountry Camping Overnight Stays
CHIS,2023,4,MISC,2142,Misc Stays,misc_stays,Miscellaneous Overnight Stays
CHIS,2023,4,NROS,597,Non-Rec Stays,non_rec_stays,Non-Recreation Overnight Stays
CHIS,2023,4,TOS,4624,Total Stays,total_stays,Total Overnight Stays
CHIS,2023,4,TNRVH,25492,Non-Rec Hrs,non_rec_hrs,Total Non-Recreation Visitor Hours
CHIS,2023,9,TRV,31607,Rec Visits,rec_visits,Total Recreation Visits
CHIS,2023,9,TNRV,1295,Non-Rec Visits,non_rec_visits,Total Non-Recreation Visits
CHIS,2023,9,TV,32901,Total Visits,total_visits,Total Visits (Recreation + Non-Recreation)
CHIS,2023,9,TRVH,457471,Rec Hrs,rec_hrs,Total Recreation Visitor Hours
CHIS,2023,9,TH,488544,Total Hrs,total_hrs,Total Hours (Recreation + Non-Recreation)
CHIS,2023,9,CL,0,Conc Lodging,conc_lodging,Concessioner Lodging Overnight Stays
CHIS,2023,9,CCG,0,Conc Camp,conc_camp,Concessioner Campground Overnight Stays
CHIS,2023,9,TT,0,Tent Camp,tent_camp,Tent Camping Overnight Stays (NPS)
CHIS,2023,9,TRVS,0,Rec Stays,rec_stays,Total Recreation Overnight Stays
CHIS,2023,9,TTRV,0,Tent & RV,tent_rv,Total Tent and RV Camping Stays
CHIS,2023,9,BC,2829,Backcountry,backcountry,Backcountry Camping Overnight Stays
CHIS,2023,9,MISC,8708,Misc Stays,misc_stays,Miscellaneous Overnight Stays
CHIS,2023,9,NROS,979,Non-Rec Stays,non_rec_stays,Non-Recreation Overnight Stays
CHIS,2023,9,TOS,12516,Total Stays,total_stays,Total Overnight Stays
CHIS,2023,9,TNRVH,31072,Non-Rec Hrs,non_rec_hrs,Total Non-Recreation Visitor Hours
CHIS,2023,12,TRV,19088,Rec Visits,rec_visits,Total Recreation Visits
CHIS,2023,12,TNRV,815,Non-Rec Visits,non_rec_visits,Total Non-Recreation Visits
CHIS,2023,12,TV,19903,Total Visits,total_visits,Total Visits (Recreation + Non-Recreation)
CHIS,2023,12,TRVH,152118,Rec Hrs,rec_hrs,Total Recreation Visitor Hours
CHIS,2023,12,TH,171672,Total Hrs,total_hrs,Total Hours (Recreation + Non-Recreation)
CHIS,2023,12,CL,0,Conc Lodging,conc_lodging,Concessioner Lodging Overnight Stays
CHIS,2023,12,CCG,0,Conc Camp,conc_camp,Concessioner Campground Overnight Stays
CHIS,2023,12,TT,0,Tent Camp,tent_camp,Tent Camping Overnight Stays (NPS)
CHIS,2023,12,TRVS,0,Rec Stays,rec_stays,Total Recreation Overnight Stays
CHIS,2023,12,TTRV,0,Tent & RV,tent_rv,Total Tent and RV Camping Stays
CHIS,2023,12,BC,441,Backcountry,backcountry,Backcountry Camping Overnight Stays
CHIS,2023,12,MISC,864,Misc Stays,misc_stays,Miscellaneous Overnight Stays
CHIS,2023,12,NROS,674,Non-Rec Stays,non_rec_stays,Non-Recreation Overnight Stays
CHIS,2023,12,TOS,1979,Total Stays,total_stays,Total Overnight Stays
CHIS,2023,12,TNRVH,19554,Non-Rec Hrs,non_rec_hrs,Total Non-Recreation Visitor Hours
CHIS,2023,6,TRV,36635,Rec Visits,rec_visits,Total Recreation Visits
CHIS,2023,6,TNRV,931,Non-Rec Visits,non_rec_visits,Total Non-Recreation Visits
CHIS,2023,6,TV,37566,Total Visits,total_visits,Total Visits (Recreation + Non-Recreation)
CHIS,2023,6,TRVH,556661,Rec Hrs,rec_hrs,Total Recreation Visitor Hours
CHIS,2023,6,TH,579007,Total Hrs,total_hrs,Total Hours (Recreation + Non-Recreation)
CHIS,2023,6,CL,0,Conc Lodging,conc_lodging,Concessioner Lodging Overnight Stays
CHIS,2023,6,CCG,0,Conc Camp,conc_camp,Concessioner Campground Overnight Stays
CHIS,2023,6,TT,0,Tent Camp,tent_camp,Tent Camping Overnight Stays (NPS)
CHIS,2023,6,TRVS,0,Rec Stays,rec_stays,Total Recreation Overnight Stays
CHIS,2023,6,TTRV,0,Tent & RV,tent_rv,Total Tent and RV Camping Stays
CHIS,2023,6,BC,3568,Backcountry,backcountry,Backcountry Camping Overnight Stays
CHIS,2023,6,MISC,4334,Misc Stays,misc_stays,Miscellaneous Overnight Stays
CHIS,2023,6,NROS,675,Non-Rec Stays,non_rec_stays,Non-Recreation Overnight Stays
CHIS,2023,6,TOS,8576,Total Stays,total_stays,Total Overnight Stays
CHIS,2023,6,TNRVH,22346,Non-Rec Hrs,non_rec_hrs,Total Non-Recreation Visitor Hours
CHIS,2021,2,TRV,13176,Rec Visits,rec_visits,Total Recreation Visits
CHIS,2021,2,TNRV,565,Non-Rec Visits,non_rec_visits,Total Non-Recreation Visits
CHIS,2021,2,TV,13742,Total Visits,total_visits,Total Visits (Recreation + Non-Recreation)
CHIS,2021,2,TRVH,304770,Rec Hrs,rec_hrs,Total Recreation Visitor Hours
CHIS,2021,2,TH,318337,Total Hrs,total_hrs,Total Hours (Recreation + Non-Recreation)
CHIS,2021,2,CL,0,Conc Lodging,conc_lodging,Concessioner Lodging Overnight Stays
CHIS,2021,2,CCG,0,Conc Camp,conc_camp,Concessioner Campground Overnight Stays
CHIS,2021,2,TT,0,Tent Camp,tent_camp,Tent Camping Overnight Stays (NPS)
CHIS,2021,2,TRVS,0,Rec Stays,rec_stays,Total Recreation Overnight Stays
CHIS,2021,2,TTRV,0,Tent & RV,tent_rv,Total Tent and RV Camping Stays
CHIS,2021,2,BC,254,Backcountry,backcountry,Backcountry Camping Overnight Stays
CHIS,2021,2,MISC,504,Misc Stays,misc_stays,Miscellaneous Overnight Stays
CHIS,2021,2,NROS,351,Non-Rec Stays,non_rec_stays,Non-Recreation Overnight Stays
CHIS,2021,2,TOS,1109,Total Stays,total_stays,Total Overnight Stays
CHIS,2021,2,TNRVH,13567,Non-Rec Hrs,non_rec_hrs,Total Non-Recreation Visitor Hours
CHIS,2021,11,TRV,30330,Rec Visits,rec_visits,Total Recreation Visits
CHIS,2021,11,TNRV,1314,Non-Rec Visits,non_rec_visits,Total Non-Recreation Visits
CHIS,2021,11,TV,31644,Total Visits,total_visits,Total Visits (Recreation + Non-Recreation)
CHIS,2021,11,TRVH,458213,Rec Hrs,rec_hrs,Total Recreation Visitor Hours
CHIS,2021,11,TH,489748,Total Hrs,total_hrs,Total Hours (Recreation + Non-Recreation)
CHIS,2021,11,CL,0,Conc Lodging,conc_lodging,Concessioner Lodging Overnight Stays
CHIS,2021,11,CCG,0,Conc Camp,conc_camp,Concessioner Campground Overnight Stays
CHIS,2021,11,TT,0,Tent Camp,tent_camp,Tent Camping Overnight Stays (NPS)
CHIS,2021,11,TRVS,0,Rec Stays,rec_stays,Total Recreation Overnight Stays
CHIS,2021,11,TTRV,0,Tent & RV,tent_rv,Total Tent and RV Camping Stays
CHIS,2021,11,BC,2255,Backcountry,backcountry,Backcountry Camping Overnight Stays
CHIS,2021,11,MISC,2344,Misc Stays,misc_stays,Miscellaneous Overnight Stays
CHIS,2021,11,NROS,908,Non-Rec Stays,non_rec_stays,Non-Recreation Overnight Stays
CHIS,2021,11,TOS,5508,Total Stays,total_stays,Total Overnight Stays
CHIS,2021,11,TNRVH,31534,Non-Rec Hrs,non_rec_hrs,Total Non-Recreation Visitor Hours
CHIS,2021,8,TRV,36839,Rec Visits,rec_visits,Total Recreation Visits
CHIS,2021,8,TNRV,1157,Non-Rec Visits,non_rec_visits,Total Non-Recreation Visits
CHIS,2021,8,TV,37996,Total Visits,total_visits,Total Visits (Recreation + Non-Recreation)
CHIS,2021,8,TRVH,530506,Rec Hrs,rec_hrs,Total Recreation Visitor Hours
CHIS,2021,8,TH,558264,Total Hrs,total_hrs,Total Hours (Recreation + Non-Recreation)
CHIS,2021,8,CL,0,Conc Lodging,conc_lodging,Concessioner Lodging Overnight Stays
CHIS,2021,8,CCG,0,Conc Camp,conc_camp,Concessioner Campground Overnight Stays
CHIS,2021,8,TT,0,Tent Camp,tent_camp,Tent Camping Overnight Stays (NPS)
CHIS,2021,8,TRVS,0,Rec Stays,rec_stays,Total Recreation Overnight Stays
CHIS,2021,8,TTRV,0,Tent & RV,tent_rv,Total Tent and RV Camping Stays
CHIS,2021,8,BC,3254,Backcountry,backcountry,Backcountry Camping Overnight Stays
CHIS,2021,8,MISC,8374,Misc Stays,misc_stays,Miscellaneous Overnight Stays
CHIS,2021,8,NROS,793,Non-Rec Stays,non_rec_stays,Non-Recreation Overnight Stays
CHIS,2021,8,TOS,12422,Total Stays,total_stays,Total Overnight Stays
CHIS,2021,8,TNRVH,27758,Non-Rec Hrs,non_rec_hrs,Total Non-Recreation Visitor Hours
CHIS,2021,5,TRV,28239,Rec Visits,rec_visits,Total Recreation Visits
CHIS,2021,5,TNRV,862,Non-Rec Visits,non_rec_visits,Total Non-Recreation Visits
CHIS,2021,5,TV,29101,Total Visits,total_visits,Total Visits (Recreation + Non-Recreation)
CHIS,2021,5,TRVH,410220,Rec Hrs,rec_hrs,Total Recreation Visitor Hours
CHIS,2021,5,TH,430898,Total Hrs,total_hrs,Total Hours (Recreation + Non-Recreation)
CHIS,2021,5,CL,0,Conc Lodging,conc_lodging,Concessioner Lodging Overnight Stays
CHIS,2021,5,CCG,0,Conc Camp,conc_camp,Concessioner Campground Overnight Stays
CHIS,2021,5,TT,0,Tent Camp,tent_camp,Tent Camping Overnight Stays (NPS)
CHIS,2021,5,TRVS,0,Rec Stays,rec_stays,Total Recreation Overnight Stays
CHIS,2021,5,TTRV,0,Tent & RV,tent_rv,Total Tent and RV Camping Stays
CHIS,2021,5,BC,2691,Backcountry,backcountry,Backcountry Camping Overnight Stays
CHIS,2021,5,MISC,3528,Misc Stays,misc_stays,Miscellaneous Overnight Stays
CHIS,2021,5,NROS,603,Non-Rec Stays,non_rec_stays,Non-Recreation Overnight Stays
CHIS,2021,5,TOS,6822,Total Stays,total_stays,Total Overnight Stays
CHIS,2021,5,TNRVH,20678,Non-Rec Hrs,non_rec_hrs,Total Non-Recreation Visitor Hours
CHIS,2021,12,TRV,17467,Rec Visits,rec_visits,Total Recreation Visits
CHIS,2021,12,TNRV,1002,Non-Rec Visits,non_rec_visits,Total Non-Recreation Visits
CHIS,2021,12,TV,18470,Total Visits,total_visits,Total Visits (Recreation + Non-Recreation)
CHIS,2021,12,TRVH,194476,Rec Hrs,rec_hrs,Total Recreation Visitor Hours
CHIS,2021,12,TH,218536,Total Hrs,total_hrs,Total Hours (Recreation + Non-Recreation)
CHIS,2021,12,CL,0,Conc Lodging,conc_lodging,Concessioner Lodging Overnight Stays
CHIS,2021,12,CCG,0,Conc Camp,conc_camp,Concessioner Campground Overnight Stays
CHIS,2021,12,TT,0,Tent Camp,tent_camp,Tent Camping Overnight Stays (NPS)
CHIS,2021,12,TRVS,0,Rec Stays,rec_stays,Total Recreation Overnight Stays
CHIS,2021,12,TTRV,0,Tent & RV,tent_rv,Total Tent and RV Camping Stays
CHIS,2021,12,BC,712,Backcountry,backcountry,Backcountry Camping Overnight Stays
CHIS,2021,12,MISC,864,Misc Stays,misc_stays,Miscellaneous Overnight Stays
CHIS,2021,12,NROS,674,Non-Rec Stays,non_rec_stays,Non-Recreation Overnight Stays
CHIS,2021,12,TOS,2250,Total Stays,total_stays,Total Overnight Stays
CHIS,2021,12,TNRVH,24060,Non-Rec Hrs,non_rec_hrs,Total Non-Recreation Visitor Hours
CHIS,2021,9,TRV,37121,Rec Visits,rec_visits,Total Recreation Visits
CHIS,2021,9,TNRV,1575,Non-Rec Visits,non_rec_visits,Total Non-Recreation Visits
CHIS,2021,9,TV,38695,Total Visits,total_visits,Total Visits (Recreation + Non-Recreation)
CHIS,2021,9,TRVH,620060,Rec Hrs,rec_hrs,Total Recreation Visitor Hours
CHIS,2021,9,TH,657852,Total Hrs,total_hrs,Total Hours (Recreation + Non-Recreation)
CHIS,2021,9,CL,0,Conc Lodging,conc_lodging,Concessioner Lodging Overnight Stays
CHIS,2021,9,CCG,0,Conc Camp,conc_camp,Concessioner Campground Overnight Stays
CHIS,2021,9,TT,0,Tent Camp,tent_camp,Tent Camping Overnight Stays (NPS)
CHIS,2021,9,TRVS,0,Rec Stays,rec_stays,Total Recreation Overnight Stays
CHIS,2021,9,TTRV,0,Tent & RV,tent_rv,Total Tent and RV Camping Stays
CHIS,2021,9,BC,3632,Backcountry,backcountry,Backcountry Camping Overnight Stays
CHIS,2021,9,MISC,8708,Misc Stays,misc_stays,Miscellaneous Overnight Stays
CHIS,2021,9,NROS,947,Non-Rec Stays,non_rec_stays,Non-Recreation Overnight Stays
CHIS,2021,9,TOS,13286,Total Stays,total_stays,Total Overnight Stays
CHIS,2021,9,TNRVH,37792,Non-Rec Hrs,non_rec_hrs,Total Non-Recreation Visitor Hours
CHIS,2021,6,TRV,40977,Rec Visits,rec_visits,Total Recreation Visits
CHIS,2021,6,TNRV,993,Non-Rec Visits,non_rec_visits,Total Non-Recreation Visits
CHIS,2021,6,TV,41970,Total Visits,total_visits,Total Visits (Recreation + Non-Recreation)
CHIS,2021,6,TRVH,635779,Rec Hrs,rec_hrs,Total Recreation Visitor Hours
CHIS,2021,6,TH,659607,Total Hrs,total_hrs,Total Hours (Recreation + Non-Recreation)
CHIS,2021,6,CL,0,Conc Lodging,conc_lodging,Concessioner Lodging Overnight Stays
CHIS,2021,6,CCG,0,Conc Camp,conc_camp,Concessioner Campground Overnight Stays
CHIS,2021,6,TT,0,Tent Camp,tent_camp,Tent Camping Overnight Stays (NPS)
CHIS,2021,6,TRVS,0,Rec Stays,rec_stays,Total Recreation Overnight Stays
CHIS,2021,6,TTRV,0,Tent & RV,tent_rv,Total Tent and RV Camping Stays
CHIS,2021,6,BC,2776,Backcountry,backcountry,Backcountry Camping Overnight Stays
CHIS,2021,6,MISC,4334,Misc Stays,misc_stays,Miscellaneous Overnight Stays
CHIS,2021,6,NROS,593,Non-Rec Stays,non_rec_stays,Non-Recreation Overnight Stays
CHIS,2021,6,TOS,7702,Total Stays,total_stays,Total Overnight Stays
CHIS,2021,6,TNRVH,23828,Non-Rec Hrs,non_rec_hrs,Total Non-Recreation Visitor Hours
CHIS,2025,2,TRV,13046,Rec Visits,rec_visits,Total Recreation Visits
CHIS,2025,2,TNRV,342,Non-Rec Visits,non_rec_visits,Total Non-Recreation Visits
CHIS,2025,2,TV,13388,Total Visits,total_visits,Total Visits (Recreation + Non-Recreation)
CHIS,2025,2,TRVH,79826,Rec Hrs,rec_hrs,Total Recreation Visitor Hours
CHIS,2025,2,TH,88034,Total Hrs,total_hrs,Total Hours (Recreation + Non-Recreation)
CHIS,2025,2,CL,0,Conc Lodging,conc_lodging,Concessioner Lodging Overnight Stays
CHIS,2025,2,CCG,0,Conc Camp,conc_camp,Concessioner Campground Overnight Stays
CHIS,2025,2,TT,0,Tent Camp,tent_camp,Tent Camping Overnight Stays (NPS)
CHIS,2025,2,TRVS,0,Rec Stays,rec_stays,Total Recreation Overnight Stays
CHIS,2025,2,TTRV,0,Tent & RV,tent_rv,Total Tent and RV Camping Stays
CHIS,2025,2,BC,1216,Backcountry,backcountry,Backcountry Camping Overnight Stays
CHIS,2025,2,MISC,504,Misc Stays,misc_stays,Miscellaneous Overnight Stays
CHIS,2025,2,NROS,342,Non-Rec Stays,non_rec_stays,Non-Recreation Overnight Stays
CHIS,2025,2,TOS,2062,Total Stays,total_stays,Total Overnight Stays
CHIS,2025,2,TNRVH,8208,Non-Rec Hrs,non_rec_hrs,Total Non-Recreation Visitor Hours
CHIS,2025,6,TRV,26297,Rec Visits,rec_visits,Total Recreation Visits
CHIS,2025,6,TNRV,564,Non-Rec Visits,non_rec_visits,Total Non-Recreation Visits
CHIS,2025,6,TV,26861,Total Visits,total_visits,Total Visits (Recreation + Non-Recreation)
CHIS,2025,6,TRVH,275960,Rec Hrs,rec_hrs,Total Recreation Visitor Hours
CHIS,2025,6,TH,289496,Total Hrs,total_hrs,Total Hours (Recreation + Non-Recreation)
CHIS,2025,6,CL,0,Conc Lodging,conc_lodging,Concessioner Lodging Overnight Stays
CHIS,2025,6,CCG,0,Conc Camp,conc_camp,Concessioner Campground Overnight Stays
CHIS,2025,6,TT,0,Tent Camp,tent_camp,Tent Camping Overnight Stays (NPS)
CHIS,2025,6,TRVS,0,Rec Stays,rec_stays,Total Recreation Overnight Stays
CHIS,2025,6,TTRV,0,Tent & RV,tent_rv,Total Tent and RV Camping Stays
CHIS,2025,6,BC,6872,Backcountry,backcountry,Backcountry Camping Overnight Stays
CHIS,2025,6,MISC,4334,Misc Stays,misc_stays,Miscellaneous Overnight Stays
CHIS,2025,6,NROS,564,Non-Rec Stays,non_rec_stays,Non-Recreation Overnight Stays
CHIS,2025,6,TOS,11770,Total Stays,total_stays,Total Overnight Stays
CHIS,2025,6,TNRVH,13536,Non-Rec Hrs,non_rec_hrs,Total Non-Recreation Visitor Hours
CHIS,2025,9,TRV,18619,Rec Visits,rec_visits,Total Recreation Visits
CHIS,2025,9,TNRV,936,Non-Rec Visits,non_rec_visits,Total Non-Recreation Visits
CHIS,2025,9,TV,19555,Total Visits,total_visits,Total Visits (Recreation + Non-Recreation)
CHIS,2025,9,TRVH,224434,Rec Hrs,rec_hrs,Total Recreation Visitor Hours
CHIS,2025,9,TH,246898,Total Hrs,total_hrs,Total Hours (Recreation + Non-Recreation)
CHIS,2025,9,CL,0,Conc Lodging,conc_lodging,Concessioner Lodging Overnight Stays
CHIS,2025,9,CCG,0,Conc Camp,conc_camp,Concessioner Campground Overnight Stays
CHIS,2025,9,TT,0,Tent Camp,tent_camp,Tent Camping Overnight Stays (NPS)
CHIS,2025,9,TRVS,0,Rec Stays,rec_stays,Total Recreation Overnight Stays
CHIS,2025,9,TTRV,0,Tent & RV,tent_rv,Total Tent and RV Camping Stays
CHIS,2025,9,BC,6576,Backcountry,backcountry,Backcountry Camping Overnight Stays
CHIS,2025,9,MISC,8708,Misc Stays,misc_stays,Miscellaneous Overnight Stays
CHIS,2025,9,NROS,936,Non-Rec Stays,non_rec_stays,Non-Recreation Overnight Stays
CHIS,2025,9,TOS,16220,Total Stays,total_stays,Total Overnight Stays
CHIS,2025,9,TNRVH,22464,Non-Rec Hrs,non_rec_hrs,Total Non-Recreation Visitor Hours
CHIS,2025,12,TRV,14081,Rec Visits,rec_visits,Total Recreation Visits
CHIS,2025,12,TNRV,674,Non-Rec Visits,non_rec_visits,Total Non-Recreation Visits
CHIS,2025,12,TV,14755,Total Visits,total_visits,Total Visits (Recreation + Non-Recreation)
CHIS,2025,12,TRVH,109598,Rec Hrs,rec_hrs,Total Recreation Visitor Hours
CHIS,2025,12,TH,125774,Total Hrs,total_hrs,Total Hours (Recreation + Non-Recreation)
CHIS,2025,12,CL,0,Conc Lodging,conc_lodging,Concessioner Lodging Overnight Stays
CHIS,2025,12,CCG,0,Conc Camp,conc_camp,Concessioner Campground Overnight Stays
CHIS,2025,12,TT,0,Tent Camp,tent_camp,Tent Camping Overnight Stays (NPS)
CHIS,2025,12,TRVS,0,Rec Stays,rec_stays,Total Recreation Overnight Stays
CHIS,2025,12,TTRV,0,Tent & RV,tent_rv,Total Tent and RV Camping Stays
CHIS,2025,12,BC,1240,Backcountry,backcountry,Backcountry Camping Overnight Stays
CHIS,2025,12,MISC,864,Misc Stays,misc_stays,Miscellaneous Overnight Stays
CHIS,2025,12,NROS,674,Non-Rec Stays,non_rec_stays,Non-Recreation Overnight Stays
CHIS,2025,12,TOS,2778,Total Stays,total_stays,Total Overnight Stays
CHIS,2025,12,TNRVH,16176,Non-Rec Hrs,non_rec_hrs,Total Non-Recreation Visitor Hours
CHIS,2025,3,TRV,20331,Rec Visits,rec_visits,Total Recreation Visits
CHIS,2025,3,TNRV,450,Non-Rec Visits,non_rec_visits,Total Non-Recreation Visits
CHIS,2025,3,TV,20781,Total Visits,total_visits,Total Visits (Recreation + Non-Recreation)
CHIS,2025,3,TRVH,163037,Rec Hrs,rec_hrs,Total Recreation Visitor Hours
CHIS,2025,3,TH,173837,Total Hrs,total_hrs,Total Hours (Recreation + Non-Recreation)
CHIS,2025,3,CL,0,Conc Lodging,conc_lodging,Concessioner Lodging Overnight Stays
CHIS,2025,3,CCG,0,Conc Camp,conc_camp,Concessioner Campground Overnight Stays
CHIS,2025,3,TT,0,Tent Camp,tent_camp,Tent Camping Overnight Stays (NPS)
CHIS,2025,3,TRVS,0,Rec Stays,rec_stays,Total Recreation Overnight Stays
CHIS,2025,3,TTRV,0,Tent & RV,tent_rv,Total Tent and RV Camping Stays
CHIS,2025,3,BC,4857,Backcountry,backcountry,Backcountry Camping Overnight Stays
CHIS,2025,3,MISC,1588,Misc Stays,misc_stays,Miscellaneous Overnight Stays
CHIS,2025,3,NROS,450,Non-Rec Stays,non_rec_stays,Non-Recreation Overnight Stays
CHIS,2025,3,TOS,6896,Total Stays,total_stays,Total Overnight Stays
CHIS,2025,3,TNRVH,10800,Non-Rec Hrs,non_rec_hrs,Total Non-Recreation Visitor Hours
CHIS,2025,5,TRV,23187,Rec Visits,rec_visits,Total Recreation Visits
CHIS,2025,5,TNRV,576,Non-Rec Visits,non_rec_visits,Total Non-Recreation Visits
CHIS,2025,5,TV,23763,Total Visits,total_visits,Total Visits (Recreation + Non-Recreation)
CHIS,2025,5,TRVH,251260,Rec Hrs,rec_hrs,Total Recreation Visitor Hours
CHIS,2025,5,TH,265084,Total Hrs,total_hrs,Total Hours (Recreation + Non-Recreation)
CHIS,2025,5,CL,0,Conc Lodging,conc_lodging,Concessioner Lodging Overnight Stays
CHIS,2025,5,CCG,0,Conc Camp,conc_camp,Concessioner Campground Overnight Stays
CHIS,2025,5,TT,0,Tent Camp,tent_camp,Tent Camping Overnight Stays (NPS)
CHIS,2025,5,TRVS,0,Rec Stays,rec_stays,Total Recreation Overnight Stays
CHIS,2025,5,TTRV,0,Tent & RV,tent_rv,Total Tent and RV Camping Stays
CHIS,2025,5,BC,5714,Backcountry,backcountry,Backcountry Camping Overnight Stays
CHIS,2025,5,MISC,3528,Misc Stays,misc_stays,Miscellaneous Overnight Stays
CHIS,2025,5,NROS,576,Non-Rec Stays,non_rec_stays,Non-Recreation Overnight Stays
CHIS,2025,5,TOS,9818,Total Stays,total_stays,Total Overnight Stays
CHIS,2025,5,TNRVH,13824,Non-Rec Hrs,non_rec_hrs,Total Non-Recreation Visitor Hours
CHIS,2025,8,TRV,23860,Rec Visits,rec_visits,Total Recreation Visits
CHIS,2025,8,TNRV,778,Non-Rec Visits,non_rec_visits,Total Non-Recreation Visits
CHIS,2025,8,TV,24638,Total Visits,total_visits,Total Visits (Recreation + Non-Recreation)
CHIS,2025,8,TRVH,267293,Rec Hrs,rec_hrs,Total Recreation Visitor Hours
CHIS,2025,8,TH,285965,Total Hrs,total_hrs,Total Hours (Recreation + Non-Recreation)
CHIS,2025,8,CL,0,Conc Lodging,conc_lodging,Concessioner Lodging Overnight Stays
CHIS,2025,8,CCG,0,Conc Camp,conc_camp,Concessioner Campground Overnight Stays
CHIS,2025,8,TT,0,Tent Camp,tent_camp,Tent Camping Overnight Stays (NPS)
CHIS,2025,8,TRVS,0,Rec Stays,rec_stays,Total Recreation Overnight Stays
CHIS,2025,8,TTRV,0,Tent & RV,tent_rv,Total Tent and RV Camping Stays
CHIS,2025,8,BC,6538,Backcountry,backcountry,Backcountry Camping Overnight Stays
CHIS,2025,8,MISC,8374,Misc Stays,misc_stays,Miscellaneous Overnight Stays
CHIS,2025,8,NROS,778,Non-Rec Stays,non_rec_stays,Non-Recreation Overnight Stays
CHIS,2025,8,TOS,15690,Total Stays,total_stays,Total Overnight Stays
CHIS,2025,8,TNRVH,18672,Non-Rec Hrs,non_rec_hrs,Total Non-Recreation Visitor Hours
CHIS,2025,11,TRV,12471,Rec Visits,rec_visits,Total Recreation Visits
CHIS,2025,11,TNRV,874,Non-Rec Visits,non_rec_visits,Total Non-Recreation Visits
CHIS,2025,11,TV,13345,Total Visits,total_visits,Total Visits (Recreation + Non-Recreation)
CHIS,2025,11,TRVH,152591,Rec Hrs,rec_hrs,Total Recreation Visitor Hours
CHIS,2025,11,TH,173567,Total Hrs,total_hrs,Total Hours (Recreation + Non-Recreation)
CHIS,2025,11,CL,0,Conc Lodging,conc_lodging,Concessioner Lodging Overnight Stays
CHIS,2025,11,CCG,0,Conc Camp,conc_camp,Concessioner Campground Overnight Stays
CHIS,2025,11,TT,0,Tent Camp,tent_camp,Tent Camping Overnight Stays (NPS)
CHIS,2025,11,TRVS,0,Rec Stays,rec_stays,Total Recreation Overnight Stays
CHIS,2025,11,TTRV,0,Tent & RV,tent_rv,Total Tent and RV Camping Stays
CHIS,2025,11,BC,3337,Backcountry,backcountry,Backcountry Camping Overnight Stays
CHIS,2025,11,MISC,2344,Misc Stays,misc_stays,Miscellaneous Overnight Stays
CHIS,2025,11,NROS,874,Non-Rec Stays,non_rec_stays,Non-Recreation Overnight Stays
CHIS,2025,11,TOS,6556,Total Stays,total_stays,Total Overnight Stays
CHIS,2025,11,TNRVH,20976,Non-Rec Hrs,non_rec_hrs,Total Non-Recreation Visitor Hours
CHIS,2025,1,TRV,13762,Rec Visits,rec_visits,Total Recreation Visits
CHIS,2025,1,TNRV,688,Non-Rec Visits,non_rec_visits,Total Non-Recreation Visits
CHIS,2025,1,TV,14450,Total Visits,total_visits,Total Visits (Recreation + Non-Recreation)
CHIS,2025,1,TRVH,97893,Rec Hrs,rec_hrs,Total Recreation Visitor Hours
CHIS,2025,1,TH,114405,Total Hrs,total_hrs,Total Hours (Recreation + Non-Recreation)
CHIS,2025,1,CL,0,Conc Lodging,conc_lodging,Concessioner Lodging Overnight Stays
CHIS,2025,1,CCG,0,Conc Camp,conc_camp,Concessioner Campground Overnight Stays
CHIS,2025,1,TT,0,Tent Camp,tent_camp,Tent Camping Overnight Stays (NPS)
CHIS,2025,1,TRVS,0,Rec Stays,rec_stays,Total Recreation Overnight Stays
CHIS,2025,1,TTRV,0,Tent & RV,tent_rv,Total Tent and RV Camping Stays
CHIS,2025,1,BC,1274,Backcountry,backcountry,Backcountry Camping Overnight Stays
CHIS,2025,1,MISC,896,Misc Stays,misc_stays,Miscellaneous Overnight Stays
CHIS,2025,1,NROS,688,Non-Rec Stays,non_rec_stays,Non-Recreation Overnight Stays
CHIS,2025,1,TOS,2858,Total Stays,total_stays,Total Overnight Stays
CHIS,2025,1,TNRVH,16512,Non-Rec Hrs,non_rec_hrs,Total Non-Recreation Visitor Hours
CHIS,2025,4,TRV,21918,Rec Visits,rec_visits,Total Recreation Visits
CHIS,2025,4,TNRV,458,Non-Rec Visits,non_rec_visits,Total Non-Recreation Visits
CHIS,2025,4,TV,22376,Total Visits,total_visits,Total Visits (Recreation + Non-Recreation)
CHIS,2025,4,TRVH,235675,Rec Hrs,rec_hrs,Total Recreation Visitor Hours
CHIS,2025,4,TH,246667,Total Hrs,total_hrs,Total Hours (Recreation + Non-Recreation)
CHIS,2025,4,CL,0,Conc Lodging,conc_lodging,Concessioner Lodging Overnight Stays
CHIS,2025,4,CCG,0,Conc Camp,conc_camp,Concessioner Campground Overnight Stays
CHIS,2025,4,TT,0,Tent Camp,tent_camp,Tent Camping Overnight Stays (NPS)
CHIS,2025,4,TRVS,0,Rec Stays,rec_stays,Total Recreation Overnight Stays
CHIS,2025,4,TTRV,0,Tent & RV,tent_rv,Total Tent and RV Camping Stays
CHIS,2025,4,BC,5846,Backcountry,backcountry,Backcountry Camping Overnight Stays
CHIS,2025,4,MISC,2142,Misc Stays,misc_stays,Miscellaneous Overnight Stays
CHIS,2025,4,NROS,458,Non-Rec Stays,non_rec_stays,Non-Recreation Overnight Stays
CHIS,2025,4,TOS,8446,Total Stays,total_stays,Total Overnight Stays
CHIS,2025,4,TNRVH,10992,Non-Rec Hrs,non_rec_hrs,Total Non-Recreation Visitor Hours
CHIS,2025,7,TRV,28890,Rec Visits,rec_visits,Total Recreation Visits
CHIS,2025,7,TNRV,730,Non-Rec Visits,non_rec_visits,Total Non-Recreation Visits
CHIS,2025,7,TV,29620,Total Visits,total_visits,Total Visits (Recreation + Non-Recreation)
CHIS,2025,7,TRVH,304370,Rec Hrs,rec_hrs,Total Recreation Visitor Hours
CHIS,2025,7,TH,321890,Total Hrs,total_hrs,Total Hours (Recreation + Non-Recreation)
CHIS,2025,7,CL,0,Conc Lodging,conc_lodging,Concessioner Lodging Overnight Stays
CHIS,2025,7,CCG,0,Conc Camp,conc_camp,Concessioner Campground Overnight Stays
CHIS,2025,7,TT,0,Tent Camp,tent_camp,Tent Camping Overnight Stays (NPS)
CHIS,2025,7,TRVS,0,Rec Stays,rec_stays,Total Recreation Overnight Stays
CHIS,2025,7,TTRV,0,Tent & RV,tent_rv,Total Tent and RV Camping Stays
CHIS,2025,7,BC,7085,Backcountry,backcountry,Backcountry Camping Overnight Stays
CHIS,2025,7,MISC,6566,Misc Stays,misc_stays,Miscellaneous Overnight Stays
CHIS,2025,7,NROS,730,Non-Rec Stays,non_rec_stays,Non-Recreation Overnight Stays
CHIS,2025,7,TOS,14380,Total Stays,total_stays,Total Overnight Stays
CHIS,2025,7,TNRVH,17520,Non-Rec Hrs,non_rec_hrs,Total Non-Recreation Visitor Hours
CHIS,2025,10,TRV,10724,Rec Visits,rec_visits,Total Recreation Visits
CHIS,2025,10,TNRV,782,Non-Rec Visits,non_rec_visits,Total Non-Recreation Visits
CHIS,2025,10,TV,11506,Total Visits,total_visits,Total Visits (Recreation + Non-Recreation)
CHIS,2025,10,TRVH,205319,Rec Hrs,rec_hrs,Total Recreation Visitor Hours
CHIS,2025,10,TH,224087,Total Hrs,total_hrs,Total Hours (Recreation + Non-Recreation)
CHIS,2025,10,CL,0,Conc Lodging,conc_lodging,Concessioner Lodging Overnight Stays
CHIS,2025,10,CCG,0,Conc Camp,conc_camp,Concessioner Campground Overnight Stays
CHIS,2025,10,TT,0,Tent Camp,tent_camp,Tent Camping Overnight Stays (NPS)
CHIS,2025,10,TRVS,0,Rec Stays,rec_stays,Total Recreation Overnight Stays
CHIS,2025,10,TTRV,0,Tent & RV,tent_rv,Total Tent and RV Camping Stays
CHIS,2025,10,BC,5574,Backcountry,backcountry,Backcountry Camping Overnight Stays
CHIS,2025,10,MISC,5229,Misc Stays,misc_stays,Miscellaneous Overnight Stays
CHIS,2025,10,NROS,782,Non-Rec Stays,non_rec_stays,Non-Recreation Overnight Stays
CHIS,2025,10,TOS,11585,Total Stays,total_stays,Total Overnight Stays
CHIS,2025,10,TNRVH,18768,Non-Rec Hrs,non_rec_hrs,Total Non-Recreation Visitor Hours
